Date/Time,BLOCK POLY_30_RESIDENTIAL_1 STOREY 0:Zone Mean Radiant Temperature [C](Hourly),BLOCK POLY_30_RESIDENTIAL_1 STOREY 0:Zone Mean Air Dewpoint Temperature [C](Hourly),BLOCK POLY_30_RESIDENTIAL_1 STOREY 0:Zone Air Temperature [C](Hourly),BLOCK POLY_30_RESIDENTIAL_1 STOREY 0:Zone Air Humidity Ratio [](Hourly),PEOPLE_SCHEDULE:Schedule Value [](Hourly),LIGHTS_SCHEDULE:Schedule Value [](Hourly),ELECTRICEQUIPMENT_SCHEDULE:Schedule Value [](Hourly),HEATING_SP_SCHEDULE:Schedule Value [](Hourly),HEATING_PERIOD_SCHEDULE:Schedule Value [](Hourly),COOLING_PERIOD_SCHEDULE:Schedule Value [](Hourly),HVAC_CONDITIONEDTIME_SCHEDULE:Schedule Value [](Hourly),AIREX_CONDITIONEDTIME_SCHEDULE:Schedule Value [](Hourly),CN_GENERICACTIVITYLEVEL:Schedule Value [](Hourly),COOLING_SP_SCHEDULE:Schedule Value [](Hourly),HVACTEMPLATE-ALWAYS 4:Schedule Value [](Hourly),HVACTEMPLATE-ALWAYS 0:Schedule Value [](Hourly) 
 05/01  01:00:00,21.483323666265488,6.209359510991643,22.01222231564359,0.005906316357124826,0.98,0.0,0.23,18.0,0.0,0.0,1.0,0.5,80.0,27.0,4.0,0.0 
 05/01  02:00:00,19.955806910470642,6.025076656363877,20.697307123780664,0.005830805760363631,0.98,0.0,0.23,18.0,0.0,0.0,1.0,0.5,80.0,27.0,4.0,0.0 
 05/01  03:00:00,18.796633293306268,5.588858289061275,19.403857344798073,0.005655568837256901,0.98,0.0,0.23,18.0,0.0,0.0,1.0,0.5,80.0,27.0,4.0,0.0 
 05/01  04:00:00,17.871240438316946,5.208163238963543,18.33732673671082,0.0055064925582322104,0.98,0.0,0.23,18.0,0.0,0.0,1.0,0.5,80.0,27.0,4.0,0.0 
 05/01  05:00:00,17.10222207861088,4.726978052629945,17.144652985061153,0.005323109217176304,0.98,0.0,0.23,18.0,0.0,0.0,1.0,0.5,80.0,27.0,4.0,0.0 
 05/01  06:00:00,16.525212539883512,4.680620542440671,16.637035849088534,0.005305685705856149,0.98,0.0,0.23,18.0,0.0,0.0,1.0,0.5,80.0,27.0,4.0,0.0 
 05/01  07:00:00,19.594081699398654,4.71501292350281,18.457587304870618,0.005318567819223263,0.85,0.0,0.23,18.0,0.0,0.0,1.0,0.5,80.0,27.0,4.0,0.0 
 05/01  08:00:00,24.047608715033153,4.842653220839289,22.355401053314832,0.005366568082757949,0.65,0.0,0.23,12.0,0.0,0.0,0.0,0.5,80.0,37.0,4.0,0.0 
 05/01  09:00:00,27.532543844636816,4.980969156003497,26.5777154970142,0.0054190241044240585,0.1,0.0,0.23,18.0,0.0,0.0,0.0,0.0,120.0,37.0,4.0,0.0 
 05/01  10:00:00,31.292541358333995,5.1818200283033615,29.87522889364582,0.005496036946096522,0.1,0.0,0.23,18.0,0.0,0.0,0.0,0.0,120.0,37.0,4.0,0.0 
 05/01  11:00:00,33.61745830859096,5.433848324473683,32.713747424329114,0.005594069831024189,0.1,0.0,0.23,18.0,0.0,0.0,0.0,0.0,120.0,37.0,4.0,0.0 
 05/01  12:00:00,34.686711305249155,5.716830782372412,34.01227079915871,0.005706009776465861,0.1,0.0,0.23,18.0,0.0,0.0,0.0,0.0,120.0,37.0,4.0,0.0 
 05/01  13:00:00,35.4652026889636,6.005678018784197,35.464472593117726,0.005822331051502731,0.1,0.0,0.69,18.0,0.0,0.0,0.0,0.0,120.0,37.0,4.0,0.0 
 05/01  14:00:00,37.69360778560579,6.321898802860179,37.226679385002704,0.0059523456405859735,0.1,0.0,0.69,18.0,0.0,0.0,0.0,0.0,120.0,37.0,4.0,0.0 
 05/01  15:00:00,39.24917336520698,6.62161547158913,38.42620367463513,0.006077913101838939,0.1,0.0,0.23,18.0,0.0,0.0,0.0,0.0,120.0,37.0,4.0,0.0 
 05/01  16:00:00,40.36803207583183,7.269509436492747,39.88707714063304,0.006357393952308903,0.1,0.0,0.23,18.0,0.0,0.0,0.0,0.0,120.0,37.0,4.0,0.0 
 05/01  17:00:00,39.639163241226974,7.9534186439507275,39.63652404655051,0.006664814539902531,0.1,0.0,0.23,18.0,0.0,0.0,0.0,0.0,120.0,37.0,4.0,0.0 
 05/01  18:00:00,37.114232506562225,8.865815395213339,35.88922401696305,0.007095479249396139,0.75,0.0,0.23,18.0,0.0,0.0,0.0,0.5,120.0,37.0,4.0,0.0 
 05/01  19:00:00,32.613927671575375,8.710579210636505,32.1924980512323,0.007020728761170502,0.75,0.0,0.23,18.0,0.0,0.0,0.0,0.5,80.0,37.0,4.0,0.0 
 05/01  20:00:00,27.971760629130767,8.162270779640334,28.533793616287653,0.00676172037445331,0.9,1.0,0.23,18.0,0.0,0.0,1.0,0.5,80.0,27.0,4.0,0.0 
 05/01  21:00:00,24.96710313149718,7.771571079049786,27.0589861344944,0.00658251463656472,0.9,1.0,1.0,18.0,0.0,0.0,1.0,0.5,80.0,27.0,4.0,0.0 
 05/01  22:00:00,24.401891424610115,7.646199907441253,26.486855324814675,0.006526168554744325,0.9,1,1,18,0,0,1,0.5,80,27,4,0
 05/01  23:00:00,23.83667971772305,7.52082873583272,25.91472451513495,0.00646982247292393,0.9,1.0,1.0,18.0,0.0,0.0,1.0,0.5,80.0,27.0,4.0,0.0 
 05/01  24:00:00,22.759350548963702,6.98608094559469,24.844447669300997,0.006234954280066995,0.95,1.0,1.0,18.0,0.0,0.0,1.0,0.5,80.0,27.0,4.0,0.0 
 05/02  01:00:00,21.145708967915468,6.563722555885074,21.404979847370157,0.006055074947544858,0.98,0.0,0.23,18.0,0.0,0.0,1.0,0.5,80.0,27.0,4.0,0.0 
 05/02  02:00:00,19.561638787617348,6.329800672632187,19.963978638996387,0.005957471218904646,0.98,0.0,0.23,18.0,0.0,0.0,1.0,0.5,80.0,27.0,4.0,0.0 
 05/02  03:00:00,18.53924441329495,6.2009076437170165,18.992093999565284,0.005904373179772418,0.98,0.0,0.23,18.0,0.0,0.0,1.0,0.5,80.0,27.0,4.0,0.0 
 05/02  04:00:00,17.796052999145772,6.106202488132245,18.253907899604947,0.005865616733118431,0.98,0.0,0.23,18.0,0.0,0.0,1.0,0.5,80.0,27.0,4.0,0.0 
 05/02  05:00:00,17.24728161983246,6.1956971865972275,17.434890699013565,0.005902523932325995,0.98,0.0,0.23,18.0,0.0,0.0,1.0,0.5,80.0,27.0,4.0,0.0 
 05/02  06:00:00,16.889074737924062,6.259964570258299,17.117629177033976,0.005929146312679125,0.98,0.0,0.23,18.0,0.0,0.0,1.0,0.5,80.0,27.0,4.0,0.0 
 05/02  07:00:00,20.478444248011776,6.209936426857722,19.26611222419043,0.0059086827318591386,0.85,0.0,0.23,18.0,0.0,0.0,1.0,0.5,80.0,27.0,4.0,0.0 
 05/02  08:00:00,24.66824477001276,6.081071946830652,23.176312863569027,0.0058559843752454275,0.65,0.0,0.23,12.0,0.0,0.0,0.0,0.5,80.0,37.0,4.0,0.0 
 05/02  09:00:00,28.690281090541166,6.227129852584057,27.5922086708483,0.005916065649752153,0.1,0.0,0.23,18.0,0.0,0.0,0.0,0.0,120.0,37.0,4.0,0.0 
 05/02  10:00:00,31.948012983032832,6.430141290484462,30.760804727223878,0.006000503566607783,0.1,0.0,0.23,18.0,0.0,0.0,0.0,0.0,120.0,37.0,4.0,0.0 
 05/02  11:00:00,34.510434170546105,6.67557567846505,33.549565863649846,0.00610398623130848,0.1,0.0,0.23,18.0,0.0,0.0,0.0,0.0,120.0,37.0,4.0,0.0 
 05/02  12:00:00,36.04141340508259,6.957428860968349,35.278797669580534,0.006224700538928922,0.1,0.0,0.23,18.0,0.0,0.0,0.0,0.0,120.0,37.0,4.0,0.0 
 05/02  13:00:00,36.80978856041486,7.251378245982341,36.85622342870011,0.006352923563890548,0.1,0.0,0.69,18.0,0.0,0.0,0.0,0.0,120.0,37.0,4.0,0.0 
 05/02  14:00:00,39.264385799225764,7.544916566697794,38.71690053941131,0.006482799893649718,0.1,0.0,0.69,18.0,0.0,0.0,0.0,0.0,120.0,37.0,4.0,0.0 
 05/02  15:00:00,41.00720663405818,7.8305632422358205,40.29474912945129,0.006611514095396336,0.1,0.0,0.23,18.0,0.0,0.0,0.0,0.0,120.0,37.0,4.0,0.0 
 05/02  16:00:00,42.194389259726705,8.107724519341357,41.63415939158486,0.0067385071937634735,0.1,0.0,0.23,18.0,0.0,0.0,0.0,0.0,120.0,37.0,4.0,0.0 
 05/02  17:00:00,41.59460413699606,8.556993429150586,41.625476386570156,0.006949210413649427,0.1,0.0,0.23,18.0,0.0,0.0,0.0,0.0,120.0,37.0,4.0,0.0 
 05/02  18:00:00,38.86673624841308,9.333335933881642,37.98558165823687,0.007327567598355675,0.75,0.0,0.23,18.0,0.0,0.0,0.0,0.5,120.0,37.0,4.0,0.0 
 05/02  19:00:00,34.421493176318606,9.209419443843458,34.21156411520116,0.007265556191592031,0.75,0.0,0.23,18.0,0.0,0.0,0.0,0.5,80.0,37.0,4.0,0.0 
 05/02  20:00:00,29.887248383070563,8.718652443777636,30.881405702527367,0.007025666523029584,0.9,1.0,0.23,18.0,0.0,0.0,1.0,0.5,80.0,27.0,4.0,0.0 
 05/02  21:00:00,26.706419822782856,8.226321107996199,29.335862903321264,0.006792089380332155,0.9,1.0,1.0,18.0,0.0,0.0,1.0,0.5,80.0,27.0,4.0,0.0 
 05/02  22:00:00,26.2260726409459065,7.992017627228306,28.510690570439202,0.0066841928633589315,0.9,1,1,18,0,0,1,0.5,80,27,4,0
 05/02  23:00:00,25.745725459108957,7.757714146460413,27.68551823755714,0.006576296346385708,0.9,1.0,1.0,18.0,0.0,0.0,1.0,0.5,80.0,27.0,4.0,0.0 
 05/02  24:00:00,24.45373756980888,7.602658448824892,26.895907299210435,0.006506016139348271,0.95,1.0,1.0,18.0,0.0,0.0,1.0,0.5,80.0,27.0,4.0,0.0 
 05/03  01:00:00,23.14113200998698,7.54890173592552,23.4968613992368,0.006481336085235111,0.98,0.0,0.23,18.0,0.0,0.0,1.0,0.5,80.0,27.0,4.0,0.0 
 05/03  02:00:00,21.376507808605783,7.1829443671281386,21.85861763742978,0.006319108521467439,0.98,0.0,0.23,18.0,0.0,0.0,1.0,0.5,80.0,27.0,4.0,0.0 
 05/03  03:00:00,20.06345498484172,6.601383936606678,20.66577192664512,0.006069006794311362,0.98,0.0,0.23,18.0,0.0,0.0,1.0,0.5,80.0,27.0,4.0,0.0 
 05/03  04:00:00,19.142506379531863,6.088026809513825,19.731633222061397,0.005855544667843632,0.98,0.0,0.23,18.0,0.0,0.0,1.0,0.5,80.0,27.0,4.0,0.0 
 05/03  05:00:00,18.406305279541773,5.53326538156533,19.016763954796797,0.005632458209925013,0.98,0.0,0.23,18.0,0.0,0.0,1.0,0.5,80.0,27.0,4.0,0.0 
 05/03  06:00:00,17.992067338337048,4.985604761323143,18.64551111079321,0.00541976228182775,0.98,0.0,0.23,18.0,0.0,0.0,1.0,0.5,80.0,27.0,4.0,0.0 
 05/03  07:00:00,23.257977666231817,4.482929682125866,21.5334889278366,0.005230817916089456,0.85,0.0,0.23,18.0,0.0,0.0,1.0,0.5,80.0,27.0,4.0,0.0 
 05/03  08:00:00,26.830583977942855,4.182746606510105,25.524738456605924,0.005120763044015595,0.65,0.0,0.23,12.0,0.0,0.0,0.0,0.5,80.0,37.0,4.0,0.0 
 05/03  09:00:00,31.181273005675692,4.3875683403419306,30.039487138910804,0.005195227760699378,0.1,0.0,0.23,18.0,0.0,0.0,0.0,0.0,120.0,37.0,4.0,0.0 
 05/03  10:00:00,35.22597051264999,4.662917958468773,33.86926456836553,0.005297000551917855,0.1,0.0,0.23,18.0,0.0,0.0,0.0,0.0,120.0,37.0,4.0,0.0 
 05/03  11:00:00,37.80353562056316,5.0064819129707105,36.86584961116641,0.0054264807226606015,0.1,0.0,0.23,18.0,0.0,0.0,0.0,0.0,120.0,37.0,4.0,0.0 
 05/03  12:00:00,38.70015549039893,5.338085373544446,38.099615584794876,0.005554117088459365,0.1,0.0,0.23,18.0,0.0,0.0,0.0,0.0,120.0,37.0,4.0,0.0 
 05/03  13:00:00,38.966172273325746,5.649766391835072,39.16643049347587,0.005676562496622177,0.1,0.0,0.69,18.0,0.0,0.0,0.0,0.0,120.0,37.0,4.0,0.0 
 05/03  14:00:00,41.50042155742408,5.97160312759924,41.025285214970296,0.005807388591089431,0.1,0.0,0.69,18.0,0.0,0.0,0.0,0.0,120.0,37.0,4.0,0.0 
 05/03  15:00:00,43.19657164684695,6.28279118756766,42.44639354204219,0.005936564954035177,0.1,0.0,0.23,18.0,0.0,0.0,0.0,0.0,120.0,37.0,4.0,0.0 
 05/03  16:00:00,43.95391880552682,6.575592716177063,43.469388818917395,0.006060499562121348,0.1,0.0,0.23,18.0,0.0,0.0,0.0,0.0,120.0,37.0,4.0,0.0 
 05/03  17:00:00,43.64325688861195,7.060455105114863,43.51246250461225,0.006269749183810646,0.1,0.0,0.23,18.0,0.0,0.0,0.0,0.0,120.0,37.0,4.0,0.0 
 05/03  18:00:00,41.59896802039329,8.544223488597765,40.35441534875922,0.006946683653524028,0.75,0.0,0.23,18.0,0.0,0.0,0.0,0.5,120.0,37.0,4.0,0.0 
 05/03  19:00:00,36.485188396783926,9.083152820888861,36.15781488305299,0.00720965705912701,0.75,0.0,0.23,18.0,0.0,0.0,0.0,0.5,80.0,37.0,4.0,0.0 
 05/03  20:00:00,31.613308620013495,9.237666539903467,32.198581160663416,0.007288121519574011,0.9,1.0,0.23,18.0,0.0,0.0,1.0,0.5,80.0,27.0,4.0,0.0 
 05/03  21:00:00,28.45637957743514,9.473063813292482,30.329793063120178,0.007408122968380195,0.9,1.0,1.0,18.0,0.0,0.0,1.0,0.5,80.0,27.0,4.0,0.0 
 05/03  22:00:00,27.655374469310374,9.5506959594542995,29.683401792648237,0.0074485546391594605,0.9,1,1,18,0,0,1,0.5,80,27,4,0
 05/03  23:00:00,26.854369361185608,9.628328105616117,29.037010522176296,0.007488986309938726,0.9,1.0,1.0,18.0,0.0,0.0,1.0,0.5,80.0,27.0,4.0,0.0 
 05/03  24:00:00,26.045421203079723,9.851391847012765,27.989719953245775,0.007605508243776827,0.95,1.0,1.0,18.0,0.0,0.0,1.0,0.5,80.0,27.0,4.0,0.0 
 05/04  01:00:00,24.553595295543047,9.74012508830534,24.904944470934193,0.007552572750805892,0.98,0.0,0.23,18.0,0.0,0.0,1.0,0.5,80.0,27.0,4.0,0.0 
 05/04  02:00:00,22.836824148537,9.40325147951525,23.501837761348124,0.007383596104060202,0.98,0.0,0.23,18.0,0.0,0.0,1.0,0.5,80.0,27.0,4.0,0.0 
 05/04  03:00:00,21.85111250293668,9.087410184746519,22.430049588919868,0.007228298772083688,0.98,0.0,0.23,18.0,0.0,0.0,1.0,0.5,80.0,27.0,4.0,0.0 
 05/04  04:00:00,21.081389464634498,8.786464492001132,21.668867953945455,0.007083207019001477,0.98,0.0,0.23,18.0,0.0,0.0,1.0,0.5,80.0,27.0,4.0,0.0 
 05/04  05:00:00,20.49185671888117,8.294882964026202,20.911796757440307,0.0068504470909132266,0.98,0.0,0.23,18.0,0.0,0.0,1.0,0.5,80.0,27.0,4.0,0.0 
 05/04  06:00:00,20.695947860078498,9.342713343715682,21.59491921713633,0.007361648528100643,0.98,0.0,0.23,18.0,0.0,0.0,1.0,0.5,80.0,27.0,4.0,0.0 
 05/04  07:00:00,24.186504789732997,10.139621931540606,23.84693902312958,0.007773490460725678,0.85,0.0,0.23,18.0,0.0,0.0,1.0,0.5,80.0,27.0,4.0,0.0 
 05/04  08:00:00,26.55967588451332,11.31867705780069,26.100695386656934,0.008419686598461346,0.65,0.0,0.23,12.0,0.0,0.0,0.0,0.5,80.0,37.0,4.0,0.0 
 05/04  09:00:00,30.590548019150763,11.395318821152886,29.282465961832283,0.008465542547224444,0.1,0.0,0.23,18.0,0.0,0.0,0.0,0.0,120.0,37.0,4.0,0.0 
 05/04  10:00:00,34.423239646390115,11.562075465471382,32.91532315074011,0.008563339190748646,0.1,0.0,0.23,18.0,0.0,0.0,0.0,0.0,120.0,37.0,4.0,0.0 
 05/04  11:00:00,35.12862573502482,11.769133104413092,34.53669160126639,0.008685485491537883,0.1,0.0,0.23,18.0,0.0,0.0,0.0,0.0,120.0,37.0,4.0,0.0 
 05/04  12:00:00,35.20277121455483,11.958714772162272,34.971069399850165,0.008798995566986212,0.1,0.0,0.23,18.0,0.0,0.0,0.0,0.0,120.0,37.0,4.0,0.0 
 05/04  13:00:00,33.93053545310235,12.287850173582733,35.008290758943794,0.008997206458495168,0.1,0.0,0.69,18.0,0.0,0.0,0.0,0.0,120.0,37.0,4.0,0.0 
 05/04  14:00:00,33.38724493005365,12.444936221464292,34.47576140474342,0.009091247625897648,0.1,0.0,0.69,18.0,0.0,0.0,0.0,0.0,120.0,37.0,4.0,0.0 
 05/04  15:00:00,33.55497230327981,12.628615306614591,33.8397870173398,0.009202448860861218,0.1,0.0,0.23,18.0,0.0,0.0,0.0,0.0,120.0,37.0,4.0,0.0 
 05/04  16:00:00,31.576389588858326,12.80824661619011,32.60104739870876,0.009312357984540727,0.1,0.0,0.23,18.0,0.0,0.0,0.0,0.0,120.0,37.0,4.0,0.0 
 05/04  17:00:00,29.57311526396121,12.972789885605696,30.84444859732171,0.0094140003918374,0.1,0.0,0.23,18.0,0.0,0.0,0.0,0.0,120.0,37.0,4.0,0.0 
 05/04  18:00:00,27.56920876246281,14.227760473468008,28.693547461296546,0.010227954825701572,0.75,0.0,0.23,18.0,0.0,0.0,0.0,0.5,120.0,37.0,4.0,0.0 
 05/04  19:00:00,26.049678707554406,15.442567120280534,27.152533985917813,0.011075360327054013,0.75,0.0,0.23,18.0,0.0,0.0,0.0,0.5,80.0,37.0,4.0,0.0 
 05/04  20:00:00,25.165901175999572,16.7256002591414,26.862276528730053,0.012038331741524877,0.9,1.0,0.23,18.0,0.0,0.0,1.0,0.5,80.0,27.0,4.0,0.0 
 05/04  21:00:00,25.20503246589819,17.272004615192785,27.09214666722024,0.012470192887164413,0.9,1.0,1.0,18.0,0.0,0.0,1.0,0.5,80.0,27.0,4.0,0.0 
 05/04  22:00:00,25.157039388612725,17.3307514803251285,27.089583969920063,0.0125171223860878235,0.9,1,1,18,0,0,1,0.5,80,27,4,0
 05/04  23:00:00,25.10904631132726,17.389498345457472,27.087021272619886,0.012564051885011234,0.9,1.0,1.0,18.0,0.0,0.0,1.0,0.5,80.0,27.0,4.0,0.0 
 05/04  24:00:00,24.94457329291389,17.420050797011523,27.03005726588309,0.012587804099463551,0.95,1.0,1.0,18.0,0.0,0.0,1.0,0.5,80.0,27.0,4.0,0.0 
 05/05  01:00:00,24.514920454153696,17.321398497440732,25.070441001852497,0.012505932255693157,0.98,0.0,0.23,18.0,0.0,0.0,1.0,0.5,80.0,27.0,4.0,0.0 
 05/05  02:00:00,22.91808240040351,16.863694041619585,23.66710800641993,0.012140514651526352,0.98,0.0,0.23,18.0,0.0,0.0,1.0,0.5,80.0,27.0,4.0,0.0 
 05/05  03:00:00,22.02785734536331,16.647011567664098,22.88555437394676,0.01197038303268274,0.98,0.0,0.23,18.0,0.0,0.0,1.0,0.5,80.0,27.0,4.0,0.0 
 05/05  04:00:00,21.43241433204014,16.332979765203547,22.218435439140425,0.011728050298181395,0.98,0.0,0.23,18.0,0.0,0.0,1.0,0.5,80.0,27.0,4.0,0.0 
 05/05  05:00:00,20.9428840205593,16.028340949297572,21.753135545319058,0.011497163042925685,0.98,0.0,0.23,18.0,0.0,0.0,1.0,0.5,80.0,27.0,4.0,0.0 
 05/05  06:00:00,20.688198657131988,15.431658809565967,21.287400381840754,0.011057596460742239,0.98,0.0,0.23,18.0,0.0,0.0,1.0,0.5,80.0,27.0,4.0,0.0 
 05/05  07:00:00,22.371035022432523,15.366938891627534,22.409219388442423,0.011009930000186496,0.85,0.0,0.23,18.0,0.0,0.0,1.0,0.5,80.0,27.0,4.0,0.0 
 05/05  08:00:00,24.131199490882665,15.478029266565603,23.653627208556863,0.011089226334562191,0.65,0.0,0.23,12.0,0.0,0.0,0.0,0.5,80.0,37.0,4.0,0.0 
 05/05  09:00:00,25.01622631699831,15.648418278674036,25.00873820687517,0.011212328837873507,0.1,0.0,0.23,18.0,0.0,0.0,0.0,0.0,120.0,37.0,4.0,0.0 
 05/05  10:00:00,29.540952397896174,15.729110205386862,27.496417166794913,0.011270572123013594,0.1,0.0,0.23,18.0,0.0,0.0,0.0,0.0,120.0,37.0,4.0,0.0 
 05/05  11:00:00,31.143040853729183,15.845328164588613,30.484958964551378,0.011355338742951264,0.1,0.0,0.23,18.0,0.0,0.0,0.0,0.0,120.0,37.0,4.0,0.0 
 05/05  12:00:00,33.21755338799684,15.979544575495375,31.898399028587704,0.011454086817407557,0.1,0.0,0.23,18.0,0.0,0.0,0.0,0.0,120.0,37.0,4.0,0.0 
 05/05  13:00:00,34.67382585820883,16.127749525316283,34.629706608330046,0.011564117058506997,0.1,0.0,0.69,18.0,0.0,0.0,0.0,0.0,120.0,37.0,4.0,0.0 
 05/05  14:00:00,35.821261987158884,16.297236698098917,35.84340057290618,0.011692549618652475,0.1,0.0,0.69,18.0,0.0,0.0,0.0,0.0,120.0,37.0,4.0,0.0 
 05/05  15:00:00,37.14669127059788,16.45120648646651,36.452784720853614,0.011810366005102768,0.1,0.0,0.23,18.0,0.0,0.0,0.0,0.0,120.0,37.0,4.0,0.0 
 05/05  16:00:00,37.78402220063149,16.613216683259804,37.44836912489707,0.011935466992627014,0.1,0.0,0.23,18.0,0.0,0.0,0.0,0.0,120.0,37.0,4.0,0.0 
 05/05  17:00:00,38.60281106125274,16.76586639328691,38.0973839162325,0.012054450007797765,0.1,0.0,0.23,18.0,0.0,0.0,0.0,0.0,120.0,37.0,4.0,0.0 
 05/05  18:00:00,38.15775396072987,16.4692363689428,36.89875126433609,0.011825269384991904,0.75,0.0,0.23,18.0,0.0,0.0,0.0,0.5,120.0,37.0,4.0,0.0 
 05/05  19:00:00,34.36000907723948,15.98182989680063,34.12429520552246,0.01145695254558832,0.75,0.0,0.23,18.0,0.0,0.0,0.0,0.5,80.0,37.0,4.0,0.0 
 05/05  20:00:00,30.036679293319416,15.01095199269765,31.292977294547782,0.010753495752090125,0.9,1.0,0.23,18.0,0.0,0.0,1.0,0.5,80.0,27.0,4.0,0.0 
 05/05  21:00:00,27.206355520144474,14.639470623143357,30.203633838506462,0.010494956540720803,0.9,1.0,1.0,18.0,0.0,0.0,1.0,0.5,80.0,27.0,4.0,0.0 
 05/05  22:00:00,27.0113038373822985,14.584329489715329,29.529669007764606,0.0104571790620491105,0.9,1,1,18,0,0,1,0.5,80,27,4,0
 05/05  23:00:00,26.816252154620123,14.529188356287301,28.85570417702275,0.010419401583377418,0.9,1.0,1.0,18.0,0.0,0.0,1.0,0.5,80.0,27.0,4.0,0.0 
 05/05  24:00:00,25.76657232543295,14.423275319306642,27.862227389029293,0.010347411851497453,0.95,1.0,1.0,18.0,0.0,0.0,1.0,0.5,80.0,27.0,4.0,0.0 
 05/06  01:00:00,24.51523887850207,14.197433133887257,25.07652993677418,0.010195351245802925,0.95,0.0,0.23,5.0,0.0,0.0,1.0,0.5,80.0,27.0,4.0,0.0 
 05/06  02:00:00,23.01073579840564,14.100017692162819,23.91779089478863,0.010130423519057543,0.95,0.0,0.23,5.0,0.0,0.0,1.0,0.5,80.0,27.0,4.0,0.0 
 05/06  03:00:00,22.14856251109792,13.886707924388974,23.032079954263256,0.00998918249549401,0.95,0.0,0.23,5.0,0.0,0.0,1.0,0.5,80.0,27.0,4.0,0.0 
 05/06  04:00:00,21.57080678302271,13.837769512741273,22.426377249565924,0.009957260987458624,0.95,0.0,0.23,5.0,0.0,0.0,1.0,0.5,80.0,27.0,4.0,0.0 
 05/06  05:00:00,21.128048284896806,13.737338307510754,21.987473935328893,0.009891721949696836,0.95,0.0,0.23,5.0,0.0,0.0,1.0,0.5,80.0,27.0,4.0,0.0 
 05/06  06:00:00,20.951036606397725,13.696017408610588,21.619276248814792,0.009865045413194808,0.95,0.0,0.23,5.0,0.0,0.0,1.0,0.5,80.0,27.0,4.0,0.0 
 05/06  07:00:00,26.67718742327415,13.799496176909187,25.341038636141267,0.00993302887086075,0.95,0.0,0.23,5.0,0.0,0.0,1.0,0.5,80.0,27.0,4.0,0.0 
 05/06  08:00:00,32.24853693838937,13.648312315870369,29.15590772786425,0.00983457993884814,0.95,0.0,0.23,5.0,0.0,0.0,1.0,0.5,80.0,27.0,4.0,0.0 
 05/06  09:00:00,34.16489993336651,13.534664867767763,32.09107675892268,0.009761224158576219,0.95,0.0,0.23,5.0,0.0,0.0,1.0,0.5,80.0,27.0,4.0,0.0 
 05/06  10:00:00,36.84224341903875,12.752293437621004,34.27732983513162,0.009267632480998043,0.6,0.0,0.23,5.0,0.0,0.0,1.0,0.5,80.0,27.0,4.0,0.0 
 05/06  11:00:00,36.10912289014731,12.569250776562509,34.421570755999255,0.009155666119063793,0.6,0.0,0.23,5.0,0.0,0.0,1.0,0.5,80.0,27.0,4.0,0.0 
 05/06  12:00:00,35.932924555596955,12.222319623641894,34.46047057432918,0.008946524295280884,0.6,0.0,0.23,5.0,0.0,0.0,1.0,0.5,80.0,27.0,4.0,0.0 
 05/06  13:00:00,36.025803132212076,12.078230535873303,34.7217288918751,0.008861084489002143,0.6,0.0,0.69,5.0,0.0,0.0,1.0,0.5,80.0,27.0,4.0,0.0 
 05/06  14:00:00,34.93671237505352,12.005635783421328,34.42386893957278,0.008817557037053298,0.6,0.0,0.69,5.0,0.0,0.0,1.0,0.5,80.0,27.0,4.0,0.0 
 05/06  15:00:00,33.08278945679345,11.863964406171148,32.7726468737022,0.008733752927250355,0.6,0.0,0.23,5.0,0.0,0.0,1.0,0.5,80.0,27.0,4.0,0.0 
 05/06  16:00:00,31.218161976216134,11.516122031312571,31.16096377614269,0.008531891371310572,0.6,0.0,0.23,5.0,0.0,0.0,1.0,0.5,80.0,27.0,4.0,0.0 
 05/06  17:00:00,28.746600836765975,11.262151615497912,29.199130433978763,0.008386997636788317,0.6,0.0,0.23,5.0,0.0,0.0,1.0,0.5,80.0,27.0,4.0,0.0 
 05/06  18:00:00,27.301497360068613,10.862289430873597,27.894280991063376,0.008163667582201798,0.6,0.0,0.23,5.0,0.0,0.0,1.0,0.5,80.0,27.0,4.0,0.0 
 05/06  19:00:00,25.899041321061322,10.71186254465746,26.512201097961956,0.008080765892681106,0.9,0.0,0.23,5.0,0.0,0.0,1.0,0.5,80.0,27.0,4.0,0.0 
 05/06  20:00:00,24.893080050038154,11.370565914556277,26.905419934151706,0.008446616982242229,0.9,1.0,0.23,5.0,0.0,0.0,1.0,0.5,80.0,27.0,4.0,0.0 
 05/06  21:00:00,25.11786217997397,12.5596052721398,27.027592312546446,0.009145255042070153,0.9,1.0,1.0,5.0,0.0,0.0,1.0,0.5,80.0,27.0,4.0,0.0 
 05/06  22:00:00,25.0637724342671315,13.1295606889500195,27.01894632289585,0.0095041952152530365,0.9,1,1,5,0,0,1,0.5,80,27,4,0
 05/06  23:00:00,25.009682688560293,13.699516105760239,27.010300333245254,0.00986313538843592,0.9,1.0,1.0,5.0,0.0,0.0,1.0,0.5,80.0,27.0,4.0,0.0 
 05/06  24:00:00,24.766299852905973,14.899676763637988,27.000686443455127,0.010673199487148524,0.9,1.0,1.0,5.0,0.0,0.0,1.0,0.5,80.0,27.0,4.0,0.0 
 05/07  01:00:00,24.362660491484394,16.09338741824877,24.902440736985536,0.011536784148049165,0.95,0.0,0.23,5.0,0.0,0.0,1.0,0.5,80.0,27.0,4.0,0.0 
 05/07  02:00:00,22.810255542613294,16.119909540914225,23.734479159907604,0.011555879646023158,0.95,0.0,0.23,5.0,0.0,0.0,1.0,0.5,80.0,27.0,4.0,0.0 
 05/07  03:00:00,22.005956477660348,16.062055441389273,22.866322832031337,0.011511662177822832,0.95,0.0,0.23,5.0,0.0,0.0,1.0,0.5,80.0,27.0,4.0,0.0 
 05/07  04:00:00,21.441736674450794,15.935372957646628,22.27023123089975,0.011416336638622139,0.95,0.0,0.23,5.0,0.0,0.0,1.0,0.5,80.0,27.0,4.0,0.0 
 05/07  05:00:00,20.986421663152463,15.61839162484598,21.8133654495811,0.011182110807196048,0.95,0.0,0.23,5.0,0.0,0.0,1.0,0.5,80.0,27.0,4.0,0.0 
 05/07  06:00:00,20.97247517896201,15.436093925955934,21.634942547387535,0.01104903778732356,0.95,0.0,0.23,5.0,0.0,0.0,1.0,0.5,80.0,27.0,4.0,0.0 
 05/07  07:00:00,22.786173248319145,15.532728007504707,22.8873615845698,0.011118193537268353,0.95,0.0,0.23,5.0,0.0,0.0,1.0,0.5,80.0,27.0,4.0,0.0 
 05/07  08:00:00,25.55139277215006,14.899050843200364,24.948412154529727,0.010665956640846177,0.95,0.0,0.23,5.0,0.0,0.0,1.0,0.5,80.0,27.0,4.0,0.0 
 05/07  09:00:00,26.30619255042182,14.05045774886844,25.892931128772574,0.010086454193692756,0.95,0.0,0.23,5.0,0.0,0.0,1.0,0.5,80.0,27.0,4.0,0.0 
 05/07  10:00:00,28.523186248179975,13.167487612249614,26.94328945643089,0.009513634953942791,0.6,0.0,0.23,5.0,0.0,0.0,1.0,0.5,80.0,27.0,4.0,0.0 
 05/07  11:00:00,30.53833765233715,11.91555476359459,28.837845257732084,0.00875167275790903,0.6,0.0,0.23,5.0,0.0,0.0,1.0,0.5,80.0,27.0,4.0,0.0 
 05/07  12:00:00,32.20203908836175,10.7019329555984,30.473603259954896,0.008065669563177178,0.6,0.0,0.23,5.0,0.0,0.0,1.0,0.5,80.0,27.0,4.0,0.0 
 05/07  13:00:00,34.5899783427816,9.998200947620516,32.895837518831804,0.007690091100397395,0.6,0.0,0.69,5.0,0.0,0.0,1.0,0.5,80.0,27.0,4.0,0.0 
 05/07  14:00:00,38.385916400749736,9.392034521525414,35.90737181607773,0.007380852899171224,0.6,0.0,0.69,5.0,0.0,0.0,1.0,0.5,80.0,27.0,4.0,0.0 
 05/07  15:00:00,38.56668276507866,9.179988986633827,36.54875486323175,0.0072760192151166735,0.6,0.0,0.23,5.0,0.0,0.0,1.0,0.5,80.0,27.0,4.0,0.0 
 05/07  16:00:00,36.30132404988184,8.735182876505588,35.56257681668386,0.007059245334928977,0.6,0.0,0.23,5.0,0.0,0.0,1.0,0.5,80.0,27.0,4.0,0.0 
 05/07  17:00:00,35.43574740739261,8.469694639172612,34.616386306017574,0.00693304973188993,0.6,0.0,0.23,5.0,0.0,0.0,1.0,0.5,80.0,27.0,4.0,0.0 
 05/07  18:00:00,33.85746285389758,8.448114361354019,33.32803418118252,0.006923841017210795,0.6,0.0,0.23,5.0,0.0,0.0,1.0,0.5,80.0,27.0,4.0,0.0 
 05/07  19:00:00,30.72792187250456,8.670089502679899,31.081069961889156,0.0070311106988161145,0.9,0.0,0.23,5.0,0.0,0.0,1.0,0.5,80.0,27.0,4.0,0.0 
 05/07  20:00:00,27.942651530522067,8.893245134558759,30.087907701912123,0.00714037287612042,0.9,1.0,0.23,5.0,0.0,0.0,1.0,0.5,80.0,27.0,4.0,0.0 
 05/07  21:00:00,27.219752231286993,9.242635369134984,29.687638859544997,0.007313877852406121,0.9,1.0,1.0,5.0,0.0,0.0,1.0,0.5,80.0,27.0,4.0,0.0 
 05/07  22:00:00,27.1003523140228355,9.515571044112951,29.4256304743815985,0.0074528780471001325,0.9,1,1,5,0,0,1,0.5,80,27,4,0
 05/07  23:00:00,26.980952396758678,9.788506719090918,29.1636220892182,0.007591878241794144,0.9,1.0,1.0,5.0,0.0,0.0,1.0,0.5,80.0,27.0,4.0,0.0 
 05/07  24:00:00,26.523573365672974,10.203317444020485,28.715203683298288,0.007809704832934463,0.9,1.0,1.0,5.0,0.0,0.0,1.0,0.5,80.0,27.0,4.0,0.0 
 05/08  01:00:00,25.679494399574995,11.071790460552982,26.412683145034617,0.00828396127046094,0.98,0.0,0.23,18.0,0.0,0.0,1.0,0.5,80.0,27.0,4.0,0.0 
 05/08  02:00:00,24.216047595645236,11.344989878462753,25.383275421266536,0.008438845869213814,0.98,0.0,0.23,18.0,0.0,0.0,1.0,0.5,80.0,27.0,4.0,0.0 
 05/08  03:00:00,23.518528348455398,11.515946962608762,24.577063014969468,0.008537567207991073,0.98,0.0,0.23,18.0,0.0,0.0,1.0,0.5,80.0,27.0,4.0,0.0 
 05/08  04:00:00,22.967695552602148,11.674681664330302,23.856240788252727,0.008630339151062611,0.98,0.0,0.23,18.0,0.0,0.0,1.0,0.5,80.0,27.0,4.0,0.0 
 05/08  05:00:00,22.699103216664113,12.371566785571476,23.673131130981016,0.009043395714020984,0.98,0.0,0.23,18.0,0.0,0.0,1.0,0.5,80.0,27.0,4.0,0.0 
 05/08  06:00:00,22.675113734029118,14.031670044027507,23.56705676076585,0.010097549135087952,0.98,0.0,0.23,18.0,0.0,0.0,1.0,0.5,80.0,27.0,4.0,0.0 
 05/08  07:00:00,23.19256415550648,15.704897997879208,23.807258619841665,0.011270276119475073,0.85,0.0,0.23,18.0,0.0,0.0,1.0,0.5,80.0,27.0,4.0,0.0 
 05/08  08:00:00,25.10782272058168,16.389938261153567,25.11308950774222,0.011785738683807678,0.65,0.0,0.23,12.0,0.0,0.0,0.0,0.5,80.0,37.0,4.0,0.0 
 05/08  09:00:00,27.636012730837038,16.433060896987463,27.053665234629896,0.011820693369552555,0.1,0.0,0.23,18.0,0.0,0.0,0.0,0.0,120.0,37.0,4.0,0.0 
 05/08  10:00:00,29.344934088968365,16.532483813546243,28.4824178127533,0.01189899692615954,0.1,0.0,0.23,18.0,0.0,0.0,0.0,0.0,120.0,37.0,4.0,0.0 
 05/08  11:00:00,30.88685378708965,16.75123418247169,30.604197579435393,0.012070723697937288,0.1,0.0,0.23,18.0,0.0,0.0,0.0,0.0,120.0,37.0,4.0,0.0 
 05/08  12:00:00,32.073236488267035,16.85858385671758,31.4743758170385,0.012156756034124817,0.1,0.0,0.23,18.0,0.0,0.0,0.0,0.0,120.0,37.0,4.0,0.0 
 05/08  13:00:00,32.610097689348244,17.126170268901955,33.22429254561218,0.012370803484151784,0.1,0.0,0.69,18.0,0.0,0.0,0.0,0.0,120.0,37.0,4.0,0.0 
 05/08  14:00:00,34.372747541028026,17.26310075078927,34.72040934978611,0.012476604091172148,0.1,0.0,0.69,18.0,0.0,0.0,0.0,0.0,120.0,37.0,4.0,0.0 
 05/08  15:00:00,33.85194876433286,17.487323563117805,34.50261551265222,0.012654220786780735,0.1,0.0,0.23,18.0,0.0,0.0,0.0,0.0,120.0,37.0,4.0,0.0 
 05/08  16:00:00,32.263790218076714,17.629123959522932,33.19950912452452,0.012766181166805265,0.1,0.0,0.23,18.0,0.0,0.0,0.0,0.0,120.0,37.0,4.0,0.0 
 05/08  17:00:00,31.111382731872535,17.930010775326267,31.85660814770458,0.013011434773498849,0.1,0.0,0.23,18.0,0.0,0.0,0.0,0.0,120.0,37.0,4.0,0.0 
 05/08  18:00:00,29.666644875216978,19.32945191322452,30.354546518478223,0.0142252952949916,0.75,0.0,0.23,18.0,0.0,0.0,0.0,0.5,120.0,37.0,4.0,0.0 
 05/08  19:00:00,27.895084924733606,20.83451121976083,28.698682792738435,0.015644229204746406,0.75,0.0,0.23,18.0,0.0,0.0,0.0,0.5,80.0,37.0,4.0,0.0 
 05/08  20:00:00,26.44120620763263,21.217879267020223,28.48648901091505,0.016021557936797545,0.9,1.0,0.23,18.0,0.0,0.0,1.0,0.5,80.0,27.0,4.0,0.0 
 05/08  21:00:00,26.441851952547974,21.100983044167663,28.518546504107274,0.015898862026381296,0.9,1.0,1.0,18.0,0.0,0.0,1.0,0.5,80.0,27.0,4.0,0.0 
 05/08  22:00:00,26.3308162334780105,20.9742715514502595,28.4323225822333185,0.015770239452458923,0.9,1,1,18,0,0,1,0.5,80,27,4,0
 05/08  23:00:00,26.219780514408047,20.847560058732856,28.346098660359363,0.01564161687853655,0.9,1.0,1.0,18.0,0.0,0.0,1.0,0.5,80.0,27.0,4.0,0.0 
 05/08  24:00:00,25.891596750565647,20.482639970537726,27.97417474233481,0.01528024426652316,0.95,1.0,1.0,18.0,0.0,0.0,1.0,0.5,80.0,27.0,4.0,0.0 
 05/09  01:00:00,24.817262548878396,19.49545323881135,25.43601596091631,0.01434350451013782,0.98,0.0,0.23,18.0,0.0,0.0,1.0,0.5,80.0,27.0,4.0,0.0 
 05/09  02:00:00,23.225640666611195,18.87818312379503,24.180551160730214,0.013785594847425725,0.98,0.0,0.23,18.0,0.0,0.0,1.0,0.5,80.0,27.0,4.0,0.0 
 05/09  03:00:00,22.29978332559854,18.256601585330365,23.191423102600464,0.013243546706783457,0.98,0.0,0.23,18.0,0.0,0.0,1.0,0.5,80.0,27.0,4.0,0.0 
 05/09  04:00:00,21.61648214392128,17.654132475288698,22.473149166800255,0.012736583963198145,0.98,0.0,0.23,18.0,0.0,0.0,1.0,0.5,80.0,27.0,4.0,0.0 
 05/09  05:00:00,21.020652569730398,15.870121683063457,21.70396871657409,0.011343442270138136,0.98,0.0,0.23,18.0,0.0,0.0,1.0,0.5,80.0,27.0,4.0,0.0 
 05/09  06:00:00,20.713855835889056,14.626392027826789,21.503820068514397,0.01045386996434532,0.98,0.0,0.23,18.0,0.0,0.0,1.0,0.5,80.0,27.0,4.0,0.0 
 05/09  07:00:00,24.76282294368866,13.307753381414722,23.997687590761902,0.009579688356179113,0.85,0.0,0.23,18.0,0.0,0.0,1.0,0.5,80.0,27.0,4.0,0.0 
 05/09  08:00:00,29.631322712951704,12.409984888206761,27.85500142614061,0.009021786446838868,0.65,0.0,0.23,12.0,0.0,0.0,0.0,0.5,80.0,37.0,4.0,0.0 
 05/09  09:00:00,33.910490657720395,12.587100596082864,32.784023067248896,0.009125964881419953,0.1,0.0,0.23,18.0,0.0,0.0,0.0,0.0,120.0,37.0,4.0,0.0 
 05/09  10:00:00,37.842795669659274,12.794335048356999,36.52288897765017,0.009249723312460382,0.1,0.0,0.23,18.0,0.0,0.0,0.0,0.0,120.0,37.0,4.0,0.0 
 05/09  11:00:00,40.46202906345431,13.016198943375924,39.56962233086898,0.009384086582046945,0.1,0.0,0.23,18.0,0.0,0.0,0.0,0.0,120.0,37.0,4.0,0.0 
 05/09  12:00:00,41.307523530123994,13.227080923663731,40.8261153155119,0.009513161163630162,0.1,0.0,0.23,18.0,0.0,0.0,0.0,0.0,120.0,37.0,4.0,0.0 
 05/09  13:00:00,41.74606433350613,13.427523094248766,42.00300602269694,0.009637247885950806,0.1,0.0,0.69,18.0,0.0,0.0,0.0,0.0,120.0,37.0,4.0,0.0 
 05/09  14:00:00,44.40415921195719,13.633595965672269,43.855434609632844,0.009769751252184909,0.1,0.0,0.69,18.0,0.0,0.0,0.0,0.0,120.0,37.0,4.0,0.0 
 05/09  15:00:00,46.24097199511188,14.068427466205774,45.74035512487656,0.010054393224143893,0.1,0.0,0.23,18.0,0.0,0.0,0.0,0.0,120.0,37.0,4.0,0.0 
 05/09  16:00:00,46.77961475011717,14.211188562082695,46.35681539784828,0.010149624460406965,0.1,0.0,0.23,18.0,0.0,0.0,0.0,0.0,120.0,37.0,4.0,0.0 
 05/09  17:00:00,46.31532320571624,14.455249436659528,46.17443366012941,0.010314157144847522,0.1,0.0,0.23,18.0,0.0,0.0,0.0,0.0,120.0,37.0,4.0,0.0 
 05/09  18:00:00,43.10586382565751,14.250609656046542,42.54329179323003,0.01017641609643825,0.75,0.0,0.23,18.0,0.0,0.0,0.0,0.5,120.0,37.0,4.0,0.0 
 05/09  19:00:00,38.16953189626307,13.732160051926929,38.27958342046108,0.00983440005513477,0.75,0.0,0.23,18.0,0.0,0.0,0.0,0.5,80.0,37.0,4.0,0.0 
 05/09  20:00:00,33.63107554656847,12.602562499516289,35.1188008541911,0.009124621948686514,0.9,1.0,0.23,18.0,0.0,0.0,1.0,0.5,80.0,27.0,4.0,0.0 
 05/09  21:00:00,30.707048674001832,12.195377171100453,33.55740267672357,0.008880364858816464,0.9,1.0,1.0,18.0,0.0,0.0,1.0,0.5,80.0,27.0,4.0,0.0 
 05/09  22:00:00,30.251324856536042,12.1252811962809885,32.71117925188617,0.008839057006261672,0.9,1,1,18,0,0,1,0.5,80,27,4,0
 05/09  23:00:00,29.795601039070252,12.055185221461524,31.86495582704877,0.00879774915370688,0.9,1.0,1.0,18.0,0.0,0.0,1.0,0.5,80.0,27.0,4.0,0.0 
 05/09  24:00:00,28.420258246471267,11.973031762306569,30.423304120418372,0.008749641186815387,0.95,1.0,1.0,18.0,0.0,0.0,1.0,0.5,80.0,27.0,4.0,0.0 
 05/10  01:00:00,26.327335921559502,12.296423328956154,26.707003110160358,0.008941099858731382,0.98,0.0,0.23,18.0,0.0,0.0,1.0,0.5,80.0,27.0,4.0,0.0 
 05/10  02:00:00,24.495974947150863,12.243618973103619,25.138350620085305,0.0089097319426952,0.98,0.0,0.23,18.0,0.0,0.0,1.0,0.5,80.0,27.0,4.0,0.0 
 05/10  03:00:00,23.311670310998956,12.070645701168063,23.848310051079658,0.008807553822245682,0.98,0.0,0.23,18.0,0.0,0.0,1.0,0.5,80.0,27.0,4.0,0.0 
 05/10  04:00:00,22.36108339658728,11.792842404897813,22.905433536233023,0.008645539471748575,0.98,0.0,0.23,18.0,0.0,0.0,1.0,0.5,80.0,27.0,4.0,0.0 
 05/10  05:00:00,21.699728156460882,11.869078394560622,22.258936431880514,0.00868995475324117,0.98,0.0,0.23,18.0,0.0,0.0,1.0,0.5,80.0,27.0,4.0,0.0 
 05/10  06:00:00,21.44668476216007,11.90433119241919,21.988003632305976,0.008710568836800447,0.98,0.0,0.23,18.0,0.0,0.0,1.0,0.5,80.0,27.0,4.0,0.0 
 05/10  07:00:00,25.686545536882043,12.04215853063027,24.42115442041718,0.008791416332376387,0.85,0.0,0.23,18.0,0.0,0.0,1.0,0.5,80.0,27.0,4.0,0.0 
 05/10  08:00:00,29.717719906044312,12.24802280424716,28.20304812283931,0.008913337131116889,0.65,0.0,0.23,12.0,0.0,0.0,0.0,0.5,80.0,37.0,4.0,0.0 
 05/10  09:00:00,33.64627921980211,12.390935801122888,32.57705257866969,0.008998829274083941,0.1,0.0,0.23,18.0,0.0,0.0,0.0,0.0,120.0,37.0,4.0,0.0 
 05/10  10:00:00,37.94924527254825,12.591378710644411,36.331124497667616,0.00912002883053304,0.1,0.0,0.23,18.0,0.0,0.0,0.0,0.0,120.0,37.0,4.0,0.0 
 05/10  11:00:00,40.06110320061593,12.81075414052041,39.19930409604703,0.009254333837211267,0.1,0.0,0.23,18.0,0.0,0.0,0.0,0.0,120.0,37.0,4.0,0.0 
 05/10  12:00:00,40.92193446409161,13.014748700104684,40.31761774802007,0.00938082289040923,0.1,0.0,0.23,18.0,0.0,0.0,0.0,0.0,120.0,37.0,4.0,0.0 
 05/10  13:00:00,41.35657576487382,13.212897053677422,41.502643660084814,0.009505078719840562,0.1,0.0,0.69,18.0,0.0,0.0,0.0,0.0,120.0,37.0,4.0,0.0 
 05/10  14:00:00,43.89297046436033,13.419133192052824,43.1517038671474,0.00963577283911981,0.1,0.0,0.69,18.0,0.0,0.0,0.0,0.0,120.0,37.0,4.0,0.0 
 05/10  15:00:00,45.48591112927306,13.859038676577484,44.96100315400324,0.00992005409181004,0.1,0.0,0.23,18.0,0.0,0.0,0.0,0.0,120.0,37.0,4.0,0.0 
 05/10  16:00:00,45.821982281057714,14.003605798664541,45.38050682459614,0.01001503840635502,0.1,0.0,0.23,18.0,0.0,0.0,0.0,0.0,120.0,37.0,4.0,0.0 
 05/10  17:00:00,44.707800441633196,14.429455434896166,44.701929254301575,0.010299789661646793,0.1,0.0,0.23,18.0,0.0,0.0,0.0,0.0,120.0,37.0,4.0,0.0 
 05/10  18:00:00,41.982252325016475,14.798539575293,41.180961698569845,0.010552419749254327,0.75,0.0,0.23,18.0,0.0,0.0,0.0,0.5,120.0,37.0,4.0,0.0 
 05/10  19:00:00,37.742029603933716,14.720028033845635,37.512650589173845,0.010498091556560476,0.75,0.0,0.23,18.0,0.0,0.0,0.0,0.5,80.0,37.0,4.0,0.0 
 05/10  20:00:00,33.2043876908166,14.126048913780059,34.14481699144152,0.010095802506055592,0.9,1.0,0.23,18.0,0.0,0.0,1.0,0.5,80.0,27.0,4.0,0.0 
 05/10  21:00:00,30.097198498338454,13.876708014620675,32.4535700288056,0.009931032132967128,0.9,1.0,1.0,18.0,0.0,0.0,1.0,0.5,80.0,27.0,4.0,0.0 
 05/10  22:00:00,29.467867507885565,13.7106290186286415,31.613882350657359,0.0098231726630066635,0.9,1,1,18,0,0,1,0.5,80,27,4,0
 05/10  23:00:00,28.838536517432676,13.544550022636608,30.774194672509118,0.009715313193046199,0.9,1.0,1.0,18.0,0.0,0.0,1.0,0.5,80.0,27.0,4.0,0.0 
 05/10  24:00:00,27.456660054832508,12.984759147660903,29.292344344545697,0.00936131126501928,0.95,1.0,1.0,18.0,0.0,0.0,1.0,0.5,80.0,27.0,4.0,0.0 
 05/11  01:00:00,25.42900794011002,12.647486358220656,25.64426096170363,0.00915352025383708,0.98,0.0,0.23,18.0,0.0,0.0,1.0,0.5,80.0,27.0,4.0,0.0 
 05/11  02:00:00,23.852208792891535,12.538357156364473,24.28057885005124,0.009087144792888503,0.98,0.0,0.23,18.0,0.0,0.0,1.0,0.5,80.0,27.0,4.0,0.0 
 05/11  03:00:00,22.817068254464495,12.415764651942844,23.276368169119177,0.009013106764454597,0.98,0.0,0.23,18.0,0.0,0.0,1.0,0.5,80.0,27.0,4.0,0.0 
 05/11  04:00:00,21.999415373188842,12.171631814450771,22.50602634704976,0.008867362100030725,0.98,0.0,0.23,18.0,0.0,0.0,1.0,0.5,80.0,27.0,4.0,0.0 
 05/11  05:00:00,21.349902806157935,11.74047942399789,21.71540149208719,0.008615182787491809,0.98,0.0,0.23,18.0,0.0,0.0,1.0,0.5,80.0,27.0,4.0,0.0 
 05/11  06:00:00,21.129947806359905,11.404125677303043,21.43588972084442,0.00842291246205065,0.98,0.0,0.23,18.0,0.0,0.0,1.0,0.5,80.0,27.0,4.0,0.0 
 05/11  07:00:00,25.509055907206257,11.216714583222759,23.876360570409847,0.008317420416444605,0.85,0.0,0.23,18.0,0.0,0.0,1.0,0.5,80.0,27.0,4.0,0.0 
 05/11  08:00:00,29.272320455845165,11.288318150976655,27.91396921966001,0.008357469060290007,0.65,0.0,0.23,12.0,0.0,0.0,0.0,0.5,80.0,37.0,4.0,0.0 
 05/11  09:00:00,33.3308108760303,11.440680335096193,32.18788957329556,0.008443357021692813,0.1,0.0,0.23,18.0,0.0,0.0,0.0,0.0,120.0,37.0,4.0,0.0 
 05/11  10:00:00,37.27621809195175,11.647578309746343,35.770974339099,0.008561282347334708,0.1,0.0,0.23,18.0,0.0,0.0,0.0,0.0,120.0,37.0,4.0,0.0 
 05/11  11:00:00,39.63101183847659,11.879797471750381,38.70373497953791,0.008695405245419185,0.1,0.0,0.23,18.0,0.0,0.0,0.0,0.0,120.0,37.0,4.0,0.0 
 05/11  12:00:00,40.58501752558457,12.099511882813902,39.971825390899156,0.008824029958962806,0.1,0.0,0.23,18.0,0.0,0.0,0.0,0.0,120.0,37.0,4.0,0.0 
 05/11  13:00:00,41.180254614868524,12.314066273728614,41.282788915234306,0.008951272966290015,0.1,0.0,0.69,18.0,0.0,0.0,0.0,0.0,120.0,37.0,4.0,0.0 
 05/11  14:00:00,43.944270045400074,12.53216288982162,43.2296383760637,0.009083212896083498,0.1,0.0,0.69,18.0,0.0,0.0,0.0,0.0,120.0,37.0,4.0,0.0 
 05/11  15:00:00,45.52924718374041,12.745019697391154,44.78819969207096,0.009213775509106544,0.1,0.0,0.23,18.0,0.0,0.0,0.0,0.0,120.0,37.0,4.0,0.0 
 05/11  16:00:00,46.636407287370375,12.952500309650455,46.024230488999315,0.009342589202740543,0.1,0.0,0.23,18.0,0.0,0.0,0.0,0.0,120.0,37.0,4.0,0.0 
 05/11  17:00:00,45.722176119999475,13.291889076826749,45.77359140359301,0.009556234923998153,0.1,0.0,0.23,18.0,0.0,0.0,0.0,0.0,120.0,37.0,4.0,0.0 
 05/11  18:00:00,43.26344316688024,13.67165637247094,42.30821615687618,0.009800381079382225,0.75,0.0,0.23,18.0,0.0,0.0,0.0,0.5,120.0,37.0,4.0,0.0 
 05/11  19:00:00,38.86059817802601,13.685297245572883,38.630278405547074,0.009810209435143831,0.75,0.0,0.23,18.0,0.0,0.0,0.0,0.5,80.0,37.0,4.0,0.0 
 05/11  20:00:00,33.87740878022364,12.851023493264293,34.896066117153325,0.009283252956759696,0.9,1.0,0.23,18.0,0.0,0.0,1.0,0.5,80.0,27.0,4.0,0.0 
 05/11  21:00:00,30.51182327131653,12.614479305393864,33.04836750558202,0.009139123864239979,0.9,1.0,1.0,18.0,0.0,0.0,1.0,0.5,80.0,27.0,4.0,0.0 
 05/11  22:00:00,29.893782909290092,12.5317524683598265,32.180832979094862,0.0090894823487112165,0.9,1,1,18,0,0,1,0.5,80,27,4,0
 05/11  23:00:00,29.275742547263654,12.449025631325789,31.313298452607704,0.009039840833182454,0.9,1.0,1.0,18.0,0.0,0.0,1.0,0.5,80.0,27.0,4.0,0.0 
 05/11  24:00:00,27.945786127343517,12.24448309386021,30.073093516866557,0.008918133364844216,0.95,1.0,1.0,18.0,0.0,0.0,1.0,0.5,80.0,27.0,4.0,0.0 
 05/12  01:00:00,26.129383702752428,11.885447220359177,26.559691295692748,0.008708317842169912,0.98,0.0,0.23,18.0,0.0,0.0,1.0,0.5,80.0,27.0,4.0,0.0 
 05/12  02:00:00,24.517790348095488,11.838926772247937,25.238850253716443,0.008682028295369463,0.98,0.0,0.23,18.0,0.0,0.0,1.0,0.5,80.0,27.0,4.0,0.0 
 05/12  03:00:00,23.520685502151846,11.579317686288503,24.177140025908713,0.008533070525842647,0.98,0.0,0.23,18.0,0.0,0.0,1.0,0.5,80.0,27.0,4.0,0.0 
 05/12  04:00:00,22.715752920799385,11.270266515744865,23.42395661837668,0.00835858215472218,0.98,0.0,0.23,18.0,0.0,0.0,1.0,0.5,80.0,27.0,4.0,0.0 
 05/12  05:00:00,22.087902267127006,10.671781561098935,22.659458490105663,0.0080291270522569,0.98,0.0,0.23,18.0,0.0,0.0,1.0,0.5,80.0,27.0,4.0,0.0 
 05/12  06:00:00,21.836113563177992,10.648223461335641,22.482269582823925,0.008017093288210058,0.98,0.0,0.23,18.0,0.0,0.0,1.0,0.5,80.0,27.0,4.0,0.0 
 05/12  07:00:00,24.570769031537576,10.606894824036898,24.2120337695709,0.007995474960371639,0.85,0.0,0.23,18.0,0.0,0.0,1.0,0.5,80.0,27.0,4.0,0.0 
 05/12  08:00:00,26.52251034476669,10.602032431646236,25.85675840640237,0.007993653224636741,0.65,0.0,0.23,12.0,0.0,0.0,0.0,0.5,80.0,37.0,4.0,0.0 
 05/12  09:00:00,29.296266193537775,10.729656909217523,28.577940032250584,0.008063548120876647,0.1,0.0,0.23,18.0,0.0,0.0,0.0,0.0,120.0,37.0,4.0,0.0 
 05/12  10:00:00,33.64797673094712,10.889686855296093,31.470695737451425,0.00815177793441057,0.1,0.0,0.23,18.0,0.0,0.0,0.0,0.0,120.0,37.0,4.0,0.0 
 05/12  11:00:00,35.8322815032671,11.093968976138674,35.02117296206105,0.008265456356763002,0.1,0.0,0.23,18.0,0.0,0.0,0.0,0.0,120.0,37.0,4.0,0.0 
 05/12  12:00:00,38.37639819807719,11.329486976638071,37.09011527994455,0.00839824783977087,0.1,0.0,0.23,18.0,0.0,0.0,0.0,0.0,120.0,37.0,4.0,0.0 
 05/12  13:00:00,39.44831329985482,11.559834038393253,39.41615159416426,0.008529903942481234,0.1,0.0,0.69,18.0,0.0,0.0,0.0,0.0,120.0,37.0,4.0,0.0 
 05/12  14:00:00,40.81980910276548,11.785688512562105,40.713050252804656,0.008659232428625686,0.1,0.0,0.69,18.0,0.0,0.0,0.0,0.0,120.0,37.0,4.0,0.0 
 05/12  15:00:00,44.30772335942798,12.012573132846775,42.54849071439649,0.008791005200164343,0.1,0.0,0.23,18.0,0.0,0.0,0.0,0.0,120.0,37.0,4.0,0.0 
 05/12  16:00:00,45.64753018126603,12.241523379167104,45.11088807360736,0.008925709380213734,0.1,0.0,0.23,18.0,0.0,0.0,0.0,0.0,120.0,37.0,4.0,0.0 
 05/12  17:00:00,45.51026271514625,12.423579885593778,45.10293388152952,0.009034060983620855,0.1,0.0,0.23,18.0,0.0,0.0,0.0,0.0,120.0,37.0,4.0,0.0 
 05/12  18:00:00,43.69573151749296,13.417687161357525,42.58287898352135,0.00965009762760745,0.75,0.0,0.23,18.0,0.0,0.0,0.0,0.5,120.0,37.0,4.0,0.0 
 05/12  19:00:00,39.63370750808952,13.809738283724522,39.33778990513262,0.009902768709946295,0.75,0.0,0.23,18.0,0.0,0.0,0.0,0.5,80.0,37.0,4.0,0.0 
 05/12  20:00:00,34.455917961222234,13.877191984457777,35.5687378525246,0.009946169721732682,0.9,1.0,0.23,18.0,0.0,0.0,1.0,0.5,80.0,27.0,4.0,0.0 
 05/12  21:00:00,30.960852201461183,14.238161888506845,33.7265906387305,0.01018479492060989,0.9,1.0,1.0,18.0,0.0,0.0,1.0,0.5,80.0,27.0,4.0,0.0 
 05/12  22:00:00,30.4172136059859285,14.395244616192353,32.850773212043457,0.0102907085801843065,0.9,1,1,18,0,0,1,0.5,80,27,4,0
 05/12  23:00:00,29.873575010510674,14.552327343877861,31.974955785356414,0.010396622239758723,0.9,1.0,1.0,18.0,0.0,0.0,1.0,0.5,80.0,27.0,4.0,0.0 
 05/12  24:00:00,28.59676919804871,14.865468371579027,30.87877354482251,0.010611568449560922,0.95,1.0,1.0,18.0,0.0,0.0,1.0,0.5,80.0,27.0,4.0,0.0 
 05/13  01:00:00,26.883102866738188,15.11883885382247,27.426267898583742,0.010787334144956398,0.95,0.0,0.23,5.0,0.0,0.0,1.0,0.5,80.0,27.0,4.0,0.0 
 05/13  02:00:00,25.27262313663671,15.120312593366641,26.047477492001065,0.010787503624503234,0.95,0.0,0.23,5.0,0.0,0.0,1.0,0.5,80.0,27.0,4.0,0.0 
 05/13  03:00:00,24.279773246040314,15.021425222145856,25.062991229412532,0.010716906058236672,0.95,0.0,0.23,5.0,0.0,0.0,1.0,0.5,80.0,27.0,4.0,0.0 
 05/13  04:00:00,23.506121310416937,14.78830192092758,24.344594933539803,0.010553524676905365,0.95,0.0,0.23,5.0,0.0,0.0,1.0,0.5,80.0,27.0,4.0,0.0 
 05/13  05:00:00,22.973489657863556,14.318733402199198,23.589823319647234,0.010231942319995403,0.95,0.0,0.23,5.0,0.0,0.0,1.0,0.5,80.0,27.0,4.0,0.0 
 05/13  06:00:00,22.829468093537415,13.863200809052547,23.373328095275397,0.009928478300532137,0.95,0.0,0.23,5.0,0.0,0.0,1.0,0.5,80.0,27.0,4.0,0.0 
 05/13  07:00:00,27.9488772991162,13.943128114809923,26.53330065136925,0.009980086344049942,0.95,0.0,0.23,5.0,0.0,0.0,1.0,0.5,80.0,27.0,4.0,0.0 
 05/13  08:00:00,32.497985810828006,14.004457566953457,30.278797509572783,0.010019737495895235,0.95,0.0,0.23,5.0,0.0,0.0,1.0,0.5,80.0,27.0,4.0,0.0 
 05/13  09:00:00,35.455083997564934,14.09032841605362,33.22127042885392,0.010075715380782977,0.95,0.0,0.23,5.0,0.0,0.0,1.0,0.5,80.0,27.0,4.0,0.0 
 05/13  10:00:00,37.631582808063335,13.763672213012077,35.41416948228991,0.009860056486595258,0.6,0.0,0.23,5.0,0.0,0.0,1.0,0.5,80.0,27.0,4.0,0.0 
 05/13  11:00:00,39.40265806610384,13.628324697479615,37.25836493140002,0.009771360873238058,0.6,0.0,0.23,5.0,0.0,0.0,1.0,0.5,80.0,27.0,4.0,0.0 
 05/13  12:00:00,40.22032152903722,13.132767957077656,38.33609944422153,0.00945507333039151,0.6,0.0,0.23,5.0,0.0,0.0,1.0,0.5,80.0,27.0,4.0,0.0 
 05/13  13:00:00,40.91904063388464,12.697286519745253,39.60406575033356,0.009184558362638793,0.6,0.0,0.69,5.0,0.0,0.0,1.0,0.5,80.0,27.0,4.0,0.0 
 05/13  14:00:00,43.390045826167636,12.262093968037806,41.355371849778685,0.008922072164973538,0.6,0.0,0.69,5.0,0.0,0.0,1.0,0.5,80.0,27.0,4.0,0.0 
 05/13  15:00:00,45.57183289892312,11.704793054691454,43.10872779454426,0.008595730407383373,0.6,0.0,0.23,5.0,0.0,0.0,1.0,0.5,80.0,27.0,4.0,0.0 
 05/13  16:00:00,46.47136725002689,11.214446676368459,44.183730289228954,0.008317488508965007,0.6,0.0,0.23,5.0,0.0,0.0,1.0,0.5,80.0,27.0,4.0,0.0 
 05/13  17:00:00,45.95170428775238,10.923987544446845,44.35662014658701,0.008156614626057794,0.6,0.0,0.23,5.0,0.0,0.0,1.0,0.5,80.0,27.0,4.0,0.0 
 05/13  18:00:00,43.29565508417011,10.843430756306102,42.40047500942656,0.00811252971659652,0.6,0.0,0.23,5.0,0.0,0.0,1.0,0.5,80.0,27.0,4.0,0.0 
 05/13  19:00:00,39.95599261983,11.002322367230303,39.53539290078497,0.008199933557586508,0.9,0.0,0.23,5.0,0.0,0.0,1.0,0.5,80.0,27.0,4.0,0.0 
 05/13  20:00:00,35.319911803707576,11.238995503966532,36.52271889394306,0.008331647032669741,0.9,1.0,0.23,5.0,0.0,0.0,1.0,0.5,80.0,27.0,4.0,0.0 
 05/13  21:00:00,32.356830717218784,11.687026569990762,35.25019092939946,0.008586106007103501,0.9,1.0,1.0,5.0,0.0,0.0,1.0,0.5,80.0,27.0,4.0,0.0 
 05/13  22:00:00,31.925250132929733,11.8289365795735515,34.3547603651694375,0.0086685091315566215,0.9,1,1,5,0,0,1,0.5,80,27,4,0
 05/13  23:00:00,31.493669548640682,11.970846589156341,33.459329800939415,0.008750912256009742,0.9,1.0,1.0,5.0,0.0,0.0,1.0,0.5,80.0,27.0,4.0,0.0 
 05/13  24:00:00,30.00505564851138,11.839513674258178,32.30391062356324,0.008674429707208779,0.9,1.0,1.0,5.0,0.0,0.0,1.0,0.5,80.0,27.0,4.0,0.0 
 05/14  01:00:00,27.889996312909627,11.535936853430558,28.27988683505894,0.008499898144907345,0.95,0.0,0.23,5.0,0.0,0.0,1.0,0.5,80.0,27.0,4.0,0.0 
 05/14  02:00:00,25.95575607893967,11.592489294078424,26.373197880558312,0.008532374066355788,0.95,0.0,0.23,5.0,0.0,0.0,1.0,0.5,80.0,27.0,4.0,0.0 
 05/14  03:00:00,24.813246995072035,11.483076649108927,25.398650127972815,0.008470056914708007,0.95,0.0,0.23,5.0,0.0,0.0,1.0,0.5,80.0,27.0,4.0,0.0 
 05/14  04:00:00,23.909276479498494,11.460098563776691,24.39458021398343,0.00845708845993727,0.95,0.0,0.23,5.0,0.0,0.0,1.0,0.5,80.0,27.0,4.0,0.0 
 05/14  05:00:00,23.167909041108985,11.460625397256951,23.78784515921897,0.00845747256748197,0.95,0.0,0.23,5.0,0.0,0.0,1.0,0.5,80.0,27.0,4.0,0.0 
 05/14  06:00:00,22.908710696170438,11.176529812030251,23.582659104454557,0.008297639432954716,0.95,0.0,0.23,5.0,0.0,0.0,1.0,0.5,80.0,27.0,4.0,0.0 
 05/14  07:00:00,27.584201701948132,10.949620162710227,26.359368754143617,0.008171943850283666,0.95,0.0,0.23,5.0,0.0,0.0,1.0,0.5,80.0,27.0,4.0,0.0 
 05/14  08:00:00,31.323221926147617,10.962064480456409,29.150052128432815,0.008178879439949502,0.95,0.0,0.23,5.0,0.0,0.0,1.0,0.5,80.0,27.0,4.0,0.0 
 05/14  09:00:00,34.935239141768314,11.047136693665932,32.51655797365381,0.008225952983352576,0.95,0.0,0.23,5.0,0.0,0.0,1.0,0.5,80.0,27.0,4.0,0.0 
 05/14  10:00:00,37.91830295502892,10.634195289927883,35.577734423354286,0.008000175681620626,0.6,0.0,0.23,5.0,0.0,0.0,1.0,0.5,80.0,27.0,4.0,0.0 
 05/14  11:00:00,39.70653737859181,10.458613871169707,37.39532622880554,0.007905993160587793,0.6,0.0,0.23,5.0,0.0,0.0,1.0,0.5,80.0,27.0,4.0,0.0 
 05/14  12:00:00,40.21362560977316,10.483669547226352,38.29909662335043,0.007919474141831213,0.6,0.0,0.23,5.0,0.0,0.0,1.0,0.5,80.0,27.0,4.0,0.0 
 05/14  13:00:00,40.61437818110896,10.435650909254425,39.141828672666726,0.00789388711685829,0.6,0.0,0.69,5.0,0.0,0.0,1.0,0.5,80.0,27.0,4.0,0.0 
 05/14  14:00:00,42.565530927272206,10.38074077235703,40.53424218903848,0.007865180546206458,0.6,0.0,0.69,5.0,0.0,0.0,1.0,0.5,80.0,27.0,4.0,0.0 
 05/14  15:00:00,43.97317578375099,10.21529022784075,41.68399135300578,0.0077782235959829886,0.6,0.0,0.23,5.0,0.0,0.0,1.0,0.5,80.0,27.0,4.0,0.0 
 05/14  16:00:00,44.25582535963431,10.323818937903196,42.08790418218031,0.007836208429077916,0.6,0.0,0.23,5.0,0.0,0.0,1.0,0.5,80.0,27.0,4.0,0.0 
 05/14  17:00:00,43.320595608863584,10.412917772132916,41.86291320179572,0.007884215127685652,0.6,0.0,0.23,5.0,0.0,0.0,1.0,0.5,80.0,27.0,4.0,0.0 
 05/14  18:00:00,41.125252531030974,10.884739147477642,40.04649471532162,0.00813997286394531,0.6,0.0,0.23,5.0,0.0,0.0,1.0,0.5,80.0,27.0,4.0,0.0 
 05/14  19:00:00,37.866384278103865,11.669460705473012,37.297351283059356,0.0085815215962699,0.9,0.0,0.23,5.0,0.0,0.0,1.0,0.5,80.0,27.0,4.0,0.0 
 05/14  20:00:00,33.56080578300791,12.320219550303472,34.50375655724227,0.008963958300614947,0.9,1.0,0.23,5.0,0.0,0.0,1.0,0.5,80.0,27.0,4.0,0.0 
 05/14  21:00:00,30.91815734768579,12.878146729270778,33.473265133546555,0.009304031073919732,0.9,1.0,1.0,5.0,0.0,0.0,1.0,0.5,80.0,27.0,4.0,0.0 
 05/14  22:00:00,30.533338871740674,13.238475468078022,32.8370400644711725,0.0095320976913553275,0.9,1,1,5,0,0,1,0.5,80,27,4,0
 05/14  23:00:00,30.148520395795558,13.598804206885266,32.20081499539579,0.009760164308790923,0.9,1.0,1.0,5.0,0.0,0.0,1.0,0.5,80.0,27.0,4.0,0.0 
 05/14  24:00:00,29.08432433484092,14.611891303912794,31.124581486644775,0.01043485872217663,0.9,1.0,1.0,5.0,0.0,0.0,1.0,0.5,80.0,27.0,4.0,0.0 
 05/15  01:00:00,27.515320951970107,15.465855258849661,28.034430622327175,0.011036888677207063,0.98,0.0,0.23,18.0,0.0,0.0,1.0,0.5,80.0,27.0,4.0,0.0 
 05/15  02:00:00,25.92281283670893,16.02212124589417,26.574223558455948,0.011445360894900832,0.98,0.0,0.23,18.0,0.0,0.0,1.0,0.5,80.0,27.0,4.0,0.0 
 05/15  03:00:00,25.11242209375233,15.993323334477473,25.934533376375313,0.01142474139762686,0.98,0.0,0.23,18.0,0.0,0.0,1.0,0.5,80.0,27.0,4.0,0.0 
 05/15  04:00:00,24.56069292320813,16.143832429211788,25.436184003623154,0.011538070105542354,0.98,0.0,0.23,18.0,0.0,0.0,1.0,0.5,80.0,27.0,4.0,0.0 
 05/15  05:00:00,24.225244194086073,16.767042743191826,24.85840754392582,0.012015122421075369,0.98,0.0,0.23,18.0,0.0,0.0,1.0,0.5,80.0,27.0,4.0,0.0 
 05/15  06:00:00,24.20571190677617,17.791072195826153,24.795389525755656,0.012836939320508677,0.98,0.0,0.23,18.0,0.0,0.0,1.0,0.5,80.0,27.0,4.0,0.0 
 05/15  07:00:00,27.715338125638837,17.852853256571066,26.67366232901839,0.012888951459886827,0.85,0.0,0.23,18.0,0.0,0.0,1.0,0.5,80.0,27.0,4.0,0.0 
 05/15  08:00:00,30.785078803671446,17.962750034443623,29.88028437877133,0.012981355312610774,0.65,0.0,0.23,12.0,0.0,0.0,0.0,0.5,80.0,37.0,4.0,0.0 
 05/15  09:00:00,34.83793715849358,18.078112625192027,33.34718866304291,0.013078945897284788,0.1,0.0,0.23,18.0,0.0,0.0,0.0,0.0,120.0,37.0,4.0,0.0 
 05/15  10:00:00,38.36426872276111,18.230245099144145,37.05570332359445,0.013208312025281697,0.1,0.0,0.23,18.0,0.0,0.0,0.0,0.0,120.0,37.0,4.0,0.0 
 05/15  11:00:00,41.13203724354733,18.388789648766274,39.96438512748416,0.013344175706646798,0.1,0.0,0.23,18.0,0.0,0.0,0.0,0.0,120.0,37.0,4.0,0.0 
 05/15  12:00:00,42.29196941679055,18.541354622842015,41.6636716129223,0.013476276829853674,0.1,0.0,0.23,18.0,0.0,0.0,0.0,0.0,120.0,37.0,4.0,0.0 
 05/15  13:00:00,43.18954854737643,18.691647090814563,43.310655320555945,0.013607578898276962,0.1,0.0,0.69,18.0,0.0,0.0,0.0,0.0,120.0,37.0,4.0,0.0 
 05/15  14:00:00,45.157855845743875,18.845041222834706,45.01189139867314,0.01374122255899108,0.1,0.0,0.69,18.0,0.0,0.0,0.0,0.0,120.0,37.0,4.0,0.0 
 05/15  15:00:00,45.930236140288834,18.98185121810104,45.35317668717622,0.013861367194479043,0.1,0.0,0.23,18.0,0.0,0.0,0.0,0.0,120.0,37.0,4.0,0.0 
 05/15  16:00:00,44.83299136053607,19.10727718761817,44.87473708811224,0.013972449066163684,0.1,0.0,0.23,18.0,0.0,0.0,0.0,0.0,120.0,37.0,4.0,0.0 
 05/15  17:00:00,42.79214884032045,19.254526204250528,43.470090307836934,0.014103787613810717,0.1,0.0,0.23,18.0,0.0,0.0,0.0,0.0,120.0,37.0,4.0,0.0 
 05/15  18:00:00,39.54665452841451,20.127329239751216,40.083433549954876,0.014907598528260473,0.75,0.0,0.23,18.0,0.0,0.0,0.0,0.5,120.0,37.0,4.0,0.0 
 05/15  19:00:00,35.63196793434284,19.945586910479275,36.84345731926758,0.01473635573688223,0.75,0.0,0.23,18.0,0.0,0.0,0.0,0.5,80.0,37.0,4.0,0.0 
 05/15  20:00:00,32.864744978418045,19.386223572725932,35.24012638306034,0.014221427185689361,0.9,1.0,0.23,18.0,0.0,0.0,1.0,0.5,80.0,27.0,4.0,0.0 
 05/15  21:00:00,31.85450389637546,19.184171208966433,34.32067172812242,0.014039124538129779,0.9,1.0,1.0,18.0,0.0,0.0,1.0,0.5,80.0,27.0,4.0,0.0 
 05/15  22:00:00,31.5266770405646575,19.078183377182885,33.887262769288995,0.0139446399503671625,0.9,1,1,18,0,0,1,0.5,80,27,4,0
 05/15  23:00:00,31.198850184753855,18.972195545399337,33.45385381045557,0.013850155362604546,0.9,1.0,1.0,18.0,0.0,0.0,1.0,0.5,80.0,27.0,4.0,0.0 
 05/15  24:00:00,30.363442587535378,18.569187906174413,32.519303139570866,0.013497564899850182,0.95,1.0,1.0,18.0,0.0,0.0,1.0,0.5,80.0,27.0,4.0,0.0 
 05/16  01:00:00,28.647474866945238,17.825750806072676,29.194837006656194,0.012868336251216157,0.98,0.0,0.23,18.0,0.0,0.0,1.0,0.5,80.0,27.0,4.0,0.0 
 05/16  02:00:00,26.779395165886346,17.444384735537348,27.393817701923382,0.012555854340090706,0.98,0.0,0.23,18.0,0.0,0.0,1.0,0.5,80.0,27.0,4.0,0.0 
 05/16  03:00:00,25.68348487816106,17.289151924116577,26.39857990681377,0.012430529716187126,0.98,0.0,0.23,18.0,0.0,0.0,1.0,0.5,80.0,27.0,4.0,0.0 
 05/16  04:00:00,24.838328670325136,17.085063023181277,25.601533441772208,0.012267426664210962,0.98,0.0,0.23,18.0,0.0,0.0,1.0,0.5,80.0,27.0,4.0,0.0 
 05/16  05:00:00,24.12066956718925,16.43467938661076,24.76838983351738,0.011761193571294492,0.98,0.0,0.23,18.0,0.0,0.0,1.0,0.5,80.0,27.0,4.0,0.0 
 05/16  06:00:00,23.939678373133834,15.93737498863573,24.621356305711096,0.011386779127617888,0.98,0.0,0.23,18.0,0.0,0.0,1.0,0.5,80.0,27.0,4.0,0.0 
 05/16  07:00:00,26.696735638591406,15.638881726804831,26.373593156459044,0.011167200206045808,0.85,0.0,0.23,18.0,0.0,0.0,1.0,0.5,80.0,27.0,4.0,0.0 
 05/16  08:00:00,30.34174144258161,15.380812727165052,28.580918615584135,0.010980289844919148,0.65,0.0,0.23,12.0,0.0,0.0,0.0,0.5,80.0,37.0,4.0,0.0 
 05/16  09:00:00,33.32196124488648,15.5178179053664,32.496386750300864,0.011078650815331487,0.1,0.0,0.23,18.0,0.0,0.0,0.0,0.0,120.0,37.0,4.0,0.0 
 05/16  10:00:00,37.55445448345236,15.68142687353964,35.60816324786587,0.011197212515023425,0.1,0.0,0.23,18.0,0.0,0.0,0.0,0.0,120.0,37.0,4.0,0.0 
 05/16  11:00:00,39.86166670352899,15.866258878219146,39.002753833409436,0.011332681214467009,0.1,0.0,0.23,18.0,0.0,0.0,0.0,0.0,120.0,37.0,4.0,0.0 
 05/16  12:00:00,41.25090747239674,16.043537492367218,40.42752524151263,0.011463867714078967,0.1,0.0,0.23,18.0,0.0,0.0,0.0,0.0,120.0,37.0,4.0,0.0 
 05/16  13:00:00,41.91597950929667,16.217971034605355,42.009743450935105,0.011594271891472285,0.1,0.0,0.69,18.0,0.0,0.0,0.0,0.0,120.0,37.0,4.0,0.0 
 05/16  14:00:00,43.942828150987715,16.59234666816161,43.774859033012376,0.011878948521099084,0.1,0.0,0.69,18.0,0.0,0.0,0.0,0.0,120.0,37.0,4.0,0.0 
 05/16  15:00:00,45.250286311155264,16.731332133234954,44.48709027432036,0.011986037124598089,0.1,0.0,0.23,18.0,0.0,0.0,0.0,0.0,120.0,37.0,4.0,0.0 
 05/16  16:00:00,44.56873785745436,16.952310351085845,44.482816312828305,0.012158180753198057,0.1,0.0,0.23,18.0,0.0,0.0,0.0,0.0,120.0,37.0,4.0,0.0 
 05/16  17:00:00,42.500104481340124,17.114613773712552,42.83101276842535,0.012285894196496576,0.1,0.0,0.23,18.0,0.0,0.0,0.0,0.0,120.0,37.0,4.0,0.0 
 05/16  18:00:00,39.166933171229864,17.241961938331606,39.19847806547121,0.012386836644928473,0.75,0.0,0.23,18.0,0.0,0.0,0.0,0.5,120.0,37.0,4.0,0.0 
 05/16  19:00:00,35.50867318437087,17.01616788531031,35.623047501266676,0.012206998536219203,0.75,0.0,0.23,18.0,0.0,0.0,0.0,0.5,80.0,37.0,4.0,0.0 
 05/16  20:00:00,31.774667420456712,16.272724266656436,34.17860663247199,0.011632414078645556,0.9,1.0,0.23,18.0,0.0,0.0,1.0,0.5,80.0,27.0,4.0,0.0 
 05/16  21:00:00,30.597021079774592,15.950776635164996,32.95150478061737,0.011390960728185344,0.9,1.0,1.0,18.0,0.0,0.0,1.0,0.5,80.0,27.0,4.0,0.0 
 05/16  22:00:00,30.125396045381316,15.7093661613195315,32.336300081556015,0.0112142917459094555,0.9,1,1,18,0,0,1,0.5,80,27,4,0
 05/16  23:00:00,29.65377101098804,15.467955687474067,31.72109538249466,0.011037622763633567,0.9,1.0,1.0,18.0,0.0,0.0,1.0,0.5,80.0,27.0,4.0,0.0 
 05/16  24:00:00,28.6036338510183,15.032447816713653,30.598878394755072,0.010727243411021513,0.95,1.0,1.0,18.0,0.0,0.0,1.0,0.5,80.0,27.0,4.0,0.0 
 05/17  01:00:00,26.601490393982814,14.942643045118833,27.062195993073686,0.010663452013612712,0.98,0.0,0.23,18.0,0.0,0.0,1.0,0.5,80.0,27.0,4.0,0.0 
 05/17  02:00:00,24.925343666815913,15.135070240713121,25.649288282703075,0.010798256021608822,0.98,0.0,0.23,18.0,0.0,0.0,1.0,0.5,80.0,27.0,4.0,0.0 
 05/17  03:00:00,23.8608528991948,15.103166596465208,24.50728169757754,0.010775293772204781,0.98,0.0,0.23,18.0,0.0,0.0,1.0,0.5,80.0,27.0,4.0,0.0 
 05/17  04:00:00,23.043094446158456,15.089632539794225,23.696042469576092,0.01076542471862664,0.98,0.0,0.23,18.0,0.0,0.0,1.0,0.5,80.0,27.0,4.0,0.0 
 05/17  05:00:00,22.409120095386562,15.064653134071882,23.07511534822231,0.010747397606760965,0.98,0.0,0.23,18.0,0.0,0.0,1.0,0.5,80.0,27.0,4.0,0.0 
 05/17  06:00:00,22.335687268847646,15.209447595479876,22.804358189662928,0.010849295440723935,0.98,0.0,0.23,18.0,0.0,0.0,1.0,0.5,80.0,27.0,4.0,0.0 
 05/17  07:00:00,25.946990005091884,15.203639077312678,25.114990040940555,0.01084473584464262,0.85,0.0,0.23,18.0,0.0,0.0,1.0,0.5,80.0,27.0,4.0,0.0 
 05/17  08:00:00,29.94626003785804,15.267807292511351,28.39755415217256,0.01088990772801195,0.65,0.0,0.23,12.0,0.0,0.0,0.0,0.5,80.0,37.0,4.0,0.0 
 05/17  09:00:00,33.69753116997357,15.39358366160713,32.65938204736518,0.010979363941901282,0.1,0.0,0.23,18.0,0.0,0.0,0.0,0.0,120.0,37.0,4.0,0.0 
 05/17  10:00:00,37.55981812431579,15.562467424560484,36.00061063465904,0.01110078085859445,0.1,0.0,0.23,18.0,0.0,0.0,0.0,0.0,120.0,37.0,4.0,0.0 
 05/17  11:00:00,39.655070515676115,15.747187031479472,38.77571897498159,0.011234879176154709,0.1,0.0,0.23,18.0,0.0,0.0,0.0,0.0,120.0,37.0,4.0,0.0 
 05/17  12:00:00,40.74510945183271,15.923519906335654,40.119405604250495,0.011364221712848507,0.1,0.0,0.23,18.0,0.0,0.0,0.0,0.0,120.0,37.0,4.0,0.0 
 05/17  13:00:00,41.38744557168628,16.096162271203127,41.53385317641463,0.011492139534591713,0.1,0.0,0.69,18.0,0.0,0.0,0.0,0.0,120.0,37.0,4.0,0.0 
 05/17  14:00:00,43.76904490950745,16.2729561316045,43.27606820690783,0.011624716890260355,0.1,0.0,0.69,18.0,0.0,0.0,0.0,0.0,120.0,37.0,4.0,0.0 
 05/17  15:00:00,46.04282226248712,16.64721952320172,45.3253344975332,0.01191006484602831,0.1,0.0,0.23,18.0,0.0,0.0,0.0,0.0,120.0,37.0,4.0,0.0 
 05/17  16:00:00,46.81440881400174,16.795606385939564,46.328383047169595,0.012024709014593519,0.1,0.0,0.23,18.0,0.0,0.0,0.0,0.0,120.0,37.0,4.0,0.0 
 05/17  17:00:00,46.12233788040595,17.022211651529975,46.08938037214524,0.01220201604766216,0.1,0.0,0.23,18.0,0.0,0.0,0.0,0.0,120.0,37.0,4.0,0.0 
 05/17  18:00:00,43.560980218635514,16.925771732261044,42.699269169699384,0.012125799623510382,0.75,0.0,0.23,18.0,0.0,0.0,0.0,0.5,120.0,37.0,4.0,0.0 
 05/17  19:00:00,39.237865585205405,16.500765084099513,39.0697421077341,0.01179633228483187,0.75,0.0,0.23,18.0,0.0,0.0,0.0,0.5,80.0,37.0,4.0,0.0 
 05/17  20:00:00,34.35175403149785,15.282997663123687,35.549080079040294,0.010896661582128656,0.9,1.0,0.23,18.0,0.0,0.0,1.0,0.5,80.0,27.0,4.0,0.0 
 05/17  21:00:00,31.108795430576155,14.643626892983894,33.66896461609184,0.010449357736472617,0.9,1.0,1.0,18.0,0.0,0.0,1.0,0.5,80.0,27.0,4.0,0.0 
 05/17  22:00:00,30.4708050025922525,14.300909067723482,32.767017203515752,0.010218727807865132,0.9,1,1,18,0,0,1,0.5,80,27,4,0
 05/17  23:00:00,29.83281457460835,13.95819124246307,31.865069790939664,0.009988097879257647,0.9,1.0,1.0,18.0,0.0,0.0,1.0,0.5,80.0,27.0,4.0,0.0 
 05/17  24:00:00,28.435578424092817,13.68154833542833,30.544447083459062,0.009807087679899008,0.95,1.0,1.0,18.0,0.0,0.0,1.0,0.5,80.0,27.0,4.0,0.0 
 05/18  01:00:00,26.371927079059045,13.27415047134504,26.6999283108351,0.009545678282275864,0.98,0.0,0.23,18.0,0.0,0.0,1.0,0.5,80.0,27.0,4.0,0.0 
 05/18  02:00:00,24.5995614401787,13.163443836491904,25.290735534615305,0.009475574500563131,0.98,0.0,0.23,18.0,0.0,0.0,1.0,0.5,80.0,27.0,4.0,0.0 
 05/18  03:00:00,23.645490363141597,13.255682965635872,24.175877694584745,0.009533520068533585,0.98,0.0,0.23,18.0,0.0,0.0,1.0,0.5,80.0,27.0,4.0,0.0 
 05/18  04:00:00,22.826186388481247,13.454937796654745,23.20794751929917,0.009659906766250231,0.98,0.0,0.23,18.0,0.0,0.0,1.0,0.5,80.0,27.0,4.0,0.0 
 05/18  05:00:00,22.158599542684676,13.394290372063377,22.660280381472326,0.009620998175042372,0.98,0.0,0.23,18.0,0.0,0.0,1.0,0.5,80.0,27.0,4.0,0.0 
 05/18  06:00:00,22.135476348241024,13.31416981591693,22.504539323239335,0.009569777887653928,0.98,0.0,0.23,18.0,0.0,0.0,1.0,0.5,80.0,27.0,4.0,0.0 
 05/18  07:00:00,27.96565837263147,13.268520721036834,25.886249200959053,0.009540676445372596,0.85,0.0,0.23,18.0,0.0,0.0,1.0,0.5,80.0,27.0,4.0,0.0 
 05/18  08:00:00,32.05791093442254,13.328986014411688,30.60735763854665,0.009578695860620906,0.65,0.0,0.23,12.0,0.0,0.0,0.0,0.5,80.0,37.0,4.0,0.0 
 05/18  09:00:00,36.36451181162009,13.546812784432582,35.465990541552124,0.009717550110622673,0.1,0.0,0.23,18.0,0.0,0.0,0.0,0.0,120.0,37.0,4.0,0.0 
 05/18  10:00:00,40.07572973641968,13.754957802768326,38.78213264549087,0.009852000759228059,0.1,0.0,0.23,18.0,0.0,0.0,0.0,0.0,120.0,37.0,4.0,0.0 
 05/18  11:00:00,41.835776370297054,13.958727608929403,41.04422203848568,0.009985132656167066,0.1,0.0,0.23,18.0,0.0,0.0,0.0,0.0,120.0,37.0,4.0,0.0 
 05/18  12:00:00,42.1713495493866,14.145741525610191,41.71134986217,0.010108809952167619,0.1,0.0,0.23,18.0,0.0,0.0,0.0,0.0,120.0,37.0,4.0,0.0 
 05/18  13:00:00,42.30638906699389,14.324909257340373,42.55344728011883,0.010228472441111752,0.1,0.0,0.69,18.0,0.0,0.0,0.0,0.0,120.0,37.0,4.0,0.0 
 05/18  14:00:00,44.36396523033557,14.515930397137797,43.85821053754019,0.010357782520059805,0.1,0.0,0.69,18.0,0.0,0.0,0.0,0.0,120.0,37.0,4.0,0.0 
 05/18  15:00:00,46.28341725053895,14.707677595250683,45.442965419305956,0.010489056309328556,0.1,0.0,0.23,18.0,0.0,0.0,0.0,0.0,120.0,37.0,4.0,0.0 
 05/18  16:00:00,46.90844379230167,14.889293598446908,46.414124070141526,0.010614661311687803,0.1,0.0,0.23,18.0,0.0,0.0,0.0,0.0,120.0,37.0,4.0,0.0 
 05/18  17:00:00,46.53838649858597,15.191222866099805,46.40007647455652,0.010826644175289155,0.1,0.0,0.23,18.0,0.0,0.0,0.0,0.0,120.0,37.0,4.0,0.0 
 05/18  18:00:00,44.610437443603615,14.806262259574055,43.49803032268836,0.010556915874714697,0.75,0.0,0.23,18.0,0.0,0.0,0.0,0.5,120.0,37.0,4.0,0.0 
 05/18  19:00:00,40.53570788829664,13.995969692228654,40.17106138322893,0.010008987528904284,0.75,0.0,0.23,18.0,0.0,0.0,0.0,0.5,80.0,37.0,4.0,0.0 
 05/18  20:00:00,35.16405164398244,12.477977077724276,36.114546947159326,0.009050565142375509,0.9,1.0,0.23,18.0,0.0,0.0,1.0,0.5,80.0,27.0,4.0,0.0 
 05/18  21:00:00,31.272882931867976,11.676488858296615,33.77822218687205,0.0085784926257029,0.9,1.0,1.0,18.0,0.0,0.0,1.0,0.5,80.0,27.0,4.0,0.0 
 05/18  22:00:00,30.3972119543737505,11.323403906967356,32.654234478561275,0.008379687153368453,0.9,1,1,18,0,0,1,0.5,80,27,4,0
 05/18  23:00:00,29.521540976879525,10.970318955638097,31.5302467702505,0.008180881681034006,0.9,1.0,1.0,18.0,0.0,0.0,1.0,0.5,80.0,27.0,4.0,0.0 
 05/18  24:00:00,27.75569030077723,10.43245343835294,29.875499927494083,0.007889250234467236,0.95,1.0,1.0,18.0,0.0,0.0,1.0,0.5,80.0,27.0,4.0,0.0 
 05/19  01:00:00,25.29092296228223,10.294131875931871,25.460351154585375,0.007815694199667366,0.98,0.0,0.23,18.0,0.0,0.0,1.0,0.5,80.0,27.0,4.0,0.0 
 05/19  02:00:00,23.598558929548325,10.265166932445464,23.912909569486768,0.0078003856762742544,0.98,0.0,0.23,18.0,0.0,0.0,1.0,0.5,80.0,27.0,4.0,0.0 
 05/19  03:00:00,22.366193385302452,9.934290150315695,22.729545389322467,0.007627328401078998,0.98,0.0,0.23,18.0,0.0,0.0,1.0,0.5,80.0,27.0,4.0,0.0 
 05/19  04:00:00,21.418911705989956,9.502223511672938,21.784788993044206,0.007406617867896241,0.98,0.0,0.23,18.0,0.0,0.0,1.0,0.5,80.0,27.0,4.0,0.0 
 05/19  05:00:00,20.607561703774312,8.526771247305723,20.83367813574788,0.006929133137859492,0.98,0.0,0.23,18.0,0.0,0.0,1.0,0.5,80.0,27.0,4.0,0.0 
 05/19  06:00:00,20.379282861790255,7.941303493834083,20.702545950712782,0.006655990895764061,0.98,0.0,0.23,18.0,0.0,0.0,1.0,0.5,80.0,27.0,4.0,0.0 
 05/19  07:00:00,26.511449234984042,7.465216850189513,23.934176174161976,0.006441020150765851,0.85,0.0,0.23,18.0,0.0,0.0,1.0,0.5,80.0,27.0,4.0,0.0 
 05/19  08:00:00,29.48000552298895,7.278479827763561,28.17866843954701,0.006358347456867738,0.65,0.0,0.23,12.0,0.0,0.0,0.0,0.5,80.0,37.0,4.0,0.0 
 05/19  09:00:00,32.66020226501879,7.4834147888038,31.73006649940264,0.006449057101610307,0.1,0.0,0.23,18.0,0.0,0.0,0.0,0.0,120.0,37.0,4.0,0.0 
 05/19  10:00:00,36.23303329627159,7.730866330585815,34.94049692451624,0.006560060760322963,0.1,0.0,0.23,18.0,0.0,0.0,0.0,0.0,120.0,37.0,4.0,0.0 
 05/19  11:00:00,38.397800827132926,8.022497227105278,37.55628133296781,0.0066931522349941725,0.1,0.0,0.23,18.0,0.0,0.0,0.0,0.0,120.0,37.0,4.0,0.0 
 05/19  12:00:00,39.33374251698115,8.292873934283005,38.7454141413154,0.006818627061972685,0.1,0.0,0.23,18.0,0.0,0.0,0.0,0.0,120.0,37.0,4.0,0.0 
 05/19  13:00:00,39.78599812293336,8.553974570558864,39.86748854302964,0.006941855935160389,0.1,0.0,0.69,18.0,0.0,0.0,0.0,0.0,120.0,37.0,4.0,0.0 
 05/19  14:00:00,42.33549107516021,8.827008143438702,41.75228507135818,0.007073127006958154,0.1,0.0,0.69,18.0,0.0,0.0,0.0,0.0,120.0,37.0,4.0,0.0 
 05/19  15:00:00,44.1311906001251,9.09206483301026,43.26579863378397,0.007202764093699146,0.1,0.0,0.23,18.0,0.0,0.0,0.0,0.0,120.0,37.0,4.0,0.0 
 05/19  16:00:00,44.95287361480421,9.349515362045524,44.37893294523328,0.00733064988106414,0.1,0.0,0.23,18.0,0.0,0.0,0.0,0.0,120.0,37.0,4.0,0.0 
 05/19  17:00:00,44.88309268285188,9.768475477367037,44.629580411944524,0.007542923317790258,0.1,0.0,0.23,18.0,0.0,0.0,0.0,0.0,120.0,37.0,4.0,0.0 
 05/19  18:00:00,43.60678433880566,10.322591966998859,42.09084566826833,0.007832019258093941,0.75,0.0,0.23,18.0,0.0,0.0,0.0,0.5,120.0,37.0,4.0,0.0 
 05/19  19:00:00,39.54629702301608,10.240541987221619,38.92545986480162,0.007789033030452255,0.75,0.0,0.23,18.0,0.0,0.0,0.0,0.5,80.0,37.0,4.0,0.0 
 05/19  20:00:00,33.83758428458428,9.598435448210216,34.19639556575012,0.0074572089077098,0.9,1.0,0.23,18.0,0.0,0.0,1.0,0.5,80.0,27.0,4.0,0.0 
 05/19  21:00:00,29.994779453022073,9.605396059980626,31.528220428401323,0.007461039582195186,0.9,1.0,1.0,18.0,0.0,0.0,1.0,0.5,80.0,27.0,4.0,0.0 
 05/19  22:00:00,28.7572190001460815,9.49928028679921,30.609712298049159,0.0074077196555978875,0.9,1,1,18,0,0,1,0.5,80,27,4,0
 05/19  23:00:00,27.51965854727009,9.393164513617794,29.691204167696995,0.007354399729000589,0.9,1.0,1.0,18.0,0.0,0.0,1.0,0.5,80.0,27.0,4.0,0.0 
 05/19  24:00:00,26.210416803096358,9.106094390314754,27.80549911707375,0.007212123491998396,0.95,1.0,1.0,18.0,0.0,0.0,1.0,0.5,80.0,27.0,4.0,0.0 
 05/20  01:00:00,24.464831069990094,8.89661731137484,24.63426842277483,0.007110224183608815,0.95,0.0,0.23,5.0,0.0,0.0,1.0,0.5,80.0,27.0,4.0,0.0 
 05/20  02:00:00,22.811121776897988,8.65367668894186,23.15502987117186,0.006993358362345257,0.95,0.0,0.23,5.0,0.0,0.0,1.0,0.5,80.0,27.0,4.0,0.0 
 05/20  03:00:00,21.63650321785314,8.437395740762042,22.134498833170927,0.006890733504436339,0.95,0.0,0.23,5.0,0.0,0.0,1.0,0.5,80.0,27.0,4.0,0.0 
 05/20  04:00:00,20.813883354677078,7.981974782194441,21.142679864082258,0.0066787296092815805,0.95,0.0,0.23,5.0,0.0,0.0,1.0,0.5,80.0,27.0,4.0,0.0 
 05/20  05:00:00,20.12744840613472,7.7018336570422905,20.61387858429004,0.006551336585103743,0.95,0.0,0.23,5.0,0.0,0.0,1.0,0.5,80.0,27.0,4.0,0.0 
 05/20  06:00:00,20.171157553066937,7.521866919692616,20.49701289586539,0.006470804921206655,0.95,0.0,0.23,5.0,0.0,0.0,1.0,0.5,80.0,27.0,4.0,0.0 
 05/20  07:00:00,27.169521812527467,7.328217904985098,24.62809672653703,0.006385051023545614,0.95,0.0,0.23,5.0,0.0,0.0,1.0,0.5,80.0,27.0,4.0,0.0 
 05/20  08:00:00,30.786735657245593,7.452272845285783,28.47753671397771,0.006440292185164173,0.95,0.0,0.23,5.0,0.0,0.0,1.0,0.5,80.0,27.0,4.0,0.0 
 05/20  09:00:00,34.24175421936717,7.677345502347875,31.657655667570253,0.006541461370415341,0.95,0.0,0.23,5.0,0.0,0.0,1.0,0.5,80.0,27.0,4.0,0.0 
 05/20  10:00:00,36.42006742092777,7.411925377223273,33.88322869282973,0.00642294165883326,0.6,0.0,0.23,5.0,0.0,0.0,1.0,0.5,80.0,27.0,4.0,0.0 
 05/20  11:00:00,37.93202911173453,7.330610885343599,35.5848086817206,0.006387195386673603,0.6,0.0,0.23,5.0,0.0,0.0,1.0,0.5,80.0,27.0,4.0,0.0 
 05/20  12:00:00,38.515978401547024,7.122201632882088,36.4780365770674,0.00629599233168021,0.6,0.0,0.23,5.0,0.0,0.0,1.0,0.5,80.0,27.0,4.0,0.0 
 05/20  13:00:00,38.78284975480272,6.671923746612696,36.894182495051275,0.006102682091634925,0.6,0.0,0.69,5.0,0.0,0.0,1.0,0.5,80.0,27.0,4.0,0.0 
 05/20  14:00:00,39.12925025960211,6.28235535294589,37.390334917160104,0.005939118838998834,0.6,0.0,0.69,5.0,0.0,0.0,1.0,0.5,80.0,27.0,4.0,0.0 
 05/20  15:00:00,39.90008657058696,5.937297985878321,37.73812588508474,0.005797548455488676,0.6,0.0,0.23,5.0,0.0,0.0,1.0,0.5,80.0,27.0,4.0,0.0 
 05/20  16:00:00,40.91903835184054,5.797441203109124,38.609369484146015,0.005740861885792389,0.6,0.0,0.23,5.0,0.0,0.0,1.0,0.5,80.0,27.0,4.0,0.0 
 05/20  17:00:00,40.0316327884892,5.749029262626792,38.572137356009655,0.0057211684155994424,0.6,0.0,0.23,5.0,0.0,0.0,1.0,0.5,80.0,27.0,4.0,0.0 
 05/20  18:00:00,38.07987942987587,5.838796749713978,36.95657583123504,0.005756910787246813,0.6,0.0,0.23,5.0,0.0,0.0,1.0,0.5,80.0,27.0,4.0,0.0 
 05/20  19:00:00,35.92412819360632,6.059551192533789,34.96530892236366,0.005846024900001346,0.9,0.0,0.23,5.0,0.0,0.0,1.0,0.5,80.0,27.0,4.0,0.0 
 05/20  20:00:00,31.42006368457286,6.31348139343323,32.25538041637958,0.005950166201582146,0.9,1.0,0.23,5.0,0.0,0.0,1.0,0.5,80.0,27.0,4.0,0.0 
 05/20  21:00:00,28.51331914079899,6.889099599879634,30.91411815899403,0.006192790402629121,0.9,1.0,1.0,5.0,0.0,0.0,1.0,0.5,80.0,27.0,4.0,0.0 
 05/20  22:00:00,27.985341681605735,7.205208690130367,30.042222226525141,0.006331124045517393,0.9,1,1,5,0,0,1,0.5,80,27,4,0
 05/20  23:00:00,27.45736422241248,7.5213177803811,29.170326294056252,0.006469457688405665,0.9,1.0,1.0,5.0,0.0,0.0,1.0,0.5,80.0,27.0,4.0,0.0 
 05/20  24:00:00,26.02645141297151,7.799579934795614,28.00370870083927,0.006594440264286859,0.9,1.0,1.0,5.0,0.0,0.0,1.0,0.5,80.0,27.0,4.0,0.0 
 05/21  01:00:00,24.433803989799223,8.761325250764068,24.589296202006494,0.00704395542069111,0.95,0.0,0.23,5.0,0.0,0.0,1.0,0.5,80.0,27.0,4.0,0.0 
 05/21  02:00:00,22.639320230488078,8.642969847199018,22.932965369690848,0.006986761091775393,0.95,0.0,0.23,5.0,0.0,0.0,1.0,0.5,80.0,27.0,4.0,0.0 
 05/21  03:00:00,21.371876527790626,8.508449294253152,21.73495438595946,0.006922238739128684,0.95,0.0,0.23,5.0,0.0,0.0,1.0,0.5,80.0,27.0,4.0,0.0 
 05/21  04:00:00,20.385704065701663,8.407678854380313,20.797288768329103,0.006874219889996548,0.95,0.0,0.23,5.0,0.0,0.0,1.0,0.5,80.0,27.0,4.0,0.0 
 05/21  05:00:00,19.637150483621806,8.13785991495077,20.054199045057615,0.006747679507629145,0.95,0.0,0.23,5.0,0.0,0.0,1.0,0.5,80.0,27.0,4.0,0.0 
 05/21  06:00:00,19.52063397534847,7.604440686813392,19.885242643867798,0.006503949531540413,0.95,0.0,0.23,5.0,0.0,0.0,1.0,0.5,80.0,27.0,4.0,0.0 
 05/21  07:00:00,24.983907996788364,7.2011235810021885,22.728333040760727,0.006324785003968288,0.95,0.0,0.23,5.0,0.0,0.0,1.0,0.5,80.0,27.0,4.0,0.0 
 05/21  08:00:00,28.057249208176717,6.85016151411185,26.483458873394333,0.006172497825474746,0.95,0.0,0.23,5.0,0.0,0.0,1.0,0.5,80.0,27.0,4.0,0.0 
 05/21  09:00:00,31.72996497776159,6.706880439101037,29.131826310918488,0.006111094077098048,0.95,0.0,0.23,5.0,0.0,0.0,1.0,0.5,80.0,27.0,4.0,0.0 
 05/21  10:00:00,34.175116467415855,5.917295668717848,31.86182367027433,0.005783720602822708,0.6,0.0,0.23,5.0,0.0,0.0,1.0,0.5,80.0,27.0,4.0,0.0 
 05/21  11:00:00,35.89329096560878,5.564799414469037,33.534029426193456,0.005642546064904481,0.6,0.0,0.23,5.0,0.0,0.0,1.0,0.5,80.0,27.0,4.0,0.0 
 05/21  12:00:00,36.24889901059336,5.355321980597918,34.271572586047384,0.005559949428391154,0.6,0.0,0.23,5.0,0.0,0.0,1.0,0.5,80.0,27.0,4.0,0.0 
 05/21  13:00:00,36.62244874008856,4.952444872112931,35.171024576418915,0.0054044832116303485,0.6,0.0,0.69,5.0,0.0,0.0,1.0,0.5,80.0,27.0,4.0,0.0 
 05/21  14:00:00,38.77926357090617,4.819341757269361,36.592884582350806,0.005354015834928181,0.6,0.0,0.69,5.0,0.0,0.0,1.0,0.5,80.0,27.0,4.0,0.0 
 05/21  15:00:00,40.43854527987303,4.79362181946197,37.91826495668269,0.005344269548559428,0.6,0.0,0.23,5.0,0.0,0.0,1.0,0.5,80.0,27.0,4.0,0.0 
 05/21  16:00:00,41.279314203603754,4.745732736535376,38.756953509273174,0.0053262106006800565,0.6,0.0,0.23,5.0,0.0,0.0,1.0,0.5,80.0,27.0,4.0,0.0 
 05/21  17:00:00,40.70993597359683,4.621641654384408,38.859087386756656,0.00527975343821357,0.6,0.0,0.23,5.0,0.0,0.0,1.0,0.5,80.0,27.0,4.0,0.0 
 05/21  18:00:00,38.551942121632464,4.411149355084901,37.22380028523391,0.0052018133832850335,0.6,0.0,0.23,5.0,0.0,0.0,1.0,0.5,80.0,27.0,4.0,0.0 
 05/21  19:00:00,35.12392526513865,4.574584132325991,34.28558042403603,0.005262145795788182,0.9,0.0,0.23,5.0,0.0,0.0,1.0,0.5,80.0,27.0,4.0,0.0 
 05/21  20:00:00,30.67745074267069,4.327442244214715,31.335788072400796,0.005170971200618413,0.9,1.0,0.23,5.0,0.0,0.0,1.0,0.5,80.0,27.0,4.0,0.0 
 05/21  21:00:00,27.74652516268529,4.213256365601127,29.99404928627087,0.005129321335610706,0.9,1.0,1.0,5.0,0.0,0.0,1.0,0.5,80.0,27.0,4.0,0.0 
 05/21  22:00:00,27.132091381517854,4.046539100913704,29.0880921101103635,0.0050694137117087325,0.9,1,1,5,0,0,1,0.5,80,27,4,0
 05/21  23:00:00,26.517657600350418,3.879821836226281,28.182134933949857,0.005009506087806759,0.9,1.0,1.0,5.0,0.0,0.0,1.0,0.5,80.0,27.0,4.0,0.0 
 05/21  24:00:00,24.963905482051516,3.782335651913282,27.215599082047103,0.004974916360787809,0.9,1.0,1.0,5.0,0.0,0.0,1.0,0.5,80.0,27.0,4.0,0.0 
 05/22  01:00:00,23.271072036234848,4.245359734503894,23.358766919997404,0.005140780999583148,0.98,0.0,0.23,18.0,0.0,0.0,1.0,0.5,80.0,27.0,4.0,0.0 
 05/22  02:00:00,21.380297517896587,4.01368822484341,21.601390023014336,0.005057082974561966,0.98,0.0,0.23,18.0,0.0,0.0,1.0,0.5,80.0,27.0,4.0,0.0 
 05/22  03:00:00,20.0598238367861,3.707361632090423,20.256430086676655,0.004948300086291691,0.98,0.0,0.23,18.0,0.0,0.0,1.0,0.5,80.0,27.0,4.0,0.0 
 05/22  04:00:00,19.042149616848793,3.230557557932909,19.273269887844236,0.004783160635757661,0.98,0.0,0.23,18.0,0.0,0.0,1.0,0.5,80.0,27.0,4.0,0.0 
 05/22  05:00:00,18.294097443210987,2.9823365374883704,18.58672349413813,0.0046991322227915595,0.98,0.0,0.23,18.0,0.0,0.0,1.0,0.5,80.0,27.0,4.0,0.0 
 05/22  06:00:00,19.959883382396875,2.356927283578551,19.37633549800456,0.0044932591816053994,0.98,0.0,0.23,18.0,0.0,0.0,1.0,0.5,80.0,27.0,4.0,0.0 
 05/22  07:00:00,23.15167065863206,2.187022378530368,22.052264198448825,0.0044387202089046975,0.85,0.0,0.23,18.0,0.0,0.0,1.0,0.5,80.0,27.0,4.0,0.0 
 05/22  08:00:00,27.05119211552152,2.2600653830702417,25.446072556003795,0.004462030207265173,0.65,0.0,0.23,12.0,0.0,0.0,0.0,0.5,80.0,37.0,4.0,0.0 
 05/22  09:00:00,30.484219139121805,2.4747373330848434,29.60333788077421,0.004531259684934374,0.1,0.0,0.23,18.0,0.0,0.0,0.0,0.0,120.0,37.0,4.0,0.0 
 05/22  10:00:00,34.26512914368898,2.7678922601372618,32.90220098725698,0.004627365599706383,0.1,0.0,0.23,18.0,0.0,0.0,0.0,0.0,120.0,37.0,4.0,0.0 
 05/22  11:00:00,36.20843029360593,3.125002270506105,35.41146164099378,0.004746906246273803,0.1,0.0,0.23,18.0,0.0,0.0,0.0,0.0,120.0,37.0,4.0,0.0 
 05/22  12:00:00,36.56194714779696,3.481682354557371,36.08607087365131,0.004869049364323805,0.1,0.0,0.23,18.0,0.0,0.0,0.0,0.0,120.0,37.0,4.0,0.0 
 05/22  13:00:00,37.24883296736403,4.262394009094426,37.41131216292717,0.005146311761492358,0.1,0.0,0.69,18.0,0.0,0.0,0.0,0.0,120.0,37.0,4.0,0.0 
 05/22  14:00:00,39.51153631771092,4.586242161671236,39.1030349150043,0.005265477622150478,0.1,0.0,0.69,18.0,0.0,0.0,0.0,0.0,120.0,37.0,4.0,0.0 
 05/22  15:00:00,41.79748952969025,5.319855693661352,41.0780516364528,0.0055444665288016115,0.1,0.0,0.23,18.0,0.0,0.0,0.0,0.0,120.0,37.0,4.0,0.0 
 05/22  16:00:00,43.111190858467545,5.617606619279903,42.50594726213943,0.005661473649148085,0.1,0.0,0.23,18.0,0.0,0.0,0.0,0.0,120.0,37.0,4.0,0.0 
 05/22  17:00:00,42.79006910021917,6.057683228126462,42.65618208034424,0.005838425978476102,0.1,0.0,0.23,18.0,0.0,0.0,0.0,0.0,120.0,37.0,4.0,0.0 
 05/22  18:00:00,40.969322423960634,6.746368601205681,39.79843514470386,0.006125242202665932,0.75,0.0,0.23,18.0,0.0,0.0,0.0,0.5,120.0,37.0,4.0,0.0 
 05/22  19:00:00,36.778626352717154,6.722918643435644,36.37723384074893,0.00611527479892827,0.75,0.0,0.23,18.0,0.0,0.0,0.0,0.5,80.0,37.0,4.0,0.0 
 05/22  20:00:00,31.52831627439039,5.906180110337579,32.38217680767581,0.005777092711144443,0.9,1.0,0.23,18.0,0.0,0.0,1.0,0.5,80.0,27.0,4.0,0.0 
 05/22  21:00:00,27.926023257993965,5.586672889324602,30.066693712898633,0.005649447465825498,0.9,1.0,1.0,18.0,0.0,0.0,1.0,0.5,80.0,27.0,4.0,0.0 
 05/22  22:00:00,26.948494108389621,5.3104476317043785,29.072560594408248,0.00554204133570073725,0.9,1,1,18,0,0,1,0.5,80,27,4,0
 05/22  23:00:00,25.970964958785277,5.034222374084155,28.078427475917863,0.0054346352055759765,0.9,1.0,1.0,18.0,0.0,0.0,1.0,0.5,80.0,27.0,4.0,0.0 
 05/22  24:00:00,24.449855141349207,4.9512101838803675,26.7935889206931,0.005402987819313944,0.95,1.0,1.0,18.0,0.0,0.0,1.0,0.5,80.0,27.0,4.0,0.0 
 05/23  01:00:00,22.492344972294358,4.437068968866687,22.568186593949058,0.005210723969900038,0.98,0.0,0.23,18.0,0.0,0.0,1.0,0.5,80.0,27.0,4.0,0.0 
 05/23  02:00:00,20.51173930837191,3.8430305697889033,20.70435397087662,0.00499614625808593,0.98,0.0,0.23,18.0,0.0,0.0,1.0,0.5,80.0,27.0,4.0,0.0 
 05/23  03:00:00,19.138513143651977,3.2388605949169085,19.286523463382963,0.0047859928620568645,0.98,0.0,0.23,18.0,0.0,0.0,1.0,0.5,80.0,27.0,4.0,0.0 
 05/23  04:00:00,18.063292733315592,2.7087679204040667,18.114110110535727,0.004608195929299221,0.98,0.0,0.23,18.0,0.0,0.0,1.0,0.5,80.0,27.0,4.0,0.0 
 05/23  05:00:00,17.124654482201212,2.0110761062835456,16.978634630640894,0.004383173841483574,0.98,0.0,0.23,18.0,0.0,0.0,1.0,0.5,80.0,27.0,4.0,0.0 
 05/23  06:00:00,18.564194650869524,1.471396499945523,17.10735643449252,0.0042159133541773905,0.98,0.0,0.23,18.0,0.0,0.0,1.0,0.5,80.0,27.0,4.0,0.0 
 05/23  07:00:00,21.263283093036794,1.1656809038985718,20.418214135590777,0.004123692753824897,0.85,0.0,0.23,18.0,0.0,0.0,1.0,0.5,80.0,27.0,4.0,0.0 
 05/23  08:00:00,26.14464646192085,1.099681185622565,24.038238763162976,0.0041040627471146665,0.65,0.0,0.23,12.0,0.0,0.0,0.0,0.5,80.0,37.0,4.0,0.0 
 05/23  09:00:00,29.41702913074739,1.3115816651370285,28.578910561116203,0.00416756023196673,0.1,0.0,0.23,18.0,0.0,0.0,0.0,0.0,120.0,37.0,4.0,0.0 
 05/23  10:00:00,33.39908307907287,1.6043245953092324,31.985350422378772,0.004256710699190157,0.1,0.0,0.23,18.0,0.0,0.0,0.0,0.0,120.0,37.0,4.0,0.0 
 05/23  11:00:00,35.133321092814825,1.964759972787608,34.39723398891911,0.0043687607955409605,0.1,0.0,0.23,18.0,0.0,0.0,0.0,0.0,120.0,37.0,4.0,0.0 
 05/23  12:00:00,36.03010142751499,2.344565317916642,35.44020987355198,0.004489722045875676,0.1,0.0,0.23,18.0,0.0,0.0,0.0,0.0,120.0,37.0,4.0,0.0 
 05/23  13:00:00,36.38696563394341,2.7186866757243213,36.49348898359857,0.00461179076907548,0.1,0.0,0.69,18.0,0.0,0.0,0.0,0.0,120.0,37.0,4.0,0.0 
 05/23  14:00:00,38.461053722605236,3.096414152261637,38.06894105384927,0.004739833632439202,0.1,0.0,0.69,18.0,0.0,0.0,0.0,0.0,120.0,37.0,4.0,0.0 
 05/23  15:00:00,40.6046244613506,3.4703137925260825,39.75980133696095,0.004869680674588103,0.1,0.0,0.23,18.0,0.0,0.0,0.0,0.0,120.0,37.0,4.0,0.0 
 05/23  16:00:00,41.364796650684234,3.824893188728685,40.79906611266881,0.004995904259593905,0.1,0.0,0.23,18.0,0.0,0.0,0.0,0.0,120.0,37.0,4.0,0.0 
 05/23  17:00:00,41.13850271500867,4.399222907770989,40.92687991529905,0.005205282008668159,0.1,0.0,0.23,18.0,0.0,0.0,0.0,0.0,120.0,37.0,4.0,0.0 
 05/23  18:00:00,39.10490329844132,5.978297857877881,37.88059186221549,0.005818252720166228,0.75,0.0,0.23,18.0,0.0,0.0,0.0,0.5,120.0,37.0,4.0,0.0 
 05/23  19:00:00,34.904893650715906,6.442293780304059,34.44891033026863,0.006011902408497452,0.75,0.0,0.23,18.0,0.0,0.0,0.0,0.5,80.0,37.0,4.0,0.0 
 05/23  20:00:00,29.82972267952138,6.12778679820045,30.51982416884865,0.005883820993883076,0.9,1.0,0.23,18.0,0.0,0.0,1.0,0.5,80.0,27.0,4.0,0.0 
 05/23  21:00:00,26.593424546782693,6.201550208729484,28.48153341761762,0.0059164827118553896,0.9,1.0,1.0,18.0,0.0,0.0,1.0,0.5,80.0,27.0,4.0,0.0 
 05/23  22:00:00,25.6974091635420745,6.235122764638046,27.8756124647941875,0.0059314948801054318,0.9,1,1,18,0,0,1,0.5,80,27,4,0
 05/23  23:00:00,24.801393780301456,6.268695320546608,27.269691511970755,0.005946507048355474,0.9,1.0,1.0,18.0,0.0,0.0,1.0,0.5,80.0,27.0,4.0,0.0 
 05/23  24:00:00,24.242433262111962,6.596071443399686,26.35469335612181,0.006085953728935718,0.95,1.0,1.0,18.0,0.0,0.0,1.0,0.5,80.0,27.0,4.0,0.0 
 05/24  01:00:00,22.86475220931159,7.563353634958076,23.262125750725392,0.006512790849764802,0.98,0.0,0.23,18.0,0.0,0.0,1.0,0.5,80.0,27.0,4.0,0.0 
 05/24  02:00:00,21.33066365534294,8.671709049691767,21.939769490339295,0.0070312533504870815,0.98,0.0,0.23,18.0,0.0,0.0,1.0,0.5,80.0,27.0,4.0,0.0 
 05/24  03:00:00,20.40238936162389,9.550615970646462,21.13998336490619,0.007468945801735938,0.98,0.0,0.23,18.0,0.0,0.0,1.0,0.5,80.0,27.0,4.0,0.0 
 05/24  04:00:00,19.83104694226536,9.926458894336486,20.560162929301583,0.007665100167638044,0.98,0.0,0.23,18.0,0.0,0.0,1.0,0.5,80.0,27.0,4.0,0.0 
 05/24  05:00:00,19.449097833198593,10.328959055834671,20.164472680611716,0.0078801532955627,0.98,0.0,0.23,18.0,0.0,0.0,1.0,0.5,80.0,27.0,4.0,0.0 
 05/24  06:00:00,19.448825101674927,10.989683755958575,19.999585255971954,0.008242783020819489,0.98,0.0,0.23,18.0,0.0,0.0,1.0,0.5,80.0,27.0,4.0,0.0 
 05/24  07:00:00,19.956888745246797,11.502889201879437,20.212457189986353,0.008535522598071997,0.85,0.0,0.23,18.0,0.0,0.0,1.0,0.5,80.0,27.0,4.0,0.0 
 05/24  08:00:00,20.90938763421568,11.630366338754495,20.750336753289858,0.00861222275441579,0.65,0.0,0.23,12.0,0.0,0.0,0.0,0.5,80.0,37.0,4.0,0.0 
 05/24  09:00:00,21.99036891016703,11.679989909544272,21.809170417149446,0.008644244897319528,0.1,0.0,0.23,18.0,0.0,0.0,0.0,0.0,120.0,37.0,4.0,0.0 
 05/24  10:00:00,23.86518184948362,11.751030839320123,23.005953637185588,0.008688924744812521,0.1,0.0,0.23,18.0,0.0,0.0,0.0,0.0,120.0,37.0,4.0,0.0 
 05/24  11:00:00,25.135428102221194,11.833666700263638,24.7271387336988,0.008740512170800815,0.1,0.0,0.23,18.0,0.0,0.0,0.0,0.0,120.0,37.0,4.0,0.0 
 05/24  12:00:00,26.252597878337347,11.928831019862072,25.686536814647496,0.008799842674049376,0.1,0.0,0.23,18.0,0.0,0.0,0.0,0.0,120.0,37.0,4.0,0.0 
 05/24  13:00:00,26.789590271883192,12.150675415424603,27.356839010138824,0.008934876019899587,0.1,0.0,0.69,18.0,0.0,0.0,0.0,0.0,120.0,37.0,4.0,0.0 
 05/24  14:00:00,26.930752840516124,12.251229299146052,27.67408135803862,0.008991799210383011,0.1,0.0,0.69,18.0,0.0,0.0,0.0,0.0,120.0,37.0,4.0,0.0 
 05/24  15:00:00,26.403031883186898,12.521261083875935,26.988163040855557,0.009151880754644015,0.1,0.0,0.23,18.0,0.0,0.0,0.0,0.0,120.0,37.0,4.0,0.0 
 05/24  16:00:00,25.642387141987083,12.775561422903372,26.137045124622166,0.009304755982191045,0.1,0.0,0.23,18.0,0.0,0.0,0.0,0.0,120.0,37.0,4.0,0.0 
 05/24  17:00:00,24.649154308055433,13.006608051816427,25.293274044444537,0.009445305570223578,0.1,0.0,0.23,18.0,0.0,0.0,0.0,0.0,120.0,37.0,4.0,0.0 
 05/24  18:00:00,23.205673800680053,13.07119635915937,23.99226826441319,0.009482440385185812,0.75,0.0,0.23,18.0,0.0,0.0,0.0,0.5,120.0,37.0,4.0,0.0 
 05/24  19:00:00,21.956472091968184,13.461135651364938,22.715775795693652,0.009727218772488902,0.75,0.0,0.23,18.0,0.0,0.0,0.0,0.5,80.0,37.0,4.0,0.0 
 05/24  20:00:00,20.938131794741516,13.898832889195972,23.516463687921284,0.010009133444926287,0.9,1.0,0.23,18.0,0.0,0.0,1.0,0.5,80.0,27.0,4.0,0.0 
 05/24  21:00:00,21.535867784662543,14.46130623361405,23.781106026944187,0.010383205817087203,0.9,1.0,1.0,18.0,0.0,0.0,1.0,0.5,80.0,27.0,4.0,0.0 
 05/24  22:00:00,21.5049985647818895,14.468687506137647,23.7719547195448765,0.010386352166563924,0.9,1,1,18,0,0,1,0.5,80,27,4,0
 05/24  23:00:00,21.474129344901236,14.476068778661244,23.762803412145566,0.010389498516040645,0.9,1.0,1.0,18.0,0.0,0.0,1.0,0.5,80.0,27.0,4.0,0.0 
 05/24  24:00:00,21.291530778340764,14.053984686860868,23.544644437149806,0.01010105550746513,0.95,1.0,1.0,18.0,0.0,0.0,1.0,0.5,80.0,27.0,4.0,0.0 
 05/25  01:00:00,20.51062913376339,13.305473398006757,21.01847939593408,0.009606414468383636,0.98,0.0,0.23,18.0,0.0,0.0,1.0,0.5,80.0,27.0,4.0,0.0 
 05/25  02:00:00,18.809743769035784,12.339725573888572,19.352318247279285,0.009005622451978796,0.98,0.0,0.23,18.0,0.0,0.0,1.0,0.5,80.0,27.0,4.0,0.0 
 05/25  03:00:00,17.6297686962676,11.756298115304844,18.272824617784973,0.00865797859292796,0.98,0.0,0.23,18.0,0.0,0.0,1.0,0.5,80.0,27.0,4.0,0.0 
 05/25  04:00:00,16.829530722309645,11.112362626791107,17.265556595321332,0.0082886186568901,0.98,0.0,0.23,18.0,0.0,0.0,1.0,0.5,80.0,27.0,4.0,0.0 
 05/25  05:00:00,16.268022955365897,10.644707485547901,16.65033477109363,0.008028505605709509,0.98,0.0,0.23,18.0,0.0,0.0,1.0,0.5,80.0,27.0,4.0,0.0 
 05/25  06:00:00,19.368738850676053,10.287528881029457,17.955045041563647,0.00783413209913536,0.98,0.0,0.23,18.0,0.0,0.0,1.0,0.5,80.0,27.0,4.0,0.0 
 05/25  07:00:00,21.80462125551397,10.169396868218826,20.901462400817124,0.007768899566790275,0.85,0.0,0.23,18.0,0.0,0.0,1.0,0.5,80.0,27.0,4.0,0.0 
 05/25  08:00:00,25.396397947017103,10.500886509773217,23.765101603091914,0.007942249224689479,0.65,0.0,0.23,12.0,0.0,0.0,0.0,0.5,80.0,37.0,4.0,0.0 
 05/25  09:00:00,28.770849143185185,10.60781679223229,27.917545327469814,0.007996937236042603,0.1,0.0,0.23,18.0,0.0,0.0,0.0,0.0,120.0,37.0,4.0,0.0 
 05/25  10:00:00,32.991770413368016,10.887564581449938,32.07025219268399,0.008146351662785269,0.1,0.0,0.23,18.0,0.0,0.0,0.0,0.0,120.0,37.0,4.0,0.0 
 05/25  11:00:00,35.343842720849366,11.091368740713355,34.58782487555357,0.008255953565188642,0.1,0.0,0.23,18.0,0.0,0.0,0.0,0.0,120.0,37.0,4.0,0.0 
 05/25  12:00:00,36.224436101597064,11.319858065382084,35.74296395723069,0.008380755840222107,0.1,0.0,0.23,18.0,0.0,0.0,0.0,0.0,120.0,37.0,4.0,0.0 
 05/25  13:00:00,36.75530321940435,11.808799839230497,37.07998941242947,0.00865704445111348,0.1,0.0,0.69,18.0,0.0,0.0,0.0,0.0,120.0,37.0,4.0,0.0 
 05/25  14:00:00,39.029008531406824,12.009567206368384,38.57435468527061,0.008773690764158189,0.1,0.0,0.69,18.0,0.0,0.0,0.0,0.0,120.0,37.0,4.0,0.0 
 05/25  15:00:00,40.897352684158434,12.481420764899237,40.34433594172563,0.00905400810873332,0.1,0.0,0.23,18.0,0.0,0.0,0.0,0.0,120.0,37.0,4.0,0.0 
 05/25  16:00:00,42.08542008499748,12.668035724608995,41.554003274137614,0.00916678726274361,0.1,0.0,0.23,18.0,0.0,0.0,0.0,0.0,120.0,37.0,4.0,0.0 
 05/25  17:00:00,42.87829302564701,12.874167387362517,42.41755715824738,0.009292963643609582,0.1,0.0,0.23,18.0,0.0,0.0,0.0,0.0,120.0,37.0,4.0,0.0 
 05/25  18:00:00,41.983606725351656,13.060348731870222,40.53639204068653,0.009408130836876373,0.75,0.0,0.23,18.0,0.0,0.0,0.0,0.5,120.0,37.0,4.0,0.0 
 05/25  19:00:00,38.39132406768705,12.612875415661579,37.73851978971744,0.009131900222088792,0.75,0.0,0.23,18.0,0.0,0.0,0.0,0.5,80.0,37.0,4.0,0.0 
 05/25  20:00:00,32.56083468446143,11.50399813535981,33.14010558048474,0.008479146587441767,0.9,1.0,0.23,18.0,0.0,0.0,1.0,0.5,80.0,27.0,4.0,0.0 
 05/25  21:00:00,28.63997642339223,10.735538560262869,30.31530881378231,0.008051447826674437,0.9,1.0,1.0,18.0,0.0,0.0,1.0,0.5,80.0,27.0,4.0,0.0 
 05/25  22:00:00,27.350521200082271,10.5668224774912155,29.307746472628907,0.0079605264037964785,0.9,1,1,18,0,0,1,0.5,80,27,4,0
 05/25  23:00:00,26.061065976772312,10.398106394719562,28.300184131475504,0.00786960498091852,0.9,1.0,1.0,18.0,0.0,0.0,1.0,0.5,80.0,27.0,4.0,0.0 
 05/25  24:00:00,24.674663788991374,10.271883445407253,26.943387092322016,0.007802289229274026,0.95,1.0,1.0,18.0,0.0,0.0,1.0,0.5,80.0,27.0,4.0,0.0 
 05/26  01:00:00,22.816549475566905,9.985564354540223,22.902963258336847,0.007651681253653131,0.98,0.0,0.23,18.0,0.0,0.0,1.0,0.5,80.0,27.0,4.0,0.0 
 05/26  02:00:00,20.931320041993803,9.457225280142222,21.078647229988192,0.007381447203635819,0.98,0.0,0.23,18.0,0.0,0.0,1.0,0.5,80.0,27.0,4.0,0.0 
 05/26  03:00:00,19.617132946722275,9.090118662962954,19.718657386358668,0.007198704324172543,0.98,0.0,0.23,18.0,0.0,0.0,1.0,0.5,80.0,27.0,4.0,0.0 
 05/26  04:00:00,18.65390357141043,8.867351952267136,18.772826128477263,0.0070896139726590295,0.98,0.0,0.23,18.0,0.0,0.0,1.0,0.5,80.0,27.0,4.0,0.0 
 05/26  05:00:00,17.959308225462333,8.672838920928838,18.04167926370838,0.006995527760801607,0.98,0.0,0.23,18.0,0.0,0.0,1.0,0.5,80.0,27.0,4.0,0.0 
 05/26  06:00:00,20.786533649548787,8.519334514254574,19.965450273256206,0.006922064852401126,0.98,0.0,0.23,18.0,0.0,0.0,1.0,0.5,80.0,27.0,4.0,0.0 
 05/26  07:00:00,24.909614545858147,8.42859934769376,23.33048170524779,0.00687878517020594,0.85,0.0,0.23,18.0,0.0,0.0,1.0,0.5,80.0,27.0,4.0,0.0 
 05/26  08:00:00,28.538975164050658,8.55330903160151,26.80306108294738,0.006937507962099385,0.65,0.0,0.23,12.0,0.0,0.0,0.0,0.5,80.0,37.0,4.0,0.0 
 05/26  09:00:00,31.935127728161355,8.714292763759323,31.09971917983438,0.00701407516997812,0.1,0.0,0.23,18.0,0.0,0.0,0.0,0.0,120.0,37.0,4.0,0.0 
 05/26  10:00:00,35.39462175038169,8.936354525393764,34.273018389387,0.007121137590988289,0.1,0.0,0.23,18.0,0.0,0.0,0.0,0.0,120.0,37.0,4.0,0.0 
 05/26  11:00:00,37.20701338810676,9.198654581229462,36.421390993827515,0.007249459995776352,0.1,0.0,0.23,18.0,0.0,0.0,0.0,0.0,120.0,37.0,4.0,0.0 
 05/26  12:00:00,37.43280724370808,9.432844235508561,36.980690221140065,0.0073657328567988,0.1,0.0,0.23,18.0,0.0,0.0,0.0,0.0,120.0,37.0,4.0,0.0 
 05/26  13:00:00,37.617080582352685,9.979820807255633,37.90710724336061,0.007644408200503588,0.1,0.0,0.69,18.0,0.0,0.0,0.0,0.0,120.0,37.0,4.0,0.0 
 05/26  14:00:00,39.9834002294709,10.200462484671307,39.51996561211215,0.007760834564744202,0.1,0.0,0.69,18.0,0.0,0.0,0.0,0.0,120.0,37.0,4.0,0.0 
 05/26  15:00:00,41.97799898594883,10.723107090940616,41.357629775944204,0.008041146357931312,0.1,0.0,0.23,18.0,0.0,0.0,0.0,0.0,120.0,37.0,4.0,0.0 
 05/26  16:00:00,43.338236401198486,11.23174871764093,42.809609191695664,0.008322740335412138,0.1,0.0,0.23,18.0,0.0,0.0,0.0,0.0,120.0,37.0,4.0,0.0 
 05/26  17:00:00,43.33199263146525,11.355524536609721,42.885740906795206,0.008393608244290023,0.1,0.0,0.23,18.0,0.0,0.0,0.0,0.0,120.0,37.0,4.0,0.0 
 05/26  18:00:00,41.99696895245482,12.115022441088872,40.50923151535242,0.008833180338100332,0.75,0.0,0.23,18.0,0.0,0.0,0.0,0.5,120.0,37.0,4.0,0.0 
 05/26  19:00:00,38.53863750652465,12.07418942162264,37.78311624759272,0.008810525480263632,0.75,0.0,0.23,18.0,0.0,0.0,0.0,0.5,80.0,37.0,4.0,0.0 
 05/26  20:00:00,32.70278429518472,11.196691897932133,33.057857561119164,0.008308481545725402,0.9,1.0,0.23,18.0,0.0,0.0,1.0,0.5,80.0,27.0,4.0,0.0 
 05/26  21:00:00,28.855363303145996,10.900819017077138,30.281149384011872,0.008145934780685503,0.9,1.0,1.0,18.0,0.0,0.0,1.0,0.5,80.0,27.0,4.0,0.0 
 05/26  22:00:00,27.5987611444824845,10.722531848191367,29.3570495585525785,0.0080497452992736165,0.9,1,1,18,0,0,1,0.5,80,27,4,0
 05/26  23:00:00,26.342158985818973,10.544244679305596,28.432949733093285,0.00795355581786173,0.9,1.0,1.0,18.0,0.0,0.0,1.0,0.5,80.0,27.0,4.0,0.0 
 05/26  24:00:00,24.976844017184526,10.215638220412313,27.190903860084717,0.007779968719411644,0.95,1.0,1.0,18.0,0.0,0.0,1.0,0.5,80.0,27.0,4.0,0.0 
 05/27  01:00:00,23.386147513345318,9.673888930580516,23.563160170943508,0.0075015894114081275,0.95,0.0,0.23,5.0,0.0,0.0,1.0,0.5,80.0,27.0,4.0,0.0 
 05/27  02:00:00,21.66991760349945,8.949178660073466,21.979812502543,0.0071411848236585095,0.95,0.0,0.23,5.0,0.0,0.0,1.0,0.5,80.0,27.0,4.0,0.0 
 05/27  03:00:00,20.525606530044875,8.37530529599012,20.899675298687182,0.006867086772877292,0.95,0.0,0.23,5.0,0.0,0.0,1.0,0.5,80.0,27.0,4.0,0.0 
 05/27  04:00:00,19.6567230862627,7.821798378900239,20.13330731413324,0.0066116977231515444,0.95,0.0,0.23,5.0,0.0,0.0,1.0,0.5,80.0,27.0,4.0,0.0 
 05/27  05:00:00,19.059832779262607,6.96555966059341,19.438038485432898,0.006232768636003279,0.95,0.0,0.23,5.0,0.0,0.0,1.0,0.5,80.0,27.0,4.0,0.0 
 05/27  06:00:00,22.806760025379695,7.040063371268545,21.389740351844146,0.006266044450073501,0.95,0.0,0.23,5.0,0.0,0.0,1.0,0.5,80.0,27.0,4.0,0.0 
 05/27  07:00:00,26.98024196368143,7.36080994747566,25.69474373687849,0.00640773635463595,0.95,0.0,0.23,5.0,0.0,0.0,1.0,0.5,80.0,27.0,4.0,0.0 
 05/27  08:00:00,28.999208708445142,7.78480535070298,26.788911885295203,0.006599100518975547,0.95,0.0,0.23,5.0,0.0,0.0,1.0,0.5,80.0,27.0,4.0,0.0 
 05/27  09:00:00,30.21807985640325,8.081887671554538,28.297279668105592,0.0067365406406175695,0.95,0.0,0.23,5.0,0.0,0.0,1.0,0.5,80.0,27.0,4.0,0.0 
 05/27  10:00:00,31.967627080474564,7.961174834402251,29.760813452495576,0.006681897797377153,0.6,0.0,0.23,5.0,0.0,0.0,1.0,0.5,80.0,27.0,4.0,0.0 
 05/27  11:00:00,34.005035457856266,7.735397316127275,31.723854677689737,0.006579833090300066,0.6,0.0,0.23,5.0,0.0,0.0,1.0,0.5,80.0,27.0,4.0,0.0 
 05/27  12:00:00,35.3100083242365,7.6345216362170305,33.29561424625933,0.00653526326796534,0.6,0.0,0.23,5.0,0.0,0.0,1.0,0.5,80.0,27.0,4.0,0.0 
 05/27  13:00:00,35.54389157727577,7.511447656548621,34.13801084806609,0.006481020133244345,0.6,0.0,0.69,5.0,0.0,0.0,1.0,0.5,80.0,27.0,4.0,0.0 
 05/27  14:00:00,31.963704617617694,7.318307170652331,32.287415585245355,0.006395668828741791,0.6,0.0,0.69,5.0,0.0,0.0,1.0,0.5,80.0,27.0,4.0,0.0 
 05/27  15:00:00,31.767087551262684,7.283406977822235,31.041338541824594,0.006380889939472389,0.6,0.0,0.23,5.0,0.0,0.0,1.0,0.5,80.0,27.0,4.0,0.0 
 05/27  16:00:00,34.780638850467746,7.2119002071824685,32.379408067762576,0.006349971388559316,0.6,0.0,0.23,5.0,0.0,0.0,1.0,0.5,80.0,27.0,4.0,0.0 
 05/27  17:00:00,37.58434314145076,7.087006839457302,34.92714455759216,0.006295927193450262,0.6,0.0,0.23,5.0,0.0,0.0,1.0,0.5,80.0,27.0,4.0,0.0 
 05/27  18:00:00,34.63423784993497,7.165749963954877,33.76626434692548,0.006330926193004743,0.6,0.0,0.23,5.0,0.0,0.0,1.0,0.5,80.0,27.0,4.0,0.0 
 05/27  19:00:00,30.334135204046447,7.232925923144309,30.394386237628048,0.006361070324753011,0.9,0.0,0.23,5.0,0.0,0.0,1.0,0.5,80.0,27.0,4.0,0.0 
 05/27  20:00:00,27.357883550531987,7.9574977698750295,28.779148246481796,0.006687861503479517,0.9,1.0,0.23,5.0,0.0,0.0,1.0,0.5,80.0,27.0,4.0,0.0 
 05/27  21:00:00,25.71689899062316,9.16372294266806,28.328882232460607,0.007264949944902118,0.9,1.0,1.0,5.0,0.0,0.0,1.0,0.5,80.0,27.0,4.0,0.0 
 05/27  22:00:00,25.6411757094522125,10.086324163591659,27.813394354799415,0.007749312508576598,0.9,1,1,5,0,0,1,0.5,80,27,4,0
 05/27  23:00:00,25.565452428281265,11.008925384515258,27.297906477138223,0.008233675072251078,0.9,1.0,1.0,5.0,0.0,0.0,1.0,0.5,80.0,27.0,4.0,0.0 
 05/27  24:00:00,24.577446109548962,11.689557354056046,26.871336858897855,0.00861978067935383,0.9,1.0,1.0,5.0,0.0,0.0,1.0,0.5,80.0,27.0,4.0,0.0 
 05/28  01:00:00,23.19588244850576,12.086147369710625,23.42994523682269,0.008853339091522154,0.95,0.0,0.23,5.0,0.0,0.0,1.0,0.5,80.0,27.0,4.0,0.0 
 05/28  02:00:00,21.38304792326966,11.677572434267471,21.64553846909576,0.008615292210371555,0.95,0.0,0.23,5.0,0.0,0.0,1.0,0.5,80.0,27.0,4.0,0.0 
 05/28  03:00:00,20.147374890423634,11.171274631812441,20.397569180493925,0.0083281662547562,0.95,0.0,0.23,5.0,0.0,0.0,1.0,0.5,80.0,27.0,4.0,0.0 
 05/28  04:00:00,19.241503211228455,10.636634982904203,19.48792925188877,0.008034161037623291,0.95,0.0,0.23,5.0,0.0,0.0,1.0,0.5,80.0,27.0,4.0,0.0 
 05/28  05:00:00,18.56779711467556,10.214264741111288,18.856520660919276,0.0078087235505867846,0.95,0.0,0.23,5.0,0.0,0.0,1.0,0.5,80.0,27.0,4.0,0.0 
 05/28  06:00:00,18.539080022697206,9.714730445170149,18.60236071422935,0.007549196730740092,0.95,0.0,0.23,5.0,0.0,0.0,1.0,0.5,80.0,27.0,4.0,0.0 
 05/28  07:00:00,19.716803560939297,8.849297836226324,19.348210086786306,0.007117370561953746,0.95,0.0,0.23,5.0,0.0,0.0,1.0,0.5,80.0,27.0,4.0,0.0 
 05/28  08:00:00,21.708734077642024,8.818456402048742,21.001980832594548,0.007103015733679013,0.95,0.0,0.23,5.0,0.0,0.0,1.0,0.5,80.0,27.0,4.0,0.0 
 05/28  09:00:00,24.477058993630173,9.41799248495497,23.383080272777207,0.007400470765935367,0.95,0.0,0.23,5.0,0.0,0.0,1.0,0.5,80.0,27.0,4.0,0.0 
 05/28  10:00:00,27.215640713715295,9.513991771033691,25.930747261908266,0.007449677020899783,0.6,0.0,0.23,5.0,0.0,0.0,1.0,0.5,80.0,27.0,4.0,0.0 
 05/28  11:00:00,29.115044891413387,8.658316755486078,27.067208865900962,0.007027637655090811,0.6,0.0,0.23,5.0,0.0,0.0,1.0,0.5,80.0,27.0,4.0,0.0 
 05/28  12:00:00,29.69844805203263,8.553339519191528,27.596221095497278,0.0069779076123937,0.6,0.0,0.23,5.0,0.0,0.0,1.0,0.5,80.0,27.0,4.0,0.0 
 05/28  13:00:00,30.205722531574164,7.77043981480266,28.458593704391877,0.006613010148839636,0.6,0.0,0.69,5.0,0.0,0.0,1.0,0.5,80.0,27.0,4.0,0.0 
 05/28  14:00:00,31.035436822891658,6.398654218182872,29.220679660809793,0.006013498098641749,0.6,0.0,0.69,5.0,0.0,0.0,1.0,0.5,80.0,27.0,4.0,0.0 
 05/28  15:00:00,31.58255494500626,5.647658566845055,29.477373920201458,0.005706305101779932,0.6,0.0,0.23,5.0,0.0,0.0,1.0,0.5,80.0,27.0,4.0,0.0 
 05/28  16:00:00,30.592064425196618,4.793577356139155,29.271541061787243,0.0053740519604352005,0.6,0.0,0.23,5.0,0.0,0.0,1.0,0.5,80.0,27.0,4.0,0.0 
 05/28  17:00:00,29.249358181178028,4.2319536518744245,28.238553000053855,0.0051651023907084165,0.6,0.0,0.23,5.0,0.0,0.0,1.0,0.5,80.0,27.0,4.0,0.0 
 05/28  18:00:00,27.090793996198972,3.8505883806579844,26.79963399146109,0.005027386953239288,0.6,0.0,0.23,5.0,0.0,0.0,1.0,0.5,80.0,27.0,4.0,0.0 
 05/28  19:00:00,25.025852382464446,3.922307177575361,25.103039508150633,0.0050530321305285435,0.9,0.0,0.23,5.0,0.0,0.0,1.0,0.5,80.0,27.0,4.0,0.0 
 05/28  20:00:00,22.747214459597654,3.611118608492629,24.45394681081269,0.0049425979050459305,0.9,1.0,0.23,5.0,0.0,0.0,1.0,0.5,80.0,27.0,4.0,0.0 
 05/28  21:00:00,21.87371354788335,3.2034100578422606,24.24499985825728,0.0048011764038539285,0.9,1.0,1.0,5.0,0.0,0.0,1.0,0.5,80.0,27.0,4.0,0.0 
 05/28  22:00:00,21.7756823707403,3.2763241657733993,23.9837156798810565,0.00482625758169770695,0.9,1,1,5,0,0,1,0.5,80,27,4,0
 05/28  23:00:00,21.67765119359725,3.349238273704538,23.722431501504833,0.0048513387595414854,0.9,1.0,1.0,5.0,0.0,0.0,1.0,0.5,80.0,27.0,4.0,0.0 
 05/28  24:00:00,20.997152466043314,3.365743611714812,23.12984047124979,0.004857094474092624,0.9,1.0,1.0,5.0,0.0,0.0,1.0,0.5,80.0,27.0,4.0,0.0 
 05/29  01:00:00,19.637988599011756,2.940842348054954,19.92457816138718,0.004712072252303875,0.98,0.0,0.23,18.0,0.0,0.0,1.0,0.5,80.0,27.0,4.0,0.0 
 05/29  02:00:00,18.01028399866348,2.2609376420211977,18.333528949660447,0.004488051766104203,0.98,0.0,0.23,18.0,0.0,0.0,1.0,0.5,80.0,27.0,4.0,0.0 
 05/29  03:00:00,16.798264302854324,1.6309845426726859,16.97466450524863,0.004289034678545774,0.98,0.0,0.23,18.0,0.0,0.0,1.0,0.5,80.0,27.0,4.0,0.0 
 05/29  04:00:00,15.99806733790933,2.0168128963482213,16.127049528872575,0.004409968507430926,0.98,0.0,0.23,18.0,0.0,0.0,1.0,0.5,80.0,27.0,4.0,0.0 
 05/29  05:00:00,15.521943116564884,3.051793331333207,15.703644909908853,0.0047495624871695995,0.98,0.0,0.23,18.0,0.0,0.0,1.0,0.5,80.0,27.0,4.0,0.0 
 05/29  06:00:00,16.09978127565912,4.139715120898708,15.592975075035303,0.005131540070327998,0.98,0.0,0.23,18.0,0.0,0.0,1.0,0.5,80.0,27.0,4.0,0.0 
 05/29  07:00:00,17.25371702622792,4.04280700041098,16.24393147789358,0.005096434789665404,0.85,0.0,0.23,18.0,0.0,0.0,1.0,0.5,80.0,27.0,4.0,0.0 
 05/29  08:00:00,19.20381018242404,4.935077330540932,18.603281712018514,0.005427927945743023,0.65,0.0,0.23,12.0,0.0,0.0,0.0,0.5,80.0,37.0,4.0,0.0 
 05/29  09:00:00,22.848768781512565,4.988023753094212,21.72767498409268,0.005448190584621997,0.1,0.0,0.23,18.0,0.0,0.0,0.0,0.0,120.0,37.0,4.0,0.0 
 05/29  10:00:00,25.91304176053756,5.208877299311384,25.2100913186799,0.0055334424512462595,0.1,0.0,0.23,18.0,0.0,0.0,0.0,0.0,120.0,37.0,4.0,0.0 
 05/29  11:00:00,28.6386153708701,5.372572419263895,27.636727794557327,0.005597397732783778,0.1,0.0,0.23,18.0,0.0,0.0,0.0,0.0,120.0,37.0,4.0,0.0 
 05/29  12:00:00,30.02487594461465,5.573650646310062,29.365988745748805,0.0056768622499678775,0.1,0.0,0.23,18.0,0.0,0.0,0.0,0.0,120.0,37.0,4.0,0.0 
 05/29  13:00:00,31.268011501658034,6.016401835437894,31.377105571300763,0.005855398777572262,0.1,0.0,0.69,18.0,0.0,0.0,0.0,0.0,120.0,37.0,4.0,0.0 
 05/29  14:00:00,32.40011119721827,6.235929832339984,32.30122663737704,0.005944872574298468,0.1,0.0,0.69,18.0,0.0,0.0,0.0,0.0,120.0,37.0,4.0,0.0 
 05/29  15:00:00,32.14820139285802,6.593761184021398,32.03970274217751,0.0060938481852765986,0.1,0.0,0.23,18.0,0.0,0.0,0.0,0.0,120.0,37.0,4.0,0.0 
 05/29  16:00:00,30.61985047009076,6.815691354679362,30.831161972942,0.006187531496197345,0.1,0.0,0.23,18.0,0.0,0.0,0.0,0.0,120.0,37.0,4.0,0.0 
 05/29  17:00:00,28.75150671513075,7.023823728598133,29.160021723090924,0.006276492173392761,0.1,0.0,0.23,18.0,0.0,0.0,0.0,0.0,120.0,37.0,4.0,0.0 
 05/29  18:00:00,26.262205107477232,7.068204681141037,26.254281852361494,0.006294811674938753,0.75,0.0,0.23,18.0,0.0,0.0,0.0,0.5,120.0,37.0,4.0,0.0 
 05/29  19:00:00,23.672906640142916,6.216756458582646,23.937803758345133,0.005932219632287293,0.75,0.0,0.23,18.0,0.0,0.0,0.0,0.5,80.0,37.0,4.0,0.0 
 05/29  20:00:00,21.487804202135546,5.582715336007252,23.30474582643996,0.005674194217064672,0.9,1.0,0.23,18.0,0.0,0.0,1.0,0.5,80.0,27.0,4.0,0.0 
 05/29  21:00:00,20.770057635332265,4.909069311297598,23.15189532840384,0.005411148964221931,0.9,1.0,1.0,18.0,0.0,0.0,1.0,0.5,80.0,27.0,4.0,0.0 
 05/29  22:00:00,20.668511754301715,4.781357849901083,22.9083562230518365,0.005362459492369652,0.9,1,1,18,0,0,1,0.5,80,27,4,0
 05/29  23:00:00,20.566965873271165,4.653646388504568,22.664817117699833,0.005313770020517373,0.9,1.0,1.0,18.0,0.0,0.0,1.0,0.5,80.0,27.0,4.0,0.0 
 05/29  24:00:00,19.980574209271087,3.990039252999072,22.13867613021402,0.005069366641225375,0.95,1.0,1.0,18.0,0.0,0.0,1.0,0.5,80.0,27.0,4.0,0.0 
 05/30  01:00:00,18.846840587363985,3.5648718753939885,19.24792446932773,0.0049170906439255915,0.98,0.0,0.23,18.0,0.0,0.0,1.0,0.5,80.0,27.0,4.0,0.0 
 05/30  02:00:00,17.303003336688736,3.2718041696901365,17.650585078850327,0.0048147853803916585,0.98,0.0,0.23,18.0,0.0,0.0,1.0,0.5,80.0,27.0,4.0,0.0 
 05/30  03:00:00,16.106145045902355,2.9445835786117636,16.435514943211697,0.004702901010547815,0.98,0.0,0.23,18.0,0.0,0.0,1.0,0.5,80.0,27.0,4.0,0.0 
 05/30  04:00:00,15.309848571197485,2.739359719803213,15.67682610906667,0.004633646630958408,0.98,0.0,0.23,18.0,0.0,0.0,1.0,0.5,80.0,27.0,4.0,0.0 
 05/30  05:00:00,14.803948554824872,2.733201341468513,15.22074268774249,0.004630909458188465,0.98,0.0,0.23,18.0,0.0,0.0,1.0,0.5,80.0,27.0,4.0,0.0 
 05/30  06:00:00,16.85664570730411,2.93236290526401,15.715652333494148,0.004696585596450475,0.98,0.0,0.23,18.0,0.0,0.0,1.0,0.5,80.0,27.0,4.0,0.0 
 05/30  07:00:00,19.805707899320005,3.149614697647223,18.806709110639062,0.0047692418639248176,0.85,0.0,0.23,18.0,0.0,0.0,1.0,0.5,80.0,27.0,4.0,0.0 
 05/30  08:00:00,25.426869572824458,3.3268557320536387,22.91258536645166,0.004829115003875013,0.65,0.0,0.23,12.0,0.0,0.0,0.0,0.5,80.0,37.0,4.0,0.0 
 05/30  09:00:00,28.00874701600874,3.4938453342283506,27.26786966713239,0.004886091511591676,0.1,0.0,0.23,18.0,0.0,0.0,0.0,0.0,120.0,37.0,4.0,0.0 
 05/30  10:00:00,31.95264166795272,3.7267657128529805,30.726537494392268,0.004966926996660102,0.1,0.0,0.23,18.0,0.0,0.0,0.0,0.0,120.0,37.0,4.0,0.0 
 05/30  11:00:00,34.18277541488095,4.020471106073132,33.42025955582678,0.005070704399736433,0.1,0.0,0.23,18.0,0.0,0.0,0.0,0.0,120.0,37.0,4.0,0.0 
 05/30  12:00:00,34.53768064472179,4.3323615421098784,34.11695273643602,0.005183071727758391,0.1,0.0,0.23,18.0,0.0,0.0,0.0,0.0,120.0,37.0,4.0,0.0 
 05/30  13:00:00,35.39836285380427,4.648617278839689,35.51915696569156,0.00529928635310569,0.1,0.0,0.69,18.0,0.0,0.0,0.0,0.0,120.0,37.0,4.0,0.0 
 05/30  14:00:00,37.255036396926556,4.988961000693318,36.953518524524206,0.0054277708359554665,0.1,0.0,0.69,18.0,0.0,0.0,0.0,0.0,120.0,37.0,4.0,0.0 
 05/30  15:00:00,38.872073503234226,5.314900454296637,38.15138374326217,0.005553414451772724,0.1,0.0,0.23,18.0,0.0,0.0,0.0,0.0,120.0,37.0,4.0,0.0 
 05/30  16:00:00,39.14592095792926,5.613328056678987,38.74715726098153,0.005670658647521112,0.1,0.0,0.23,18.0,0.0,0.0,0.0,0.0,120.0,37.0,4.0,0.0 
 05/30  17:00:00,36.331802029958375,5.937936777406287,36.6871786699798,0.005800768488619957,0.1,0.0,0.23,18.0,0.0,0.0,0.0,0.0,120.0,37.0,4.0,0.0 
 05/30  18:00:00,32.67050697204408,7.823778718699565,32.46289569547343,0.006611472691486163,0.75,0.0,0.23,18.0,0.0,0.0,0.0,0.5,120.0,37.0,4.0,0.0 
 05/30  19:00:00,28.616497033027517,8.298644280647162,28.86652015096916,0.006830840201826476,0.75,0.0,0.23,18.0,0.0,0.0,0.0,0.5,80.0,37.0,4.0,0.0 
 05/30  20:00:00,25.750159359943446,8.237448503120309,27.2913822006689,0.006802055742235412,0.9,1.0,0.23,18.0,0.0,0.0,1.0,0.5,80.0,27.0,4.0,0.0 
 05/30  21:00:00,24.464750424768113,8.485506734762138,26.91434158782542,0.006918638859952041,0.9,1.0,1.0,18.0,0.0,0.0,1.0,0.5,80.0,27.0,4.0,0.0 
 05/30  22:00:00,24.2870404445687865,8.665624499034974,26.554679558226435,0.007004965391687517,0.9,1,1,18,0,0,1,0.5,80,27,4,0
 05/30  23:00:00,24.10933046436946,8.84574226330781,26.19501752862745,0.007091291923422993,0.9,1.0,1.0,18.0,0.0,0.0,1.0,0.5,80.0,27.0,4.0,0.0 
 05/30  24:00:00,23.417890428259465,9.510588711773918,25.60030449920118,0.007420210820297243,0.95,1.0,1.0,18.0,0.0,0.0,1.0,0.5,80.0,27.0,4.0,0.0 
 05/31  01:00:00,22.162417242303356,9.642380652287253,22.55803378564129,0.007486663204670925,0.98,0.0,0.23,18.0,0.0,0.0,1.0,0.5,80.0,27.0,4.0,0.0 
 05/31  02:00:00,20.548758165702807,9.196592358321304,21.091514871802733,0.007262626014644938,0.98,0.0,0.23,18.0,0.0,0.0,1.0,0.5,80.0,27.0,4.0,0.0 
 05/31  03:00:00,19.385576161852484,8.657533603725716,20.13271794960508,0.006999767141083969,0.98,0.0,0.23,18.0,0.0,0.0,1.0,0.5,80.0,27.0,4.0,0.0 
 05/31  04:00:00,18.648065729457258,7.932502816834664,19.386458600736162,0.006659696100705813,0.98,0.0,0.23,18.0,0.0,0.0,1.0,0.5,80.0,27.0,4.0,0.0 
 05/31  05:00:00,18.150922301373992,6.783617676439103,18.70885486696953,0.006151009783836233,0.98,0.0,0.23,18.0,0.0,0.0,1.0,0.5,80.0,27.0,4.0,0.0 
 05/31  06:00:00,20.492742377187124,6.79455514394484,20.067035414801204,0.006155558788455271,0.98,0.0,0.23,18.0,0.0,0.0,1.0,0.5,80.0,27.0,4.0,0.0 
 05/31  07:00:00,24.655540599982356,6.745274155627524,23.269731297406505,0.006134409118381486,0.85,0.0,0.23,18.0,0.0,0.0,1.0,0.5,80.0,27.0,4.0,0.0 
 05/31  08:00:00,27.974898979511615,6.753818283740177,26.562902519114818,0.00613792702103827,0.65,0.0,0.23,12.0,0.0,0.0,0.0,0.5,80.0,37.0,4.0,0.0 
 05/31  09:00:00,30.792234417409706,6.93386888024263,30.01950029944342,0.006214975251099213,0.1,0.0,0.23,18.0,0.0,0.0,0.0,0.0,120.0,37.0,4.0,0.0 
 05/31  10:00:00,34.15912936603625,7.160826960159668,33.04536440603982,0.006313296710320663,0.1,0.0,0.23,18.0,0.0,0.0,0.0,0.0,120.0,37.0,4.0,0.0 
 05/31  11:00:00,36.40944885535814,7.43421894513577,35.52374406655748,0.00643368193993791,0.1,0.0,0.23,18.0,0.0,0.0,0.0,0.0,120.0,37.0,4.0,0.0 
 05/31  12:00:00,37.27003960554111,7.720527825176364,36.76786852956338,0.0065619567508399075,0.1,0.0,0.23,18.0,0.0,0.0,0.0,0.0,120.0,37.0,4.0,0.0 
 05/31  13:00:00,37.8070410046975,7.996504320474486,38.03443190492744,0.006687756371207034,0.1,0.0,0.69,18.0,0.0,0.0,0.0,0.0,120.0,37.0,4.0,0.0 
 05/31  14:00:00,40.1465921444465,8.274293328453822,39.702845995538674,0.0068166242005866465,0.1,0.0,0.69,18.0,0.0,0.0,0.0,0.0,120.0,37.0,4.0,0.0 
 05/31  15:00:00,42.039676535499964,8.86358515353046,41.51164590040891,0.007097457389573782,0.1,0.0,0.23,18.0,0.0,0.0,0.0,0.0,120.0,37.0,4.0,0.0 
 05/31  16:00:00,42.53319290223653,9.056081919632739,42.13884129982365,0.007191361359552237,0.1,0.0,0.23,18.0,0.0,0.0,0.0,0.0,120.0,37.0,4.0,0.0 
 05/31  17:00:00,41.20129831909699,9.619559941707102,41.31809808914761,0.007472802889806363,0.1,0.0,0.23,18.0,0.0,0.0,0.0,0.0,120.0,37.0,4.0,0.0 
 05/31  18:00:00,38.97647491344522,9.955658234918634,38.390590906618044,0.007645296483790602,0.75,0.0,0.23,18.0,0.0,0.0,0.0,0.5,120.0,37.0,4.0,0.0 
 05/31  19:00:00,34.96769945501109,9.684300890454153,34.95997096953609,0.0075056200749614565,0.75,0.0,0.23,18.0,0.0,0.0,0.0,0.5,80.0,37.0,4.0,0.0 
 05/31  20:00:00,30.703860412830974,8.655382400913451,32.168821666180364,0.006996700567093565,0.9,1.0,0.23,18.0,0.0,0.0,1.0,0.5,80.0,27.0,4.0,0.0 
 05/31  21:00:00,27.930174885662915,8.50183271720871,30.96562298425488,0.006923401179765245,0.9,1.0,1.0,18.0,0.0,0.0,1.0,0.5,80.0,27.0,4.0,0.0 
 05/31  22:00:00,27.6452459355537705,8.414821809835552,30.1031275044352135,0.006882285226593383,0.9,1,1,18,0,0,1,0.5,80,27,4,0
 05/31  23:00:00,27.360316985444626,8.327810902462394,29.240632024615547,0.006841169273421521,0.9,1.0,1.0,18.0,0.0,0.0,1.0,0.5,80.0,27.0,4.0,0.0 
 05/31  24:00:00,25.97349696878476,8.211738963514662,28.22287153985487,0.006786785118545921,0.95,1.0,1.0,18.0,0.0,0.0,1.0,0.5,80.0,27.0,4.0,0.0 
 06/01  01:00:00,24.348599542763555,8.766248106069462,24.782148379277775,0.007040118036096724,0.98,0.0,0.23,18.0,0.0,0.0,1.0,0.5,80.0,27.0,4.0,0.0 
 06/01  02:00:00,22.51204131611796,9.070980611104815,23.22899793574826,0.007188224259729146,0.98,0.0,0.23,18.0,0.0,0.0,1.0,0.5,80.0,27.0,4.0,0.0 
 06/01  03:00:00,21.302733004265747,9.33617954848756,21.90701007327313,0.007319367628732185,0.98,0.0,0.23,18.0,0.0,0.0,1.0,0.5,80.0,27.0,4.0,0.0 
 06/01  04:00:00,20.390006685859912,9.452548035771304,21.01364877610434,0.007377544046302169,0.98,0.0,0.23,18.0,0.0,0.0,1.0,0.5,80.0,27.0,4.0,0.0 
 06/01  05:00:00,19.768459529505563,9.260185543516242,20.41819861340837,0.007281404165081476,0.98,0.0,0.23,18.0,0.0,0.0,1.0,0.5,80.0,27.0,4.0,0.0 
 06/01  06:00:00,21.14901131158926,9.133448689660023,21.05417444902738,0.007218652251159932,0.98,0.0,0.23,18.0,0.0,0.0,1.0,0.5,80.0,27.0,4.0,0.0 
 06/01  07:00:00,24.002624477742167,9.156366690633524,23.01735086076655,0.0072298783898718695,0.85,0.0,0.23,18.0,0.0,0.0,1.0,0.5,80.0,27.0,4.0,0.0 
 06/01  08:00:00,27.068767205797755,9.208074382758745,25.732726674017698,0.007255355161756903,0.65,0.0,0.23,12.0,0.0,0.0,0.0,0.5,80.0,37.0,4.0,0.0 
 06/01  09:00:00,30.602035239270514,9.349662304946142,29.66086754171026,0.0073256550192259086,0.1,0.0,0.23,18.0,0.0,0.0,0.0,0.0,120.0,37.0,4.0,0.0 
 06/01  10:00:00,35.146131286020875,9.544235599504443,33.49956935679014,0.007423284564909243,0.1,0.0,0.23,18.0,0.0,0.0,0.0,0.0,120.0,37.0,4.0,0.0 
 06/01  11:00:00,37.34308526641479,9.79542596482993,36.422469778836295,0.007551064626201911,0.1,0.0,0.23,18.0,0.0,0.0,0.0,0.0,120.0,37.0,4.0,0.0 
 06/01  12:00:00,38.27595756350864,10.043284066095334,37.64530574046721,0.007679073489121656,0.1,0.0,0.23,18.0,0.0,0.0,0.0,0.0,120.0,37.0,4.0,0.0 
 06/01  13:00:00,38.55363124926477,10.277146165819113,38.67898806222264,0.007801703966900619,0.1,0.0,0.69,18.0,0.0,0.0,0.0,0.0,120.0,37.0,4.0,0.0 
 06/01  14:00:00,40.45160590296499,10.516321422017207,40.00821571987227,0.007928771108657851,0.1,0.0,0.69,18.0,0.0,0.0,0.0,0.0,120.0,37.0,4.0,0.0 
 06/01  15:00:00,41.841679641501386,11.032981395937934,41.29102786781348,0.008209872277415205,0.1,0.0,0.23,18.0,0.0,0.0,0.0,0.0,120.0,37.0,4.0,0.0 
 06/01  16:00:00,42.01397834511321,11.193071169787554,41.57643857969501,0.008298624053493674,0.1,0.0,0.23,18.0,0.0,0.0,0.0,0.0,120.0,37.0,4.0,0.0 
 06/01  17:00:00,40.144992958159996,11.42574981168203,40.19080925167504,0.008429310302052115,0.1,0.0,0.23,18.0,0.0,0.0,0.0,0.0,120.0,37.0,4.0,0.0 
 06/01  18:00:00,37.37887301247537,12.313657300047714,36.58614168911129,0.008945364425989297,0.75,0.0,0.23,18.0,0.0,0.0,0.0,0.5,120.0,37.0,4.0,0.0 
 06/01  19:00:00,33.50340610810995,13.029786981417846,33.05008992416366,0.009381889275343997,0.75,0.0,0.23,18.0,0.0,0.0,0.0,0.5,80.0,37.0,4.0,0.0 
 06/01  20:00:00,29.551397650747433,12.143872286183015,30.345510219609366,0.008844268183755144,0.9,1.0,0.23,18.0,0.0,0.0,1.0,0.5,80.0,27.0,4.0,0.0 
 06/01  21:00:00,26.890354039553575,11.677579247126172,29.047302532225203,0.008572488757640415,0.9,1.0,1.0,18.0,0.0,0.0,1.0,0.5,80.0,27.0,4.0,0.0 
 06/01  22:00:00,26.3632115753717825,11.3420834779398085,28.245394582361339,0.0083834805660685005,0.9,1,1,18,0,0,1,0.5,80,27,4,0
 06/01  23:00:00,25.83606911118999,11.006587708753445,27.443486632497475,0.008194472374496586,0.9,1.0,1.0,18.0,0.0,0.0,1.0,0.5,80.0,27.0,4.0,0.0 
 06/01  24:00:00,24.574614630237342,10.863929162963,26.890533851536905,0.008116006907846727,0.95,1.0,1.0,18.0,0.0,0.0,1.0,0.5,80.0,27.0,4.0,0.0 
 06/02  01:00:00,23.45552742730403,10.778264889081933,23.664984690270863,0.008069019253864681,0.98,0.0,0.23,18.0,0.0,0.0,1.0,0.5,80.0,27.0,4.0,0.0 
 06/02  02:00:00,21.89428901727909,10.563095911701417,22.24591913926597,0.007952591527081674,0.98,0.0,0.23,18.0,0.0,0.0,1.0,0.5,80.0,27.0,4.0,0.0 
 06/02  03:00:00,20.734284143441794,10.283760783755305,21.263124817931118,0.007803632780871974,0.98,0.0,0.23,18.0,0.0,0.0,1.0,0.5,80.0,27.0,4.0,0.0 
 06/02  04:00:00,19.994413113987562,9.987445714922428,20.508932674280896,0.0076484394692568,0.98,0.0,0.23,18.0,0.0,0.0,1.0,0.5,80.0,27.0,4.0,0.0 
 06/02  05:00:00,19.41589507631278,9.365308085531106,19.799832564714563,0.0073316322487378925,0.98,0.0,0.23,18.0,0.0,0.0,1.0,0.5,80.0,27.0,4.0,0.0 
 06/02  06:00:00,21.527838495745797,8.819756230972326,20.829986119290773,0.0070634610814678984,0.98,0.0,0.23,18.0,0.0,0.0,1.0,0.5,80.0,27.0,4.0,0.0 
 06/02  07:00:00,25.112660203202395,8.929776782650537,23.909363251724194,0.007116725267477686,0.85,0.0,0.23,18.0,0.0,0.0,1.0,0.5,80.0,27.0,4.0,0.0 
 06/02  08:00:00,29.460344767524273,9.227264414318109,27.662843083201924,0.0072626746454758345,0.65,0.0,0.23,12.0,0.0,0.0,0.0,0.5,80.0,37.0,4.0,0.0 
 06/02  09:00:00,33.194999740989566,9.390025616487522,32.23409877730995,0.0073435471508681025,0.1,0.0,0.23,18.0,0.0,0.0,0.0,0.0,120.0,37.0,4.0,0.0 
 06/02  10:00:00,36.8985894911591,9.622698555229686,35.651136859995304,0.007460694861185777,0.1,0.0,0.23,18.0,0.0,0.0,0.0,0.0,120.0,37.0,4.0,0.0 
 06/02  11:00:00,38.62661475847582,9.881504593419049,37.77973483033248,0.007592969753565403,0.1,0.0,0.23,18.0,0.0,0.0,0.0,0.0,120.0,37.0,4.0,0.0 
 06/02  12:00:00,38.862673924524735,10.105686224040674,38.408866650122235,0.0077091522562994005,0.1,0.0,0.23,18.0,0.0,0.0,0.0,0.0,120.0,37.0,4.0,0.0 
 06/02  13:00:00,39.20539706087724,10.341980036292192,39.41507158691983,0.007833417575531288,0.1,0.0,0.69,18.0,0.0,0.0,0.0,0.0,120.0,37.0,4.0,0.0 
 06/02  14:00:00,41.45099288354669,10.58161685827103,40.95132276490409,0.007962866324190706,0.1,0.0,0.69,18.0,0.0,0.0,0.0,0.0,120.0,37.0,4.0,0.0 
 06/02  15:00:00,43.400529633579836,11.094378512870575,42.746561243047694,0.008244617109300486,0.1,0.0,0.23,18.0,0.0,0.0,0.0,0.0,120.0,37.0,4.0,0.0 
 06/02  16:00:00,44.70174246148173,11.593262429015736,44.22422098960874,0.008527247657971655,0.1,0.0,0.23,18.0,0.0,0.0,0.0,0.0,120.0,37.0,4.0,0.0 
 06/02  17:00:00,42.98889841073547,11.774530897991902,42.979441931129216,0.008633208428232527,0.1,0.0,0.23,18.0,0.0,0.0,0.0,0.0,120.0,37.0,4.0,0.0 
 06/02  18:00:00,39.7600734117777,12.310125865144856,39.05286690935614,0.008949729108354086,0.75,0.0,0.23,18.0,0.0,0.0,0.0,0.5,120.0,37.0,4.0,0.0 
 06/02  19:00:00,35.65648669064028,12.61253044066924,35.23741985108449,0.009133710596809935,0.75,0.0,0.23,18.0,0.0,0.0,0.0,0.5,80.0,37.0,4.0,0.0 
 06/02  20:00:00,31.369153101778775,11.90682572506499,32.218874394676845,0.008715175688501327,0.9,1.0,0.23,18.0,0.0,0.0,1.0,0.5,80.0,27.0,4.0,0.0 
 06/02  21:00:00,28.442968179464987,11.709383735517534,30.74079979259938,0.008602350621070265,0.9,1.0,1.0,18.0,0.0,0.0,1.0,0.5,80.0,27.0,4.0,0.0 
 06/02  22:00:00,27.9195530000191495,11.729247591322074,30.0085926560545215,0.008614681782765565,0.9,1,1,18,0,0,1,0.5,80,27,4,0
 06/02  23:00:00,27.396137820573312,11.749111447126614,29.276385519509663,0.008627012944460865,0.9,1.0,1.0,18.0,0.0,0.0,1.0,0.5,80.0,27.0,4.0,0.0 
 06/02  24:00:00,26.18106644027122,11.729240347651563,28.177748011252678,0.008617181927414206,0.95,1.0,1.0,18.0,0.0,0.0,1.0,0.5,80.0,27.0,4.0,0.0 
 06/03  01:00:00,24.61397542999847,11.69240673841002,24.925788296675144,0.008599311670642281,0.95,0.0,0.23,5.0,0.0,0.0,1.0,0.5,80.0,27.0,4.0,0.0 
 06/03  02:00:00,23.048473338812528,11.595230502478218,23.649227693455682,0.008545190137101127,0.95,0.0,0.23,5.0,0.0,0.0,1.0,0.5,80.0,27.0,4.0,0.0 
 06/03  03:00:00,22.16767394377686,11.564300875621756,22.753489996268854,0.008529111775111925,0.95,0.0,0.23,5.0,0.0,0.0,1.0,0.5,80.0,27.0,4.0,0.0 
 06/03  04:00:00,21.539115318047863,11.634690419822746,22.159844848598944,0.008571193378457829,0.95,0.0,0.23,5.0,0.0,0.0,1.0,0.5,80.0,27.0,4.0,0.0 
 06/03  05:00:00,21.108441563175862,12.119583856977137,21.79775753530768,0.008855628480695744,0.95,0.0,0.23,5.0,0.0,0.0,1.0,0.5,80.0,27.0,4.0,0.0 
 06/03  06:00:00,21.68396753223128,12.877334641812093,21.957996184585788,0.009316190119357906,0.95,0.0,0.23,5.0,0.0,0.0,1.0,0.5,80.0,27.0,4.0,0.0 
 06/03  07:00:00,21.866233694232196,13.188947950333581,22.259965870033653,0.00951277398948757,0.95,0.0,0.23,5.0,0.0,0.0,1.0,0.5,80.0,27.0,4.0,0.0 
 06/03  08:00:00,23.00125494201669,13.680256299996598,23.01836796724222,0.009829310885299378,0.95,0.0,0.23,5.0,0.0,0.0,1.0,0.5,80.0,27.0,4.0,0.0 
 06/03  09:00:00,22.50813740782377,13.90257989023492,23.17708759684596,0.009976632619031917,0.95,0.0,0.23,5.0,0.0,0.0,1.0,0.5,80.0,27.0,4.0,0.0 
 06/03  10:00:00,24.784781786886274,13.71924562644722,24.225413523058016,0.009858553701811042,0.6,0.0,0.23,5.0,0.0,0.0,1.0,0.5,80.0,27.0,4.0,0.0 
 06/03  11:00:00,28.56414897732605,13.580963626587009,26.73572825561503,0.009770704570658387,0.6,0.0,0.23,5.0,0.0,0.0,1.0,0.5,80.0,27.0,4.0,0.0 
 06/03  12:00:00,30.41607819549207,13.49975720625277,28.56744538956648,0.009720308756269069,0.6,0.0,0.23,5.0,0.0,0.0,1.0,0.5,80.0,27.0,4.0,0.0 
 06/03  13:00:00,32.64491853759584,13.34054317367757,30.892792746500376,0.009620304939295358,0.6,0.0,0.69,5.0,0.0,0.0,1.0,0.5,80.0,27.0,4.0,0.0 
 06/03  14:00:00,34.433838465542266,13.109915800353484,32.54916147979943,0.00947190997269743,0.6,0.0,0.69,5.0,0.0,0.0,1.0,0.5,80.0,27.0,4.0,0.0 
 06/03  15:00:00,36.00242955140677,13.001779514093775,33.68598560409165,0.009401877965866404,0.6,0.0,0.23,5.0,0.0,0.0,1.0,0.5,80.0,27.0,4.0,0.0 
 06/03  16:00:00,36.30022719528329,12.886120169623835,34.36078467841595,0.00932755558763498,0.6,0.0,0.23,5.0,0.0,0.0,1.0,0.5,80.0,27.0,4.0,0.0 
 06/03  17:00:00,36.47908749884062,13.044413758477768,34.637308500435424,0.009423872707512753,0.6,0.0,0.23,5.0,0.0,0.0,1.0,0.5,80.0,27.0,4.0,0.0 
 06/03  18:00:00,35.40875462802801,13.212699846121042,34.38142792304192,0.009527290084949356,0.6,0.0,0.23,5.0,0.0,0.0,1.0,0.5,80.0,27.0,4.0,0.0 
 06/03  19:00:00,33.92185510723332,13.281006534017296,33.256775022627735,0.009568217941431376,0.9,0.0,0.23,5.0,0.0,0.0,1.0,0.5,80.0,27.0,4.0,0.0 
 06/03  20:00:00,29.955573693881018,13.32459283185022,31.298418865294174,0.009593478172413312,0.9,1.0,0.23,5.0,0.0,0.0,1.0,0.5,80.0,27.0,4.0,0.0 
 06/03  21:00:00,27.434467877049723,13.650409512432574,30.663662698021735,0.00980024203742956,0.9,1.0,1.0,5.0,0.0,0.0,1.0,0.5,80.0,27.0,4.0,0.0 
 06/03  22:00:00,27.399544629840605,13.739452942000385,29.9985914114044495,0.0098569929725899635,0.9,1,1,5,0,0,1,0.5,80,27,4,0
 06/03  23:00:00,27.364621382631487,13.828496371568196,29.333520124787164,0.009913743907750367,0.9,1.0,1.0,5.0,0.0,0.0,1.0,0.5,80.0,27.0,4.0,0.0 
 06/03  24:00:00,26.239355604753456,13.861834578573655,28.57317175743097,0.009933186582324352,0.9,1.0,1.0,5.0,0.0,0.0,1.0,0.5,80.0,27.0,4.0,0.0 
 06/04  01:00:00,24.85841631196433,13.873831807775789,25.453525494063918,0.009936149429404361,0.95,0.0,0.23,5.0,0.0,0.0,1.0,0.5,80.0,27.0,4.0,0.0 
 06/04  02:00:00,23.20218756692796,13.663896900700648,24.064059210251,0.009796835000319517,0.95,0.0,0.23,5.0,0.0,0.0,1.0,0.5,80.0,27.0,4.0,0.0 
 06/04  03:00:00,22.17510034782427,13.535508752052426,23.064509055652593,0.009711653336344417,0.95,0.0,0.23,5.0,0.0,0.0,1.0,0.5,80.0,27.0,4.0,0.0 
 06/04  04:00:00,21.50551558083133,13.397881078331226,22.32090530009591,0.009621155948114479,0.95,0.0,0.23,5.0,0.0,0.0,1.0,0.5,80.0,27.0,4.0,0.0 
 06/04  05:00:00,20.990204486291557,13.017154623150034,21.636451521434772,0.009379019532080212,0.95,0.0,0.23,5.0,0.0,0.0,1.0,0.5,80.0,27.0,4.0,0.0 
 06/04  06:00:00,23.394147456755444,12.774545455132285,23.14194334100198,0.009226693310927955,0.95,0.0,0.23,5.0,0.0,0.0,1.0,0.5,80.0,27.0,4.0,0.0 
 06/04  07:00:00,27.931937536630237,12.762848655948419,26.211872159184292,0.009217294240413338,0.95,0.0,0.23,5.0,0.0,0.0,1.0,0.5,80.0,27.0,4.0,0.0 
 06/04  08:00:00,30.93379519931034,12.888303900711865,28.89353041679403,0.009292166438603585,0.95,0.0,0.23,5.0,0.0,0.0,1.0,0.5,80.0,27.0,4.0,0.0 
 06/04  09:00:00,34.2607373612808,13.216344410126041,32.04638339069312,0.00949445049014022,0.95,0.0,0.23,5.0,0.0,0.0,1.0,0.5,80.0,27.0,4.0,0.0 
 06/04  10:00:00,37.01920270665453,12.9584066594437,34.80494579591909,0.009330955100769025,0.6,0.0,0.23,5.0,0.0,0.0,1.0,0.5,80.0,27.0,4.0,0.0 
 06/04  11:00:00,38.79512068758738,12.748738956027497,36.60452993071142,0.009199587533212095,0.6,0.0,0.23,5.0,0.0,0.0,1.0,0.5,80.0,27.0,4.0,0.0 
 06/04  12:00:00,39.61368764683822,12.429966467344576,37.71025619815467,0.00900408546709289,0.6,0.0,0.23,5.0,0.0,0.0,1.0,0.5,80.0,27.0,4.0,0.0 
 06/04  13:00:00,40.008034362871406,11.878762938234502,38.85283197766479,0.008676497298668331,0.6,0.0,0.69,5.0,0.0,0.0,1.0,0.5,80.0,27.0,4.0,0.0 
 06/04  14:00:00,42.31502322098069,11.572253002148551,40.43264191161501,0.008500304728314227,0.6,0.0,0.69,5.0,0.0,0.0,1.0,0.5,80.0,27.0,4.0,0.0 
 06/04  15:00:00,44.583604711150706,11.190070020273204,42.23818965344077,0.008285060966783449,0.6,0.0,0.23,5.0,0.0,0.0,1.0,0.5,80.0,27.0,4.0,0.0 
 06/04  16:00:00,45.80518470725741,10.961447373930348,43.64066395267945,0.008158711942992518,0.6,0.0,0.23,5.0,0.0,0.0,1.0,0.5,80.0,27.0,4.0,0.0 
 06/04  17:00:00,45.919747095123796,10.730823886411473,43.84631037576214,0.00803300508365043,0.6,0.0,0.23,5.0,0.0,0.0,1.0,0.5,80.0,27.0,4.0,0.0 
 06/04  18:00:00,44.30307189960467,10.5806108991511,43.00272309504843,0.007952118230614352,0.6,0.0,0.23,5.0,0.0,0.0,1.0,0.5,80.0,27.0,4.0,0.0 
 06/04  19:00:00,41.222014551186376,10.527832025145464,40.54824765693331,0.007923974084447982,0.9,0.0,0.23,5.0,0.0,0.0,1.0,0.5,80.0,27.0,4.0,0.0 
 06/04  20:00:00,36.01205343757752,10.57365189859644,37.22628258879317,0.007948699577217524,0.9,1.0,0.23,5.0,0.0,0.0,1.0,0.5,80.0,27.0,4.0,0.0 
 06/04  21:00:00,32.43695462351835,11.082240946566342,35.35188857794312,0.008226163641454037,0.9,1.0,1.0,5.0,0.0,0.0,1.0,0.5,80.0,27.0,4.0,0.0 
 06/04  22:00:00,31.813526778129223,11.1423823620020595,34.315772665607885,0.0082596648681160545,0.9,1,1,5,0,0,1,0.5,80,27,4,0
 06/04  23:00:00,31.190098932740096,11.202523777437777,33.27965675327265,0.008293166094778072,0.9,1.0,1.0,5.0,0.0,0.0,1.0,0.5,80.0,27.0,4.0,0.0 
 06/04  24:00:00,29.46673973675078,11.158040463322417,31.752613214022247,0.00826855741566779,0.9,1.0,1.0,5.0,0.0,0.0,1.0,0.5,80.0,27.0,4.0,0.0 
 06/05  01:00:00,26.904676144948038,11.621816425582532,27.206867592294568,0.008530485384135504,0.98,0.0,0.23,18.0,0.0,0.0,1.0,0.5,80.0,27.0,4.0,0.0 
 06/05  02:00:00,25.036647093227756,11.632447811744655,25.510189553279595,0.008536739134385612,0.98,0.0,0.23,18.0,0.0,0.0,1.0,0.5,80.0,27.0,4.0,0.0 
 06/05  03:00:00,23.749800908991425,11.572091288029705,24.19578187896616,0.008502428111160858,0.98,0.0,0.23,18.0,0.0,0.0,1.0,0.5,80.0,27.0,4.0,0.0 
 06/05  04:00:00,22.76225243909512,11.571009258850344,23.225075057356765,0.008501981712524257,0.98,0.0,0.23,18.0,0.0,0.0,1.0,0.5,80.0,27.0,4.0,0.0 
 06/05  05:00:00,22.072880375011867,11.718268746812655,22.582137476077744,0.008586414305123238,0.98,0.0,0.23,18.0,0.0,0.0,1.0,0.5,80.0,27.0,4.0,0.0 
 06/05  06:00:00,24.089898977049906,11.745644006170965,23.480261998909313,0.008602349299721583,0.98,0.0,0.23,18.0,0.0,0.0,1.0,0.5,80.0,27.0,4.0,0.0 
 06/05  07:00:00,27.244195688809604,11.883026579584085,26.056893956854406,0.008682020142241707,0.85,0.0,0.23,18.0,0.0,0.0,1.0,0.5,80.0,27.0,4.0,0.0 
 06/05  08:00:00,31.08485962975161,11.950560827939059,29.47724720001404,0.008721515389916022,0.65,0.0,0.23,12.0,0.0,0.0,0.0,0.5,80.0,37.0,4.0,0.0 
 06/05  09:00:00,34.112425456339295,12.1135690893018,33.279822884075834,0.00881726004203988,0.1,0.0,0.23,18.0,0.0,0.0,0.0,0.0,120.0,37.0,4.0,0.0 
 06/05  10:00:00,37.540953307376846,12.3206031192482,36.146993942749276,0.008940172216344237,0.1,0.0,0.23,18.0,0.0,0.0,0.0,0.0,120.0,37.0,4.0,0.0 
 06/05  11:00:00,39.335203819107555,12.540892990131937,38.58678647100788,0.00907262613578349,0.1,0.0,0.23,18.0,0.0,0.0,0.0,0.0,120.0,37.0,4.0,0.0 
 06/05  12:00:00,39.94528624675221,12.74207875086546,39.43101154149612,0.009195142866900775,0.1,0.0,0.23,18.0,0.0,0.0,0.0,0.0,120.0,37.0,4.0,0.0 
 06/05  13:00:00,40.348876537003164,13.195140835384915,40.65486153889035,0.00947625351221192,0.1,0.0,0.69,18.0,0.0,0.0,0.0,0.0,120.0,37.0,4.0,0.0 
 06/05  14:00:00,42.886626060869844,13.38508470421474,42.36355771087399,0.009597071558192173,0.1,0.0,0.69,18.0,0.0,0.0,0.0,0.0,120.0,37.0,4.0,0.0 
 06/05  15:00:00,45.112897242279864,13.823204163113607,44.43724518408017,0.009879998792436857,0.1,0.0,0.23,18.0,0.0,0.0,0.0,0.0,120.0,37.0,4.0,0.0 
 06/05  16:00:00,46.5005204592429,14.00292793330622,45.900851620496894,0.009998682544837437,0.1,0.0,0.23,18.0,0.0,0.0,0.0,0.0,120.0,37.0,4.0,0.0 
 06/05  17:00:00,46.26900667623251,14.271973769374414,46.17729997607704,0.010178236206738784,0.1,0.0,0.23,18.0,0.0,0.0,0.0,0.0,120.0,37.0,4.0,0.0 
 06/05  18:00:00,44.849262574136205,14.660626098695534,43.576115594309414,0.010442502145805594,0.75,0.0,0.23,18.0,0.0,0.0,0.0,0.5,120.0,37.0,4.0,0.0 
 06/05  19:00:00,40.67463767236128,14.652475550036893,40.294482201116594,0.010437755310049448,0.75,0.0,0.23,18.0,0.0,0.0,0.0,0.5,80.0,37.0,4.0,0.0 
 06/05  20:00:00,35.50269622831953,14.342237662484019,36.388232561472805,0.010227883478799367,0.9,1.0,0.23,18.0,0.0,0.0,1.0,0.5,80.0,27.0,4.0,0.0 
 06/05  21:00:00,31.800384688892414,14.67798879735419,34.219919845382485,0.010456832872330204,0.9,1.0,1.0,18.0,0.0,0.0,1.0,0.5,80.0,27.0,4.0,0.0 
 06/05  22:00:00,31.039948190710972,14.8240909875409775,33.2666117637336425,0.010558429103720613,0.9,1,1,18,0,0,1,0.5,80,27,4,0
 06/05  23:00:00,30.27951169252953,14.970193177727765,32.3133036820848,0.010660025335111022,0.9,1.0,1.0,18.0,0.0,0.0,1.0,0.5,80.0,27.0,4.0,0.0 
 06/05  24:00:00,28.83627429113585,14.980714241930746,30.911395237029033,0.010668235664739054,0.95,1.0,1.0,18.0,0.0,0.0,1.0,0.5,80.0,27.0,4.0,0.0 
 06/06  01:00:00,26.700923296752062,14.755582629641424,26.954179420814175,0.010513609528117696,0.98,0.0,0.23,18.0,0.0,0.0,1.0,0.5,80.0,27.0,4.0,0.0 
 06/06  02:00:00,25.020656163761405,14.706772471416867,25.71278791689518,0.010480723771080442,0.98,0.0,0.23,18.0,0.0,0.0,1.0,0.5,80.0,27.0,4.0,0.0 
 06/06  03:00:00,24.16107289878726,14.51724437779961,24.65128018673027,0.010351898195942223,0.98,0.0,0.23,18.0,0.0,0.0,1.0,0.5,80.0,27.0,4.0,0.0 
 06/06  04:00:00,23.36491485472276,14.277982378314253,23.929218925032792,0.01019107770508847,0.98,0.0,0.23,18.0,0.0,0.0,1.0,0.5,80.0,27.0,4.0,0.0 
 06/06  05:00:00,22.840632074671248,14.140891501579794,23.46752424816749,0.01010029068565401,0.98,0.0,0.23,18.0,0.0,0.0,1.0,0.5,80.0,27.0,4.0,0.0 
 06/06  06:00:00,23.9556745116124,14.293654130353891,23.80409491155887,0.010203137026455963,0.98,0.0,0.23,18.0,0.0,0.0,1.0,0.5,80.0,27.0,4.0,0.0 
 06/06  07:00:00,28.793070090040306,14.590567567266843,26.43608496939122,0.010405139879365848,0.85,0.0,0.23,18.0,0.0,0.0,1.0,0.5,80.0,27.0,4.0,0.0 
 06/06  08:00:00,31.870147108864124,14.93087611489366,30.743252637141506,0.010640952009690344,0.65,0.0,0.23,12.0,0.0,0.0,0.0,0.5,80.0,37.0,4.0,0.0 
 06/06  09:00:00,36.84770198973465,15.07290957414481,35.31426822490653,0.01074128797268725,0.1,0.0,0.23,18.0,0.0,0.0,0.0,0.0,120.0,37.0,4.0,0.0 
 06/06  10:00:00,41.09805390205964,15.265618124542977,39.52324485140895,0.010878359884716452,0.1,0.0,0.23,18.0,0.0,0.0,0.0,0.0,120.0,37.0,4.0,0.0 
 06/06  11:00:00,42.30997713296188,15.450872951685247,41.546141410089376,0.011011750774068789,0.1,0.0,0.23,18.0,0.0,0.0,0.0,0.0,120.0,37.0,4.0,0.0 
 06/06  12:00:00,42.59156574026696,15.613180885464322,42.17495482205358,0.011129936926480937,0.1,0.0,0.23,18.0,0.0,0.0,0.0,0.0,120.0,37.0,4.0,0.0 
 06/06  13:00:00,43.4065115288154,15.789463920785018,43.556440669506244,0.01125951216956995,0.1,0.0,0.69,18.0,0.0,0.0,0.0,0.0,120.0,37.0,4.0,0.0 
 06/06  14:00:00,44.53535598274707,16.167938797331246,44.762556026210234,0.011544845313614787,0.1,0.0,0.69,18.0,0.0,0.0,0.0,0.0,120.0,37.0,4.0,0.0 
 06/06  15:00:00,44.817984805967825,16.574846262203955,44.72636603343005,0.011858524160165298,0.1,0.0,0.23,18.0,0.0,0.0,0.0,0.0,120.0,37.0,4.0,0.0 
 06/06  16:00:00,44.1555514981465,16.686144267295305,44.141350103961585,0.011949073111686602,0.1,0.0,0.23,18.0,0.0,0.0,0.0,0.0,120.0,37.0,4.0,0.0 
 06/06  17:00:00,42.71877314220953,16.850519350536178,42.959053265422085,0.01208168570506365,0.1,0.0,0.23,18.0,0.0,0.0,0.0,0.0,120.0,37.0,4.0,0.0 
 06/06  18:00:00,39.22943562334675,17.420217520540252,39.16848691855469,0.012539610634600752,0.75,0.0,0.23,18.0,0.0,0.0,0.0,0.5,120.0,37.0,4.0,0.0 
 06/06  19:00:00,35.43364403718885,17.971015943065506,35.419758672713655,0.012997207333470599,0.75,0.0,0.23,18.0,0.0,0.0,0.0,0.5,80.0,37.0,4.0,0.0 
 06/06  20:00:00,31.87935033380958,17.348771387167314,33.79844239796444,0.012491839855667913,0.9,1.0,0.23,18.0,0.0,0.0,1.0,0.5,80.0,27.0,4.0,0.0 
 06/06  21:00:00,30.506029085610486,17.289498891981484,32.9602276171524,0.012449085094354956,0.9,1.0,1.0,18.0,0.0,0.0,1.0,0.5,80.0,27.0,4.0,0.0 
 06/06  22:00:00,30.2766526079255755,17.280131733784744,32.506718212035847,0.012444024204903616,0.9,1,1,18,0,0,1,0.5,80,27,4,0
 06/06  23:00:00,30.047276130240665,17.270764575588004,32.053208806919294,0.012438963315452276,0.9,1.0,1.0,18.0,0.0,0.0,1.0,0.5,80.0,27.0,4.0,0.0 
 06/06  24:00:00,29.26317642863953,17.249606243917142,31.243839409624726,0.012426905438998546,0.95,1.0,1.0,18.0,0.0,0.0,1.0,0.5,80.0,27.0,4.0,0.0 
 06/07  01:00:00,27.95828738699225,18.01711498136906,28.286626592010627,0.013066892072070251,0.98,0.0,0.23,18.0,0.0,0.0,1.0,0.5,80.0,27.0,4.0,0.0 
 06/07  02:00:00,26.432927330772902,18.552227458878885,27.224961157756148,0.01352834348581941,0.98,0.0,0.23,18.0,0.0,0.0,1.0,0.5,80.0,27.0,4.0,0.0 
 06/07  03:00:00,25.72801589664978,18.64144180042426,26.3616251273682,0.013611194515737198,0.98,0.0,0.23,18.0,0.0,0.0,1.0,0.5,80.0,27.0,4.0,0.0 
 06/07  04:00:00,25.157646716259013,18.822723860259682,25.847060335572397,0.01377533412393473,0.98,0.0,0.23,18.0,0.0,0.0,1.0,0.5,80.0,27.0,4.0,0.0 
 06/07  05:00:00,24.798799667613533,18.93031402923722,25.514829253131957,0.01387584197425404,0.98,0.0,0.23,18.0,0.0,0.0,1.0,0.5,80.0,27.0,4.0,0.0 
 06/07  06:00:00,24.700217099654566,19.157668761655852,25.298873889760774,0.014084346865945016,0.98,0.0,0.23,18.0,0.0,0.0,1.0,0.5,80.0,27.0,4.0,0.0 
 06/07  07:00:00,24.825644403483317,19.561736319520037,25.34822378601532,0.014457208024355564,0.85,0.0,0.23,18.0,0.0,0.0,1.0,0.5,80.0,27.0,4.0,0.0 
 06/07  08:00:00,24.971422334143238,19.75884981184018,25.420801765959173,0.014645309026318411,0.65,0.0,0.23,12.0,0.0,0.0,0.0,0.5,80.0,37.0,4.0,0.0 
 06/07  09:00:00,25.10606667794663,19.884962973795904,25.54756958703602,0.014768942096634036,0.1,0.0,0.23,18.0,0.0,0.0,0.0,0.0,120.0,37.0,4.0,0.0 
 06/07  10:00:00,25.40157845964563,20.0031328549659,25.79765879189776,0.014886027745583967,0.1,0.0,0.23,18.0,0.0,0.0,0.0,0.0,120.0,37.0,4.0,0.0 
 06/07  11:00:00,25.794087194557633,20.036996920483233,26.103082135913787,0.014923987030761266,0.1,0.0,0.23,18.0,0.0,0.0,0.0,0.0,120.0,37.0,4.0,0.0 
 06/07  12:00:00,26.07257022817142,20.176010790470755,26.485381966682425,0.015062237132079253,0.1,0.0,0.23,18.0,0.0,0.0,0.0,0.0,120.0,37.0,4.0,0.0 
 06/07  13:00:00,26.297529076204437,20.221699764344475,27.290683517140312,0.015111932542110539,0.1,0.0,0.69,18.0,0.0,0.0,0.0,0.0,120.0,37.0,4.0,0.0 
 06/07  14:00:00,26.464163743754845,20.32093208572999,27.537686618877704,0.015205472863490591,0.1,0.0,0.69,18.0,0.0,0.0,0.0,0.0,120.0,37.0,4.0,0.0 
 06/07  15:00:00,26.3912120083253,20.385316022208706,26.97186146101843,0.015265993978688393,0.1,0.0,0.23,18.0,0.0,0.0,0.0,0.0,120.0,37.0,4.0,0.0 
 06/07  16:00:00,25.90819653786232,20.546653444102205,26.557160580112495,0.015420822402479347,0.1,0.0,0.23,18.0,0.0,0.0,0.0,0.0,120.0,37.0,4.0,0.0 
 06/07  17:00:00,25.53749177571098,20.699389399187673,26.184341952720033,0.015568762197496533,0.1,0.0,0.23,18.0,0.0,0.0,0.0,0.0,120.0,37.0,4.0,0.0 
 06/07  18:00:00,25.044632973311774,21.14139933714975,25.781385230160474,0.016007062225452107,0.75,0.0,0.23,18.0,0.0,0.0,0.0,0.5,120.0,37.0,4.0,0.0 
 06/07  19:00:00,24.560443438234273,21.553461766637017,25.285741314267586,0.016425698837160795,0.75,0.0,0.23,18.0,0.0,0.0,0.0,0.5,80.0,37.0,4.0,0.0 
 06/07  20:00:00,24.12688079734976,21.61173847778769,26.563939599013494,0.016484074406665154,0.9,1.0,0.23,18.0,0.0,0.0,1.0,0.5,80.0,27.0,4.0,0.0 
 06/07  21:00:00,25.040972503139376,21.556932310740105,27.044569022850823,0.01642574111983036,0.9,1.0,1.0,18.0,0.0,0.0,1.0,0.5,80.0,27.0,4.0,0.0 
 06/07  22:00:00,25.096863180893993,21.5286320986630825,27.145756117668585,0.0163956618974189775,0.9,1,1,18,0,0,1,0.5,80,27,4,0
 06/07  23:00:00,25.15275385864861,21.50033188658606,27.246943212486347,0.016365582675007595,0.9,1.0,1.0,18.0,0.0,0.0,1.0,0.5,80.0,27.0,4.0,0.0 
 06/07  24:00:00,25.19710484197006,21.437126189227012,27.342108545057044,0.016299022352751394,0.95,1.0,1.0,18.0,0.0,0.0,1.0,0.5,80.0,27.0,4.0,0.0 
 06/08  01:00:00,25.279617636475813,21.840111436461772,26.084043447699464,0.016713105958784648,0.98,0.0,0.23,18.0,0.0,0.0,1.0,0.5,80.0,27.0,4.0,0.0 
 06/08  02:00:00,24.27838467561596,21.84139178224302,25.692653756255417,0.016712562321058527,0.98,0.0,0.23,18.0,0.0,0.0,1.0,0.5,80.0,27.0,4.0,0.0 
 06/08  03:00:00,24.18202034406522,21.973118125173087,25.249465567494155,0.016849410774345076,0.98,0.0,0.23,18.0,0.0,0.0,1.0,0.5,80.0,27.0,4.0,0.0 
 06/08  04:00:00,23.930848908247377,22.09237159156997,24.89731902175545,0.016973832562742718,0.98,0.0,0.23,18.0,0.0,0.0,1.0,0.5,80.0,27.0,4.0,0.0 
 06/08  05:00:00,23.798883805068783,22.13433415509019,24.76606765466655,0.01701673920818629,0.98,0.0,0.23,18.0,0.0,0.0,1.0,0.5,80.0,27.0,4.0,0.0 
 06/08  06:00:00,23.980371246071957,22.46879933719556,24.904329690538603,0.017374466051284725,0.98,0.0,0.23,18.0,0.0,0.0,1.0,0.5,80.0,27.0,4.0,0.0 
 06/08  07:00:00,24.48830660258249,22.45499142510321,25.278146950756707,0.017357702145506686,0.85,0.0,0.23,18.0,0.0,0.0,1.0,0.5,80.0,27.0,4.0,0.0 
 06/08  08:00:00,25.44699738646401,22.45794179958401,25.96717748411303,0.017358942027513896,0.65,0.0,0.23,12.0,0.0,0.0,0.0,0.5,80.0,37.0,4.0,0.0 
 06/08  09:00:00,27.162347609523145,22.524463078694186,27.159748295538286,0.01742925809853017,0.1,0.0,0.23,18.0,0.0,0.0,0.0,0.0,120.0,37.0,4.0,0.0 
 06/08  10:00:00,28.689655520965918,22.593645802731213,28.496679056065744,0.0175029173816841,0.1,0.0,0.23,18.0,0.0,0.0,0.0,0.0,120.0,37.0,4.0,0.0 
 06/08  11:00:00,29.82747517380401,22.670304776134522,29.57517054142714,0.017584877662660495,0.1,0.0,0.23,18.0,0.0,0.0,0.0,0.0,120.0,37.0,4.0,0.0 
 06/08  12:00:00,31.371365289689006,22.753924744244493,30.96425236057633,0.017675036477185435,0.1,0.0,0.23,18.0,0.0,0.0,0.0,0.0,120.0,37.0,4.0,0.0 
 06/08  13:00:00,31.6686197701924,22.942050541615878,32.69622890797724,0.017881506666617274,0.1,0.0,0.69,18.0,0.0,0.0,0.0,0.0,120.0,37.0,4.0,0.0 
 06/08  14:00:00,32.97605401792458,23.032079164064054,33.64582200025333,0.017975594575439555,0.1,0.0,0.69,18.0,0.0,0.0,0.0,0.0,120.0,37.0,4.0,0.0 
 06/08  15:00:00,34.023404185527724,23.136182630797926,34.15270836417456,0.018085958661687218,0.1,0.0,0.23,18.0,0.0,0.0,0.0,0.0,120.0,37.0,4.0,0.0 
 06/08  16:00:00,34.00043979228925,23.31476049094446,34.35246924572231,0.018281380568019392,0.1,0.0,0.23,18.0,0.0,0.0,0.0,0.0,120.0,37.0,4.0,0.0 
 06/08  17:00:00,33.49208631264349,23.535822986517804,34.07284967655619,0.018527504830766147,0.1,0.0,0.23,18.0,0.0,0.0,0.0,0.0,120.0,37.0,4.0,0.0 
 06/08  18:00:00,32.11170572528673,24.526604355340044,32.744230043260984,0.019692293153820335,0.75,0.0,0.23,18.0,0.0,0.0,0.0,0.5,120.0,37.0,4.0,0.0 
 06/08  19:00:00,30.309461871141533,25.62146196485129,31.348970833249325,0.021057067105080773,0.75,0.0,0.23,18.0,0.0,0.0,0.0,0.5,80.0,37.0,4.0,0.0 
 06/08  20:00:00,28.996842291087432,25.856964581580907,31.084787871234035,0.021355570195909803,0.9,1.0,0.23,18.0,0.0,0.0,1.0,0.5,80.0,27.0,4.0,0.0 
 06/08  21:00:00,28.90434822669657,25.71340963318167,31.142175197227672,0.02116066941822577,0.9,1.0,1.0,18.0,0.0,0.0,1.0,0.5,80.0,27.0,4.0,0.0 
 06/08  22:00:00,28.82198018347961,25.579585738581731,31.075549852137691,0.020984598404778825,0.9,1,1,18,0,0,1,0.5,80,27,4,0
 06/08  23:00:00,28.73961214026265,25.445761843981792,31.00892450704771,0.02080852739133188,0.9,1.0,1.0,18.0,0.0,0.0,1.0,0.5,80.0,27.0,4.0,0.0 
 06/08  24:00:00,28.461862973439075,25.0948056144558,30.71972941099513,0.020357170717091328,0.95,1.0,1.0,18.0,0.0,0.0,1.0,0.5,80.0,27.0,4.0,0.0 
 06/09  01:00:00,27.36521253141459,23.534804883003403,27.996818654454934,0.01847306738625911,0.98,0.0,0.23,18.0,0.0,0.0,1.0,0.5,80.0,27.0,4.0,0.0 
 06/09  02:00:00,25.313758158065358,22.61337322989097,26.17745072429442,0.01743715477881076,0.98,0.0,0.23,18.0,0.0,0.0,1.0,0.5,80.0,27.0,4.0,0.0 
 06/09  03:00:00,24.05201234893774,21.950313302110963,24.853920592197532,0.01672292296188405,0.98,0.0,0.23,18.0,0.0,0.0,1.0,0.5,80.0,27.0,4.0,0.0 
 06/09  04:00:00,23.10333133229479,21.21694650594576,23.86227830253507,0.015964506943661468,0.98,0.0,0.23,18.0,0.0,0.0,1.0,0.5,80.0,27.0,4.0,0.0 
 06/09  05:00:00,22.4321905803599,20.455060684836713,23.222548006898794,0.015209735880072899,0.98,0.0,0.23,18.0,0.0,0.0,1.0,0.5,80.0,27.0,4.0,0.0 
 06/09  06:00:00,24.462809876437888,18.908263255533356,24.118706669200286,0.013781012738192804,0.98,0.0,0.23,18.0,0.0,0.0,1.0,0.5,80.0,27.0,4.0,0.0 
 06/09  07:00:00,27.43633606694178,18.379251721323406,26.19770208171698,0.013317789021428774,0.85,0.0,0.23,18.0,0.0,0.0,1.0,0.5,80.0,27.0,4.0,0.0 
 06/09  08:00:00,29.86741568633027,18.16379808523821,28.717487305878766,0.01313043424124002,0.65,0.0,0.23,12.0,0.0,0.0,0.0,0.5,80.0,37.0,4.0,0.0 
 06/09  09:00:00,33.31047630159173,18.285529993263122,32.34089660203513,0.01322865799941356,0.1,0.0,0.23,18.0,0.0,0.0,0.0,0.0,120.0,37.0,4.0,0.0 
 06/09  10:00:00,37.71044168667155,18.429870933441094,35.96399956942582,0.013346848799100749,0.1,0.0,0.23,18.0,0.0,0.0,0.0,0.0,120.0,37.0,4.0,0.0 
 06/09  11:00:00,40.21451503775673,18.593466775297674,39.2951212016392,0.013482581420942781,0.1,0.0,0.23,18.0,0.0,0.0,0.0,0.0,120.0,37.0,4.0,0.0 
 06/09  12:00:00,41.216325961579024,18.748643169010506,40.61212977416965,0.013612216921803985,0.1,0.0,0.23,18.0,0.0,0.0,0.0,0.0,120.0,37.0,4.0,0.0 
 06/09  13:00:00,41.66247108763179,18.900943165327607,41.86322900190472,0.013740440814124288,0.1,0.0,0.69,18.0,0.0,0.0,0.0,0.0,120.0,37.0,4.0,0.0 
 06/09  14:00:00,43.95025968170056,19.049121244375353,43.58225715390998,0.013871704406991179,0.1,0.0,0.69,18.0,0.0,0.0,0.0,0.0,120.0,37.0,4.0,0.0 
 06/09  15:00:00,46.3087701588087,19.198364009970142,45.37473939904307,0.014005048810941438,0.1,0.0,0.23,18.0,0.0,0.0,0.0,0.0,120.0,37.0,4.0,0.0 
 06/09  16:00:00,47.645077914943094,19.344975680923397,47.0254560906704,0.014137179188232844,0.1,0.0,0.23,18.0,0.0,0.0,0.0,0.0,120.0,37.0,4.0,0.0 
 06/09  17:00:00,47.82481931144923,19.477597515491905,47.38260097124209,0.014257882883706673,0.1,0.0,0.23,18.0,0.0,0.0,0.0,0.0,120.0,37.0,4.0,0.0 
 06/09  18:00:00,46.190430750990934,20.011114944726053,44.87018490486292,0.01475004903682552,0.75,0.0,0.23,18.0,0.0,0.0,0.0,0.5,120.0,37.0,4.0,0.0 
 06/09  19:00:00,42.126606340940555,20.098625669492847,41.662667775545195,0.014832850955472073,0.75,0.0,0.23,18.0,0.0,0.0,0.0,0.5,80.0,37.0,4.0,0.0 
 06/09  20:00:00,36.74913721027682,19.902824801299612,37.58352095126246,0.014650713989382629,0.9,1.0,0.23,18.0,0.0,0.0,1.0,0.5,80.0,27.0,4.0,0.0 
 06/09  21:00:00,32.87064668671213,20.256329099761235,35.30333453567531,0.01498343387759625,0.9,1.0,1.0,18.0,0.0,0.0,1.0,0.5,80.0,27.0,4.0,0.0 
 06/09  22:00:00,32.060509310828901,20.3677832540822025,34.313063778350165,0.0150902216426129925,0.9,1,1,18,0,0,1,0.5,80,27,4,0
 06/09  23:00:00,31.250371934945672,20.47923740840317,33.32279302102502,0.015197009407629735,0.9,1.0,1.0,18.0,0.0,0.0,1.0,0.5,80.0,27.0,4.0,0.0 
 06/09  24:00:00,29.746168233468687,20.692075261790244,31.847584924332413,0.015403687947352472,0.95,1.0,1.0,18.0,0.0,0.0,1.0,0.5,80.0,27.0,4.0,0.0 
 06/10  01:00:00,27.724324600572064,21.114634356991182,27.897628696799487,0.015821253921761567,0.95,0.0,0.23,5.0,0.0,0.0,1.0,0.5,80.0,27.0,4.0,0.0 
 06/10  02:00:00,26.15280939059616,21.235314806866295,26.59787154541744,0.015942880413628065,0.95,0.0,0.23,5.0,0.0,0.0,1.0,0.5,80.0,27.0,4.0,0.0 
 06/10  03:00:00,25.31034481729009,21.26053845049477,25.81981951035164,0.015969015665728763,0.95,0.0,0.23,5.0,0.0,0.0,1.0,0.5,80.0,27.0,4.0,0.0 
 06/10  04:00:00,24.65360221905428,21.255630333522927,25.056119225804544,0.01596489515854904,0.95,0.0,0.23,5.0,0.0,0.0,1.0,0.5,80.0,27.0,4.0,0.0 
 06/10  05:00:00,24.180685990102457,21.17829338152248,24.74727936872757,0.01588834525202262,0.95,0.0,0.23,5.0,0.0,0.0,1.0,0.5,80.0,27.0,4.0,0.0 
 06/10  06:00:00,25.89667478217533,21.2577476154623,25.63853625758425,0.01596880678771967,0.95,0.0,0.23,5.0,0.0,0.0,1.0,0.5,80.0,27.0,4.0,0.0 
 06/10  07:00:00,28.220899886061996,21.51665066145023,26.991721817097837,0.016231693416773996,0.95,0.0,0.23,5.0,0.0,0.0,1.0,0.5,80.0,27.0,4.0,0.0 
 06/10  08:00:00,31.457074005602866,21.79199329100254,29.473047875946683,0.01651567310151446,0.95,0.0,0.23,5.0,0.0,0.0,1.0,0.5,80.0,27.0,4.0,0.0 
 06/10  09:00:00,34.471524182962746,22.097155225855452,32.19742013925341,0.01683536846381787,0.95,0.0,0.23,5.0,0.0,0.0,1.0,0.5,80.0,27.0,4.0,0.0 
 06/10  10:00:00,37.33929956689448,22.331466728083402,35.075484771176114,0.01708482800762405,0.6,0.0,0.23,5.0,0.0,0.0,1.0,0.5,80.0,27.0,4.0,0.0 
 06/10  11:00:00,39.105865815671336,22.49224423463608,36.8556848817185,0.017258379655137678,0.6,0.0,0.23,5.0,0.0,0.0,1.0,0.5,80.0,27.0,4.0,0.0 
 06/10  12:00:00,40.42884418798914,22.734955398323002,38.271976583983694,0.017522678393298963,0.6,0.0,0.23,5.0,0.0,0.0,1.0,0.5,80.0,27.0,4.0,0.0 
 06/10  13:00:00,40.835837944884766,22.660266659155482,39.35799466127848,0.017442120403090504,0.6,0.0,0.69,5.0,0.0,0.0,1.0,0.5,80.0,27.0,4.0,0.0 
 06/10  14:00:00,42.601640461165395,22.30435789298244,40.77018761409151,0.017064058960763368,0.6,0.0,0.69,5.0,0.0,0.0,1.0,0.5,80.0,27.0,4.0,0.0 
 06/10  15:00:00,44.18067959254882,21.818272939101536,41.96282295557937,0.01655756277279659,0.6,0.0,0.23,5.0,0.0,0.0,1.0,0.5,80.0,27.0,4.0,0.0 
 06/10  16:00:00,44.447983085035375,21.495720539124104,42.40110918383277,0.01623065214779678,0.6,0.0,0.23,5.0,0.0,0.0,1.0,0.5,80.0,27.0,4.0,0.0 
 06/10  17:00:00,43.763240371501155,21.236204302651842,42.3434527003661,0.01597281019843678,0.6,0.0,0.23,5.0,0.0,0.0,1.0,0.5,80.0,27.0,4.0,0.0 
 06/10  18:00:00,41.79739411230899,20.861894020525536,40.93272519818012,0.015605444957969604,0.6,0.0,0.23,5.0,0.0,0.0,1.0,0.5,80.0,27.0,4.0,0.0 
 06/10  19:00:00,38.42175353256751,20.771687907043496,38.25425942387912,0.015521613850580195,0.9,0.0,0.23,5.0,0.0,0.0,1.0,0.5,80.0,27.0,4.0,0.0 
 06/10  20:00:00,34.658345601950515,20.74331223735889,36.006297083299536,0.015498569597623257,0.9,1.0,0.23,5.0,0.0,0.0,1.0,0.5,80.0,27.0,4.0,0.0 
 06/10  21:00:00,32.65051567873049,21.0810722302644,35.53132353424891,0.015837048223570457,0.9,1.0,1.0,5.0,0.0,0.0,1.0,0.5,80.0,27.0,4.0,0.0 
 06/10  22:00:00,32.59200335254993,21.280050863813198,35.045526603718535,0.0160403842553188585,0.9,1,1,5,0,0,1,0.5,80,27,4,0
 06/10  23:00:00,32.53349102636937,21.479029497361996,34.55972967318816,0.01624372028706726,0.9,1.0,1.0,5.0,0.0,0.0,1.0,0.5,80.0,27.0,4.0,0.0 
 06/10  24:00:00,31.730038999650088,21.811368080071336,33.89792421565067,0.016591258621535085,0.9,1.0,1.0,5.0,0.0,0.0,1.0,0.5,80.0,27.0,4.0,0.0 
 06/11  01:00:00,30.29893062840468,21.046110791281237,30.534059259588773,0.015821700658010914,0.95,0.0,0.23,5.0,0.0,0.0,1.0,0.5,80.0,27.0,4.0,0.0 
 06/11  02:00:00,28.296783519430335,20.23506301782557,28.865843379942675,0.015036288043173713,0.95,0.0,0.23,5.0,0.0,0.0,1.0,0.5,80.0,27.0,4.0,0.0 
 06/11  03:00:00,27.23340725413847,19.645504906164604,27.79201126490112,0.014488689606542517,0.95,0.0,0.23,5.0,0.0,0.0,1.0,0.5,80.0,27.0,4.0,0.0 
 06/11  04:00:00,27.200640501269756,19.640599557563192,27.683726088639336,0.014488597893751816,0.95,0.0,0.23,5.0,0.0,0.0,1.0,0.5,80.0,27.0,4.0,0.0 
 06/11  05:00:00,27.226349663536723,20.145296431140142,27.91406437516111,0.014964749338565373,0.95,0.0,0.23,5.0,0.0,0.0,1.0,0.5,80.0,27.0,4.0,0.0 
 06/11  06:00:00,27.56063650373928,20.75142547067345,28.154473672094745,0.015554469541308614,0.95,0.0,0.23,5.0,0.0,0.0,1.0,0.5,80.0,27.0,4.0,0.0 
 06/11  07:00:00,28.222460578784723,21.53493547439172,28.56771347435199,0.01634620776355144,0.95,0.0,0.23,5.0,0.0,0.0,1.0,0.5,80.0,27.0,4.0,0.0 
 06/11  08:00:00,29.356949537746445,22.122794810225265,29.312464340855392,0.01696528637932574,0.95,0.0,0.23,5.0,0.0,0.0,1.0,0.5,80.0,27.0,4.0,0.0 
 06/11  09:00:00,30.830401378693093,22.6596794876269,30.32044175568987,0.017549627967058674,0.95,0.0,0.23,5.0,0.0,0.0,1.0,0.5,80.0,27.0,4.0,0.0 
 06/11  10:00:00,32.17900365535593,23.00352863715864,31.348929588607046,0.01793556596388375,0.6,0.0,0.23,5.0,0.0,0.0,1.0,0.5,80.0,27.0,4.0,0.0 
 06/11  11:00:00,33.49381992823481,23.29334022218958,32.5331732650816,0.018267550647286634,0.6,0.0,0.23,5.0,0.0,0.0,1.0,0.5,80.0,27.0,4.0,0.0 
 06/11  12:00:00,34.609595914876834,23.912728116875364,33.61206935941492,0.018989231598790124,0.6,0.0,0.23,5.0,0.0,0.0,1.0,0.5,80.0,27.0,4.0,0.0 
 06/11  13:00:00,35.322617346049995,24.485504984890504,34.79328665458889,0.019680009136808858,0.6,0.0,0.69,5.0,0.0,0.0,1.0,0.5,80.0,27.0,4.0,0.0 
 06/11  14:00:00,35.946398541435975,24.309460628178524,35.34803232672999,0.01946534886408613,0.6,0.0,0.69,5.0,0.0,0.0,1.0,0.5,80.0,27.0,4.0,0.0 
 06/11  15:00:00,35.88397864147349,24.43479233187727,35.518638139357286,0.019614639289392062,0.6,0.0,0.23,5.0,0.0,0.0,1.0,0.5,80.0,27.0,4.0,0.0 
 06/11  16:00:00,35.281287927620745,24.650032514572313,35.303302754243354,0.01987491192600534,0.6,0.0,0.23,5.0,0.0,0.0,1.0,0.5,80.0,27.0,4.0,0.0 
 06/11  17:00:00,34.40550462217355,24.841383689325404,34.83907158459375,0.020108689520490983,0.6,0.0,0.23,5.0,0.0,0.0,1.0,0.5,80.0,27.0,4.0,0.0 
 06/11  18:00:00,33.22305120465118,25.03038859196642,34.151387140601116,0.020342016870340585,0.6,0.0,0.23,5.0,0.0,0.0,1.0,0.5,80.0,27.0,4.0,0.0 
 06/11  19:00:00,31.998707489856322,25.268930250090563,33.23874208301643,0.02064076676175664,0.9,0.0,0.23,5.0,0.0,0.0,1.0,0.5,80.0,27.0,4.0,0.0 
 06/11  20:00:00,31.117448699552746,25.452729820181414,33.051759929019994,0.02087300605347959,0.9,1.0,0.23,5.0,0.0,0.0,1.0,0.5,80.0,27.0,4.0,0.0 
 06/11  21:00:00,30.96066230587537,25.544758077555358,33.17526867446219,0.020989096276566508,0.9,1.0,1.0,5.0,0.0,0.0,1.0,0.5,80.0,27.0,4.0,0.0 
 06/11  22:00:00,30.896953244086413,25.5807634320531715,33.132657176766625,0.0210344821281556565,0.9,1,1,5,0,0,1,0.5,80,27,4,0
 06/11  23:00:00,30.833244182297456,25.616768786550985,33.09004567907106,0.021079867979744805,0.9,1.0,1.0,5.0,0.0,0.0,1.0,0.5,80.0,27.0,4.0,0.0 
 06/11  24:00:00,30.395707036466664,25.643531528319464,32.54776055152796,0.0211123270715051,0.9,1.0,1.0,5.0,0.0,0.0,1.0,0.5,80.0,27.0,4.0,0.0 
 06/12  01:00:00,29.47206122846923,25.22913403049565,30.247843858502467,0.02057782265350967,0.98,0.0,0.23,18.0,0.0,0.0,1.0,0.5,80.0,27.0,4.0,0.0 
 06/12  02:00:00,27.924593663653944,24.537156321650627,28.878749568776655,0.019717078021665075,0.98,0.0,0.23,18.0,0.0,0.0,1.0,0.5,80.0,27.0,4.0,0.0 
 06/12  03:00:00,27.074287709684565,24.114000534554094,28.16601177728707,0.019206195294723994,0.98,0.0,0.23,18.0,0.0,0.0,1.0,0.5,80.0,27.0,4.0,0.0 
 06/12  04:00:00,26.601434731531064,23.712090366813094,27.4771019098391,0.018732021293202967,0.98,0.0,0.23,18.0,0.0,0.0,1.0,0.5,80.0,27.0,4.0,0.0 
 06/12  05:00:00,26.201676824994724,23.547052317308186,27.12713295762039,0.018539473733775826,0.98,0.0,0.23,18.0,0.0,0.0,1.0,0.5,80.0,27.0,4.0,0.0 
 06/12  06:00:00,27.712811170569754,23.433411324392704,27.34070685631674,0.01840721879370363,0.98,0.0,0.23,18.0,0.0,0.0,1.0,0.5,80.0,27.0,4.0,0.0 
 06/12  07:00:00,27.427793002371654,23.327982708198963,27.598306332664396,0.01828515426739168,0.85,0.0,0.23,18.0,0.0,0.0,1.0,0.5,80.0,27.0,4.0,0.0 
 06/12  08:00:00,27.765660089538798,23.34207585284358,28.08439389826128,0.0182993009697143,0.65,0.0,0.23,12.0,0.0,0.0,0.0,0.5,80.0,37.0,4.0,0.0 
 06/12  09:00:00,28.83005023531046,23.41436943386307,28.85124877880545,0.01837980284296053,0.1,0.0,0.23,18.0,0.0,0.0,0.0,0.0,120.0,37.0,4.0,0.0 
 06/12  10:00:00,31.919665402414953,23.489900092232556,30.849404812005886,0.018464523211809983,0.1,0.0,0.23,18.0,0.0,0.0,0.0,0.0,120.0,37.0,4.0,0.0 
 06/12  11:00:00,35.950860122321586,23.58485533191752,34.35709049009099,0.018571781145309517,0.1,0.0,0.23,18.0,0.0,0.0,0.0,0.0,120.0,37.0,4.0,0.0 
 06/12  12:00:00,38.98606614065399,23.805057616640905,38.169602505108266,0.0188252269539048,0.1,0.0,0.23,18.0,0.0,0.0,0.0,0.0,120.0,37.0,4.0,0.0 
 06/12  13:00:00,40.22025025766249,23.918114131743128,40.198767730263775,0.018955616401555988,0.1,0.0,0.69,18.0,0.0,0.0,0.0,0.0,120.0,37.0,4.0,0.0 
 06/12  14:00:00,41.68371466652815,24.031248029280366,41.71751960393561,0.019088086571344257,0.1,0.0,0.69,18.0,0.0,0.0,0.0,0.0,120.0,37.0,4.0,0.0 
 06/12  15:00:00,40.646892455480476,24.124994446577684,40.92168705401507,0.019198159010598646,0.1,0.0,0.23,18.0,0.0,0.0,0.0,0.0,120.0,37.0,4.0,0.0 
 06/12  16:00:00,39.88866280517805,24.22962058175466,40.38283965242882,0.0193219949392835,0.1,0.0,0.23,18.0,0.0,0.0,0.0,0.0,120.0,37.0,4.0,0.0 
 06/12  17:00:00,37.823651953960756,24.33898525411587,38.860907839554535,0.01945204962262732,0.1,0.0,0.23,18.0,0.0,0.0,0.0,0.0,120.0,37.0,4.0,0.0 
 06/12  18:00:00,35.29291615536307,23.51114978307945,36.07596343798276,0.018479047171014902,0.75,0.0,0.23,18.0,0.0,0.0,0.0,0.5,120.0,37.0,4.0,0.0 
 06/12  19:00:00,34.70634031125197,22.46417570238921,34.97356437067303,0.017311872220920458,0.75,0.0,0.23,18.0,0.0,0.0,0.0,0.5,80.0,37.0,4.0,0.0 
 06/12  20:00:00,31.74586372472154,21.328633686864976,34.30572732905078,0.016121578613143485,0.9,1.0,0.23,18.0,0.0,0.0,1.0,0.5,80.0,27.0,4.0,0.0 
 06/12  21:00:00,31.162566828660047,20.091150372167956,33.420019663886876,0.014909231052942312,0.9,1.0,1.0,18.0,0.0,0.0,1.0,0.5,80.0,27.0,4.0,0.0 
 06/12  22:00:00,30.7610248496927275,19.560641148587026,32.998155343272038,0.01442246062133998,0.9,1,1,18,0,0,1,0.5,80,27,4,0
 06/12  23:00:00,30.359482870725408,19.030131925006096,32.5762910226572,0.013935690189737648,0.9,1.0,1.0,18.0,0.0,0.0,1.0,0.5,80.0,27.0,4.0,0.0 
 06/12  24:00:00,29.55028844981227,18.06337832774492,31.698332484079017,0.013098977176924063,0.95,1.0,1.0,18.0,0.0,0.0,1.0,0.5,80.0,27.0,4.0,0.0 
 06/13  01:00:00,28.02699627622685,18.645103915525095,28.46672795080151,0.013595278778139866,0.98,0.0,0.23,18.0,0.0,0.0,1.0,0.5,80.0,27.0,4.0,0.0 
 06/13  02:00:00,26.215450164310823,19.107308265478693,26.84253559952874,0.01400190509926623,0.98,0.0,0.23,18.0,0.0,0.0,1.0,0.5,80.0,27.0,4.0,0.0 
 06/13  03:00:00,25.22628225131407,19.05946363490212,25.884336759042,0.013958669944159643,0.98,0.0,0.23,18.0,0.0,0.0,1.0,0.5,80.0,27.0,4.0,0.0 
 06/13  04:00:00,24.427368522335144,18.77918022415537,25.135644954653262,0.013710374117927904,0.98,0.0,0.23,18.0,0.0,0.0,1.0,0.5,80.0,27.0,4.0,0.0 
 06/13  05:00:00,23.933448318040664,18.7003671076586,24.739091187636035,0.01364091726701636,0.98,0.0,0.23,18.0,0.0,0.0,1.0,0.5,80.0,27.0,4.0,0.0 
 06/13  06:00:00,24.00297451228113,18.477643901720946,24.49416699510929,0.013447205900908414,0.98,0.0,0.23,18.0,0.0,0.0,1.0,0.5,80.0,27.0,4.0,0.0 
 06/13  07:00:00,23.875709211965972,18.172091043272538,24.320841577593274,0.013185870077597844,0.85,0.0,0.23,18.0,0.0,0.0,1.0,0.5,80.0,27.0,4.0,0.0 
 06/13  08:00:00,24.778757827314237,18.143942510001597,24.802970365650435,0.013161540872452662,0.65,0.0,0.23,12.0,0.0,0.0,0.0,0.5,80.0,37.0,4.0,0.0 
 06/13  09:00:00,27.174504053368384,18.2207371705007,26.58154163920224,0.013225873406841292,0.1,0.0,0.23,18.0,0.0,0.0,0.0,0.0,120.0,37.0,4.0,0.0 
 06/13  10:00:00,30.6121823916653,18.308743787756093,29.24957462896906,0.013300178910803427,0.1,0.0,0.23,18.0,0.0,0.0,0.0,0.0,120.0,37.0,4.0,0.0 
 06/13  11:00:00,34.55855551182007,18.422389636418938,33.22541240961537,0.013396708681029296,0.1,0.0,0.23,18.0,0.0,0.0,0.0,0.0,120.0,37.0,4.0,0.0 
 06/13  12:00:00,36.65607160487873,18.570337039967605,35.55699653481556,0.013523661661181768,0.1,0.0,0.23,18.0,0.0,0.0,0.0,0.0,120.0,37.0,4.0,0.0 
 06/13  13:00:00,37.063065438499464,18.720480800959628,37.19717118686734,0.013653472950991483,0.1,0.0,0.69,18.0,0.0,0.0,0.0,0.0,120.0,37.0,4.0,0.0 
 06/13  14:00:00,36.5595582013039,18.842957578287525,37.14757586249329,0.013761602733916661,0.1,0.0,0.69,18.0,0.0,0.0,0.0,0.0,120.0,37.0,4.0,0.0 
 06/13  15:00:00,38.569512718641114,19.15803118823449,37.97887550341287,0.014041980595517149,0.1,0.0,0.23,18.0,0.0,0.0,0.0,0.0,120.0,37.0,4.0,0.0 
 06/13  16:00:00,39.51765245180564,19.283479480956636,39.15247392079726,0.01415555940060877,0.1,0.0,0.23,18.0,0.0,0.0,0.0,0.0,120.0,37.0,4.0,0.0 
 06/13  17:00:00,39.44519069131577,19.38494990162281,39.18387320001213,0.014248201724968275,0.1,0.0,0.23,18.0,0.0,0.0,0.0,0.0,120.0,37.0,4.0,0.0 
 06/13  18:00:00,39.59647031805909,18.879232284272593,38.31093029691765,0.0137968935456592,0.75,0.0,0.23,18.0,0.0,0.0,0.0,0.5,120.0,37.0,4.0,0.0 
 06/13  19:00:00,37.624003285424486,18.110632794347968,37.075939650073806,0.013135169243725594,0.75,0.0,0.23,18.0,0.0,0.0,0.0,0.5,80.0,37.0,4.0,0.0 
 06/13  20:00:00,33.01829861986894,16.895164232178853,34.20492091250187,0.012146379384711272,0.9,1.0,0.23,18.0,0.0,0.0,1.0,0.5,80.0,27.0,4.0,0.0 
 06/13  21:00:00,29.736740456267952,16.05504544233196,32.66851311754713,0.011502798881238372,0.9,1.0,1.0,18.0,0.0,0.0,1.0,0.5,80.0,27.0,4.0,0.0 
 06/13  22:00:00,29.315773977589865,15.7505084995828615,31.834229890316355,0.011279259963993928,0.9,1,1,18,0,0,1,0.5,80,27,4,0
 06/13  23:00:00,28.894807498911778,15.445971556833763,30.99994666308558,0.011055721046749484,0.9,1.0,1.0,18.0,0.0,0.0,1.0,0.5,80.0,27.0,4.0,0.0 
 06/13  24:00:00,27.627500050311916,15.054244460049443,29.906187874762608,0.01077671765852188,0.95,1.0,1.0,18.0,0.0,0.0,1.0,0.5,80.0,27.0,4.0,0.0 
 06/14  01:00:00,25.828987438487285,14.112327624526204,26.352008114131543,0.010131262746637575,0.98,0.0,0.23,18.0,0.0,0.0,1.0,0.5,80.0,27.0,4.0,0.0 
 06/14  02:00:00,24.24025115721265,13.71836129525583,25.058045665025087,0.009871832742887766,0.98,0.0,0.23,18.0,0.0,0.0,1.0,0.5,80.0,27.0,4.0,0.0 
 06/14  03:00:00,23.2811383212338,13.263412199705364,24.08139123256387,0.009579572046306745,0.98,0.0,0.23,18.0,0.0,0.0,1.0,0.5,80.0,27.0,4.0,0.0 
 06/14  04:00:00,22.623638370158314,13.007570734209743,23.423096132579527,0.009418896153074625,0.98,0.0,0.23,18.0,0.0,0.0,1.0,0.5,80.0,27.0,4.0,0.0 
 06/14  05:00:00,22.198523798380663,12.817613022615802,22.970751400621076,0.00930130747980891,0.98,0.0,0.23,18.0,0.0,0.0,1.0,0.5,80.0,27.0,4.0,0.0 
 06/14  06:00:00,22.406359911175187,12.583588672416779,22.903629790038053,0.00915811881069899,0.98,0.0,0.23,18.0,0.0,0.0,1.0,0.5,80.0,27.0,4.0,0.0 
 06/14  07:00:00,23.513026146565803,12.607570262941811,23.648901538702894,0.009173313523854072,0.85,0.0,0.23,18.0,0.0,0.0,1.0,0.5,80.0,27.0,4.0,0.0 
 06/14  08:00:00,25.6061140545169,13.418418661548486,25.045677578903074,0.009681402329998636,0.65,0.0,0.23,12.0,0.0,0.0,0.0,0.5,80.0,37.0,4.0,0.0 
 06/14  09:00:00,27.908580185959977,13.471956184092743,27.171255817119395,0.00971637128115496,0.1,0.0,0.23,18.0,0.0,0.0,0.0,0.0,120.0,37.0,4.0,0.0 
 06/14  10:00:00,30.35242930475043,13.699067934951199,29.558822945014263,0.009864140286394589,0.1,0.0,0.23,18.0,0.0,0.0,0.0,0.0,120.0,37.0,4.0,0.0 
 06/14  11:00:00,32.269106759905384,13.970294072275012,31.890368300735595,0.010043012956860446,0.1,0.0,0.23,18.0,0.0,0.0,0.0,0.0,120.0,37.0,4.0,0.0 
 06/14  12:00:00,34.10370543129612,14.116690543472933,33.19404640607844,0.010141049075863561,0.1,0.0,0.23,18.0,0.0,0.0,0.0,0.0,120.0,37.0,4.0,0.0 
 06/14  13:00:00,34.72993144178584,14.468651767187033,35.17600356172919,0.010379385687999381,0.1,0.0,0.69,18.0,0.0,0.0,0.0,0.0,120.0,37.0,4.0,0.0 
 06/14  14:00:00,35.38680874785141,14.630122818893561,35.74665495841871,0.010488302890618533,0.1,0.0,0.69,18.0,0.0,0.0,0.0,0.0,120.0,37.0,4.0,0.0 
 06/14  15:00:00,35.38872709317255,14.771907880790907,35.3067277958293,0.010584559850083044,0.1,0.0,0.23,18.0,0.0,0.0,0.0,0.0,120.0,37.0,4.0,0.0 
 06/14  16:00:00,34.57900999011638,15.15467092798662,34.84083495531625,0.010851541634222112,0.1,0.0,0.23,18.0,0.0,0.0,0.0,0.0,120.0,37.0,4.0,0.0 
 06/14  17:00:00,33.13824882987253,15.294831740158047,33.79079393638168,0.010949608582296839,0.1,0.0,0.23,18.0,0.0,0.0,0.0,0.0,120.0,37.0,4.0,0.0 
 06/14  18:00:00,31.147405371528013,16.198091925072898,31.39385765836464,0.011611819827480701,0.75,0.0,0.23,18.0,0.0,0.0,0.0,0.5,120.0,37.0,4.0,0.0 
 06/14  19:00:00,28.873939097150313,16.230662777309664,29.404384539750154,0.01163441855106777,0.75,0.0,0.23,18.0,0.0,0.0,0.0,0.5,80.0,37.0,4.0,0.0 
 06/14  20:00:00,26.8122420249479,16.109721468292815,28.89252729753164,0.011541322118765445,0.9,1.0,0.23,18.0,0.0,0.0,1.0,0.5,80.0,27.0,4.0,0.0 
 06/14  21:00:00,26.396521109847384,16.113903843883133,28.549583533418613,0.011542473667328811,0.9,1.0,1.0,18.0,0.0,0.0,1.0,0.5,80.0,27.0,4.0,0.0 
 06/14  22:00:00,26.2228761954435395,16.139588943200238,28.294781907979303,0.0115607840649490505,0.9,1,1,18,0,0,1,0.5,80,27,4,0
 06/14  23:00:00,26.049231281039695,16.165274042517343,28.039980282539993,0.01157909446256929,0.9,1.0,1.0,18.0,0.0,0.0,1.0,0.5,80.0,27.0,4.0,0.0 
 06/14  24:00:00,25.522508927292762,16.007979027497022,27.519414540566796,0.011459381977011891,0.95,1.0,1.0,18.0,0.0,0.0,1.0,0.5,80.0,27.0,4.0,0.0 
 06/15  01:00:00,24.599100842384555,16.024020613543595,25.135661406763766,0.011467402034240293,0.98,0.0,0.23,18.0,0.0,0.0,1.0,0.5,80.0,27.0,4.0,0.0 
 06/15  02:00:00,23.108830861628057,15.944349182645965,23.98634902716881,0.011406131174752253,0.98,0.0,0.23,18.0,0.0,0.0,1.0,0.5,80.0,27.0,4.0,0.0 
 06/15  03:00:00,22.22991057209083,15.693879468462175,23.09670480144767,0.011219685748028395,0.98,0.0,0.23,18.0,0.0,0.0,1.0,0.5,80.0,27.0,4.0,0.0 
 06/15  04:00:00,21.651033250284993,15.524932745284499,22.485682590201407,0.01109478208983451,0.98,0.0,0.23,18.0,0.0,0.0,1.0,0.5,80.0,27.0,4.0,0.0 
 06/15  05:00:00,21.256638937885818,15.43891311004345,22.095103396192837,0.011030739235026982,0.98,0.0,0.23,18.0,0.0,0.0,1.0,0.5,80.0,27.0,4.0,0.0 
 06/15  06:00:00,23.251000017394453,15.481959581613625,23.249017404815326,0.011059893477515247,0.98,0.0,0.23,18.0,0.0,0.0,1.0,0.5,80.0,27.0,4.0,0.0 
 06/15  07:00:00,26.994248663595066,15.56098449634201,25.596130775901777,0.01111518912068866,0.85,0.0,0.23,18.0,0.0,0.0,1.0,0.5,80.0,27.0,4.0,0.0 
 06/15  08:00:00,29.927856848332837,15.763902553705616,28.74547272014821,0.011261451353544573,0.65,0.0,0.23,12.0,0.0,0.0,0.0,0.5,80.0,37.0,4.0,0.0 
 06/15  09:00:00,33.2668040136699,15.884280999208322,32.274034239451105,0.011348169692625185,0.1,0.0,0.23,18.0,0.0,0.0,0.0,0.0,120.0,37.0,4.0,0.0 
 06/15  10:00:00,36.840141582875525,16.0451892592323,35.47535701505592,0.0114656789306974,0.1,0.0,0.23,18.0,0.0,0.0,0.0,0.0,120.0,37.0,4.0,0.0 
 06/15  11:00:00,39.023942647489925,16.226854668903304,38.09397745987185,0.011599911113485028,0.1,0.0,0.23,18.0,0.0,0.0,0.0,0.0,120.0,37.0,4.0,0.0 
 06/15  12:00:00,40.635695826378715,16.402366560138603,39.851239612387516,0.011730981022488427,0.1,0.0,0.23,18.0,0.0,0.0,0.0,0.0,120.0,37.0,4.0,0.0 
 06/15  13:00:00,41.27114481227207,16.575162210051438,41.37061859230746,0.011861165318325588,0.1,0.0,0.69,18.0,0.0,0.0,0.0,0.0,120.0,37.0,4.0,0.0 
 06/15  14:00:00,42.6996282942667,16.74103234698592,42.64354992506347,0.011989566239850882,0.1,0.0,0.69,18.0,0.0,0.0,0.0,0.0,120.0,37.0,4.0,0.0 
 06/15  15:00:00,43.298818695176166,16.880843621642125,42.69121454846112,0.012098680584510623,0.1,0.0,0.23,18.0,0.0,0.0,0.0,0.0,120.0,37.0,4.0,0.0 
 06/15  16:00:00,42.05873948739013,17.23721229392054,42.235202798283716,0.01238078437968805,0.1,0.0,0.23,18.0,0.0,0.0,0.0,0.0,120.0,37.0,4.0,0.0 
 06/15  17:00:00,39.33430404318805,17.388034232667813,40.154646578282595,0.01250209275054226,0.1,0.0,0.23,18.0,0.0,0.0,0.0,0.0,120.0,37.0,4.0,0.0 
 06/15  18:00:00,36.00035362102369,17.43713500776792,36.50024450402271,0.012541986048431245,0.75,0.0,0.23,18.0,0.0,0.0,0.0,0.5,120.0,37.0,4.0,0.0 
 06/15  19:00:00,32.787492163540435,17.080336106603102,33.37635478777403,0.01225673289659901,0.75,0.0,0.23,18.0,0.0,0.0,0.0,0.5,80.0,37.0,4.0,0.0 
 06/15  20:00:00,30.03094190502164,16.28328706458844,32.24042115883529,0.011640162596806433,0.9,1.0,0.23,18.0,0.0,0.0,1.0,0.5,80.0,27.0,4.0,0.0 
 06/15  21:00:00,29.220043298851305,16.04601431983328,31.563752134880648,0.01146223950442447,0.9,1.0,1.0,18.0,0.0,0.0,1.0,0.5,80.0,27.0,4.0,0.0 
 06/15  22:00:00,28.953055512503715,15.9234976771763085,31.167403861037277,0.011371647534226913,0.9,1,1,18,0,0,1,0.5,80,27,4,0
 06/15  23:00:00,28.686067726156125,15.800981034519337,30.771055587193906,0.011281055564029356,0.9,1.0,1.0,18.0,0.0,0.0,1.0,0.5,80.0,27.0,4.0,0.0 
 06/15  24:00:00,27.962861965284848,15.563135840700909,30.04175298933539,0.011107543551438323,0.95,1.0,1.0,18.0,0.0,0.0,1.0,0.5,80.0,27.0,4.0,0.0 
 06/16  01:00:00,26.631475196402345,15.113318345314815,26.47822562279063,0.010786157850064275,0.98,0.0,0.23,18.0,0.0,1.0,1.0,0.5,80.0,27.0,4.0,0.0 
 06/16  02:00:00,25.09980972393865,15.125184094296868,25.790872143028032,0.010794756950945941,0.98,0.0,0.23,18.0,0.0,1.0,1.0,0.5,80.0,27.0,4.0,0.0 
 06/16  03:00:00,24.168328604959424,14.985811480704577,25.011556431019553,0.010696896423144073,0.98,0.0,0.23,18.0,0.0,1.0,1.0,0.5,80.0,27.0,4.0,0.0 
 06/16  04:00:00,23.547969575128597,14.631038901145589,24.218730542842554,0.010451046731514108,0.98,0.0,0.23,18.0,0.0,1.0,1.0,0.5,80.0,27.0,4.0,0.0 
 06/16  05:00:00,23.0748517325509,14.41994982217069,23.905759407510054,0.010307267029437496,0.98,0.0,0.23,18.0,0.0,1.0,1.0,0.5,80.0,27.0,4.0,0.0 
 06/16  06:00:00,24.062153115952363,13.87828283763259,24.31643312785888,0.009946083763500861,0.98,0.0,0.23,18.0,0.0,1.0,1.0,0.5,80.0,27.0,4.0,0.0 
 06/16  07:00:00,25.435721474789055,13.750991295553542,25.371633369886755,0.009862922586845842,0.85,0.0,0.23,18.0,0.0,1.0,1.0,0.5,80.0,27.0,4.0,0.0 
 06/16  08:00:00,33.38998606471978,13.78784173202907,29.670832764887123,0.009887161291285477,0.65,0.0,0.23,12.0,0.0,1.0,0.0,0.5,80.0,37.0,4.0,0.0 
 06/16  09:00:00,35.63167072640588,13.94885559285101,34.848490634169245,0.009993019368002091,0.1,0.0,0.23,18.0,0.0,1.0,0.0,0.0,120.0,37.0,4.0,0.0 
 06/16  10:00:00,39.12995137921362,14.153040587913468,37.835526488378314,0.010128666976130489,0.1,0.0,0.23,18.0,0.0,1.0,0.0,0.0,120.0,37.0,4.0,0.0 
 06/16  11:00:00,41.33520608542522,14.352181180071115,40.47787923694727,0.010262557322814423,0.1,0.0,0.23,18.0,0.0,1.0,0.0,0.0,120.0,37.0,4.0,0.0 
 06/16  12:00:00,42.1101783441455,14.53945581142879,41.52461703346109,0.010389928352022368,0.1,0.0,0.23,18.0,0.0,1.0,0.0,0.0,120.0,37.0,4.0,0.0 
 06/16  13:00:00,42.269397493328356,14.721168100032095,42.57744583168285,0.010514877094944518,0.1,0.0,0.69,18.0,0.0,1.0,0.0,0.0,120.0,37.0,4.0,0.0 
 06/16  14:00:00,44.31841909609126,14.911319544764076,44.18883604543072,0.010646308395682438,0.1,0.0,0.69,18.0,0.0,1.0,0.0,0.0,120.0,37.0,4.0,0.0 
 06/16  15:00:00,44.22939414125959,15.219292120753096,44.42484964182198,0.010862642411261229,0.1,0.0,0.23,18.0,0.0,1.0,0.0,0.0,120.0,37.0,4.0,0.0 
 06/16  16:00:00,38.22265445079182,15.406251289325759,40.39931753845995,0.010995667791784881,0.1,0.0,0.23,18.0,0.0,1.0,0.0,0.0,120.0,37.0,4.0,0.0 
 06/16  17:00:00,34.972159307294625,15.594599503915552,36.70476072231098,0.011131272871107696,0.1,0.0,0.23,18.0,0.0,1.0,0.0,0.0,120.0,37.0,4.0,0.0 
 06/16  18:00:00,32.520926763053254,16.422231974499713,33.556109502236446,0.011746589293512844,0.75,0.0,0.23,18.0,0.0,1.0,0.0,0.5,120.0,37.0,4.0,0.0 
 06/16  19:00:00,30.680641811920495,16.52072851999596,31.601052427968266,0.011821288147091243,0.75,0.0,0.23,18.0,0.0,1.0,0.0,0.5,80.0,37.0,4.0,0.0 
 06/16  20:00:00,29.409200886911833,14.81782256188517,27.100790923595145,0.010578142105576876,0.9,1.0,0.23,18.0,0.0,1.0,1.0,0.5,80.0,27.0,4.0,0.0 
 06/16  21:00:00,27.515638854243026,13.700726826823475,27.00128172334109,0.00982764144179616,0.9,1.0,1.0,18.0,0.0,1.0,1.0,0.5,80.0,27.0,4.0,0.0 
 06/16  22:00:00,27.200091383487108,13.528500789689356,27.00168577402575,0.0097166687878222635,0.9,1,1,18,0,1,1,0.5,80,27,4,0
 06/16  23:00:00,26.88454391273119,13.356274752555237,27.00208982471041,0.009605696133848367,0.9,1.0,1.0,18.0,0.0,1.0,1.0,0.5,80.0,27.0,4.0,0.0 
 06/16  24:00:00,26.554942091873162,13.571734820899383,27.00191015592787,0.009743195439651933,0.95,1.0,1.0,18.0,0.0,1.0,1.0,0.5,80.0,27.0,4.0,0.0 
 06/17  01:00:00,25.910095356134757,14.770283707241736,26.549561377185775,0.010542757469309109,0.95,0.0,0.23,5.0,0.0,1.0,1.0,0.5,80.0,27.0,4.0,0.0 
 06/17  02:00:00,25.335656148292568,15.851654103607803,25.98228181524156,0.011314473296079437,0.95,0.0,0.23,5.0,0.0,1.0,1.0,0.5,80.0,27.0,4.0,0.0 
 06/17  03:00:00,24.881121774488815,16.362104833944667,25.537778333670587,0.011695752363394967,0.95,0.0,0.23,5.0,0.0,1.0,1.0,0.5,80.0,27.0,4.0,0.0 
 06/17  04:00:00,24.46285040264293,16.574934827327834,25.140983486452882,0.011857753895838102,0.95,0.0,0.23,5.0,0.0,1.0,1.0,0.5,80.0,27.0,4.0,0.0 
 06/17  05:00:00,24.120031888877005,16.713836738013182,24.841465534377633,0.011964355233586731,0.95,0.0,0.23,5.0,0.0,1.0,1.0,0.5,80.0,27.0,4.0,0.0 
 06/17  06:00:00,26.488402127410758,17.00191578381792,26.33912329893199,0.01218897500952341,0.95,0.0,0.23,5.0,0.0,1.0,1.0,0.5,80.0,27.0,4.0,0.0 
 06/17  07:00:00,31.53748702060406,15.942900514327857,26.987457490827683,0.011379143890216842,0.95,0.0,0.23,5.0,0.0,1.0,1.0,0.5,80.0,27.0,4.0,0.0 
 06/17  08:00:00,31.271316318216183,13.801216970843884,27.001928391418257,0.00988782551789024,0.95,0.0,0.23,5.0,0.0,1.0,1.0,0.5,80.0,27.0,4.0,0.0 
 06/17  09:00:00,31.384412026150304,12.559906327687697,27.00214141271934,0.009105875455973736,0.95,0.0,0.23,5.0,0.0,1.0,1.0,0.5,80.0,27.0,4.0,0.0 
 06/17  10:00:00,32.55277154308498,11.792674057290682,27.00230076235365,0.008650656579877677,0.6,0.0,0.23,5.0,0.0,1.0,1.0,0.5,80.0,27.0,4.0,0.0 
 06/17  11:00:00,33.48243725108894,11.230215972075518,27.002282026909114,0.008329825689775562,0.6,0.0,0.23,5.0,0.0,1.0,1.0,0.5,80.0,27.0,4.0,0.0 
 06/17  12:00:00,33.389391275300234,11.072103899630958,27.00220797961167,0.008241279833507505,0.6,0.0,0.23,5.0,0.0,1.0,1.0,0.5,80.0,27.0,4.0,0.0 
 06/17  13:00:00,33.524674269956215,11.179811788833504,27.00216245698001,0.008300805330136501,0.6,0.0,0.69,5.0,0.0,1.0,1.0,0.5,80.0,27.0,4.0,0.0 
 06/17  14:00:00,34.635012355193346,11.092961862586154,27.00198948914622,0.008251862903505337,0.6,0.0,0.69,5.0,0.0,1.0,1.0,0.5,80.0,27.0,4.0,0.0 
 06/17  15:00:00,34.63555034571464,10.804750433623504,27.00189558347143,0.008092698526251375,0.6,0.0,0.23,5.0,0.0,1.0,1.0,0.5,80.0,27.0,4.0,0.0 
 06/17  16:00:00,33.796617814393414,10.75629320136849,27.00200167416879,0.008065724547237687,0.6,0.0,0.23,5.0,0.0,1.0,1.0,0.5,80.0,27.0,4.0,0.0 
 06/17  17:00:00,32.41384801565033,10.737417950210807,27.00214975758378,0.008054893986443759,0.6,0.0,0.23,5.0,0.0,1.0,1.0,0.5,80.0,27.0,4.0,0.0 
 06/17  18:00:00,30.556858887846875,10.820299518618821,27.001997885947684,0.008099480582547896,0.6,0.0,0.23,5.0,0.0,1.0,1.0,0.5,80.0,27.0,4.0,0.0 
 06/17  19:00:00,29.42880773625547,11.005545919036402,27.001724122251584,0.00820064347510107,0.9,0.0,0.23,5.0,0.0,1.0,1.0,0.5,80.0,27.0,4.0,0.0 
 06/17  20:00:00,28.696472414268637,10.901280145091333,27.001933214169505,0.008142753390884609,0.9,1.0,0.23,5.0,0.0,1.0,1.0,0.5,80.0,27.0,4.0,0.0 
 06/17  21:00:00,28.189591877368912,10.860530512960553,27.002159978787905,0.00811984881674122,0.9,1.0,1.0,5.0,0.0,1.0,1.0,0.5,80.0,27.0,4.0,0.0 
 06/17  22:00:00,27.914371101662481,10.894359019039576,27.0021051630109525,0.0081381166701603765,0.9,1,1,5,0,1,1,0.5,80,27,4,0
 06/17  23:00:00,27.63915032595605,10.928187525118599,27.002050347234,0.008156384523579533,0.9,1.0,1.0,5.0,0.0,1.0,1.0,0.5,80.0,27.0,4.0,0.0 
 06/17  24:00:00,27.048793184213228,11.095697551078008,27.00190614451001,0.008248328608144197,0.9,1.0,1.0,5.0,0.0,1.0,1.0,0.5,80.0,27.0,4.0,0.0 
 06/18  01:00:00,25.824011052415308,12.14563978426087,26.056847715939547,0.00884868929155879,0.95,0.0,0.23,5.0,0.0,1.0,1.0,0.5,80.0,27.0,4.0,0.0 
 06/18  02:00:00,24.689644311741876,12.611114766316213,24.996302471786233,0.009127158951532597,0.95,0.0,0.23,5.0,0.0,1.0,1.0,0.5,80.0,27.0,4.0,0.0 
 06/18  03:00:00,23.670968278667278,13.150633086011391,23.836197273127873,0.00945971922094812,0.95,0.0,0.23,5.0,0.0,1.0,1.0,0.5,80.0,27.0,4.0,0.0 
 06/18  04:00:00,22.843803102835736,13.060482181429375,23.149161928850695,0.009402633795110893,0.95,0.0,0.23,5.0,0.0,1.0,1.0,0.5,80.0,27.0,4.0,0.0 
 06/18  05:00:00,22.20950441863718,12.989677716649613,22.444155661145416,0.009357874967707356,0.95,0.0,0.23,5.0,0.0,1.0,1.0,0.5,80.0,27.0,4.0,0.0 
 06/18  06:00:00,23.396479439176222,12.887960817901515,23.09555720618674,0.009294195662231152,0.95,0.0,0.23,5.0,0.0,1.0,1.0,0.5,80.0,27.0,4.0,0.0 
 06/18  07:00:00,26.242124297856616,12.810365539379491,25.234366542818435,0.00924581833411214,0.95,0.0,0.23,5.0,0.0,1.0,1.0,0.5,80.0,27.0,4.0,0.0 
 06/18  08:00:00,29.585223500702664,12.31979507544571,26.861118500429264,0.008947950258471171,0.95,0.0,0.23,5.0,0.0,1.0,1.0,0.5,80.0,27.0,4.0,0.0 
 06/18  09:00:00,31.66369981256103,11.052748535505433,27.001853091611693,0.008218908568341225,0.95,0.0,0.23,5.0,0.0,1.0,1.0,0.5,80.0,27.0,4.0,0.0 
 06/18  10:00:00,32.65764448179539,9.882838673205834,27.002154594323706,0.007593429122557947,0.6,0.0,0.23,5.0,0.0,1.0,1.0,0.5,80.0,27.0,4.0,0.0 
 06/18  11:00:00,33.05620371667714,9.185538035361553,27.002198982833168,0.0072410178471744345,0.6,0.0,0.23,5.0,0.0,1.0,1.0,0.5,80.0,27.0,4.0,0.0 
 06/18  12:00:00,32.71636345480297,9.084011176851597,27.00217032293817,0.00719051607210894,0.6,0.0,0.23,5.0,0.0,1.0,1.0,0.5,80.0,27.0,4.0,0.0 
 06/18  13:00:00,32.70494432025328,9.130561206681557,27.002219271895196,0.007212966714384584,0.6,0.0,0.69,5.0,0.0,1.0,1.0,0.5,80.0,27.0,4.0,0.0 
 06/18  14:00:00,33.70763406609123,9.072119019682274,27.00226257685705,0.00718468021052318,0.6,0.0,0.69,5.0,0.0,1.0,1.0,0.5,80.0,27.0,4.0,0.0 
 06/18  15:00:00,34.26220606644775,8.992708016083137,27.00219341331437,0.007146177728633465,0.6,0.0,0.23,5.0,0.0,1.0,1.0,0.5,80.0,27.0,4.0,0.0 
 06/18  16:00:00,33.97430026682215,8.809698590657959,27.002152797459757,0.007057755170704389,0.6,0.0,0.23,5.0,0.0,1.0,1.0,0.5,80.0,27.0,4.0,0.0 
 06/18  17:00:00,33.01254715437357,8.74745574736954,27.00215164712174,0.007028184251314389,0.6,0.0,0.23,5.0,0.0,1.0,1.0,0.5,80.0,27.0,4.0,0.0 
 06/18  18:00:00,31.570049358827866,8.843642695432887,27.002021148000928,0.007075010349688048,0.6,0.0,0.23,5.0,0.0,1.0,1.0,0.5,80.0,27.0,4.0,0.0 
 06/18  19:00:00,29.784474823827118,9.24896199382675,27.00159083529993,0.007274011851679489,0.9,0.0,0.23,5.0,0.0,1.0,1.0,0.5,80.0,27.0,4.0,0.0 
 06/18  20:00:00,27.51123333231863,9.872597720437419,27.001129772954762,0.007589749112086045,0.9,1.0,0.23,5.0,0.0,1.0,1.0,0.5,80.0,27.0,4.0,0.0 
 06/18  21:00:00,26.662218706300635,10.729574627637978,27.001524178976748,0.008043446018459377,0.9,1.0,1.0,5.0,0.0,1.0,1.0,0.5,80.0,27.0,4.0,0.0 
 06/18  22:00:00,26.3884557825540415,11.073937841429911,27.0013773331204305,0.00823452436511913,0.9,1,1,5,0,1,1,0.5,80,27,4,0
 06/18  23:00:00,26.114692858807448,11.418301055221844,27.001230487264113,0.008425602711778883,0.9,1.0,1.0,5.0,0.0,1.0,1.0,0.5,80.0,27.0,4.0,0.0 
 06/18  24:00:00,25.57014546649212,11.984681052430815,27.00103140629437,0.008752064287544905,0.9,1.0,1.0,5.0,0.0,1.0,1.0,0.5,80.0,27.0,4.0,0.0 
 06/19  01:00:00,24.932627586023393,13.453781691695875,25.212555081414486,0.009651978155500627,0.98,0.0,0.23,18.0,0.0,1.0,1.0,0.5,80.0,27.0,4.0,0.0 
 06/19  02:00:00,23.59501556525481,13.662578955799143,24.1589792431895,0.009786717211826968,0.98,0.0,0.23,18.0,0.0,1.0,1.0,0.5,80.0,27.0,4.0,0.0 
 06/19  03:00:00,22.713066710995598,13.696509476053173,23.26532292439968,0.009809283619621955,0.98,0.0,0.23,18.0,0.0,1.0,1.0,0.5,80.0,27.0,4.0,0.0 
 06/19  04:00:00,22.07016526799165,13.819967047713089,22.681599456072007,0.009890213478720638,0.98,0.0,0.23,18.0,0.0,1.0,1.0,0.5,80.0,27.0,4.0,0.0 
 06/19  05:00:00,21.646505696094614,13.921646637160428,22.33392137353936,0.009957423442932354,0.98,0.0,0.23,18.0,0.0,1.0,1.0,0.5,80.0,27.0,4.0,0.0 
 06/19  06:00:00,23.234079871935872,14.222465103204112,23.2209954888352,0.010157471552366352,0.98,0.0,0.23,18.0,0.0,1.0,1.0,0.5,80.0,27.0,4.0,0.0 
 06/19  07:00:00,25.512951575025888,14.558200334031534,24.625040260212298,0.010384919797311957,0.85,0.0,0.23,18.0,0.0,1.0,1.0,0.5,80.0,27.0,4.0,0.0 
 06/19  08:00:00,27.550306199591642,14.866867962007197,26.648780119850986,0.01059810484452065,0.65,0.0,0.23,12.0,0.0,1.0,0.0,0.5,80.0,37.0,4.0,0.0 
 06/19  09:00:00,33.10964958284502,14.967040945577539,31.59109522767546,0.01066856573751669,0.1,0.0,0.23,18.0,0.0,1.0,0.0,0.0,120.0,37.0,4.0,0.0 
 06/19  10:00:00,36.64633531650444,15.132947338802733,35.27344224544915,0.01078576216930769,0.1,0.0,0.23,18.0,0.0,1.0,0.0,0.0,120.0,37.0,4.0,0.0 
 06/19  11:00:00,38.46642712863111,15.319462187460706,37.54198470350306,0.010918814852407168,0.1,0.0,0.23,18.0,0.0,1.0,0.0,0.0,120.0,37.0,4.0,0.0 
 06/19  12:00:00,39.37228626171689,15.494782798678266,38.793572368025664,0.011045265015412939,0.1,0.0,0.23,18.0,0.0,1.0,0.0,0.0,120.0,37.0,4.0,0.0 
 06/19  13:00:00,41.11823276164466,15.677174968405266,41.01042085225492,0.01117818353579765,0.1,0.0,0.69,18.0,0.0,1.0,0.0,0.0,120.0,37.0,4.0,0.0 
 06/19  14:00:00,43.91592756629412,15.861334397375078,43.323119585062265,0.01131246997184373,0.1,0.0,0.69,18.0,0.0,1.0,0.0,0.0,120.0,37.0,4.0,0.0 
 06/19  15:00:00,45.39805126112928,16.038900559851175,44.61280697153192,0.011443291963368062,0.1,0.0,0.23,18.0,0.0,1.0,0.0,0.0,120.0,37.0,4.0,0.0 
 06/19  16:00:00,45.11972826972057,16.185134552533228,44.76163331535662,0.011552040074171967,0.1,0.0,0.23,18.0,0.0,1.0,0.0,0.0,120.0,37.0,4.0,0.0 
 06/19  17:00:00,42.366902972909735,16.361688258234583,42.838867283213155,0.011684573921456899,0.1,0.0,0.23,18.0,0.0,1.0,0.0,0.0,120.0,37.0,4.0,0.0 
 06/19  18:00:00,38.37438946713871,16.232614385636154,38.7620175303683,0.011586334128321121,0.75,0.0,0.23,18.0,0.0,1.0,0.0,0.5,120.0,37.0,4.0,0.0 
 06/19  19:00:00,34.802015006750196,15.731848799342318,35.23599738133641,0.011214255197734937,0.75,0.0,0.23,18.0,0.0,1.0,0.0,0.5,80.0,37.0,4.0,0.0 
 06/19  20:00:00,31.443036426714507,13.047548173020042,27.336386675815035,0.009398437902381464,0.9,1.0,0.23,18.0,0.0,1.0,1.0,0.5,80.0,27.0,4.0,0.0 
 06/19  21:00:00,27.736791075667625,11.744110965631647,27.02379622204296,0.008615461437785422,0.9,1.0,1.0,18.0,0.0,1.0,1.0,0.5,80.0,27.0,4.0,0.0 
 06/19  22:00:00,27.1926004471261995,11.1572201546628185,27.013009402859978,0.008288205050410581,0.9,1,1,18,0,1,1,0.5,80,27,4,0
 06/19  23:00:00,26.648409818584774,10.57032934369399,27.002222583676996,0.00796094866303574,0.9,1.0,1.0,18.0,0.0,1.0,1.0,0.5,80.0,27.0,4.0,0.0 
 06/19  24:00:00,26.094771898350626,9.736909423148795,27.001381075145492,0.0075234427823400625,0.95,1.0,1.0,18.0,0.0,1.0,1.0,0.5,80.0,27.0,4.0,0.0 
 06/20  01:00:00,25.207405554270988,9.97463145978228,25.537942831980867,0.007645012239183507,0.98,0.0,0.23,18.0,0.0,1.0,1.0,0.5,80.0,27.0,4.0,0.0 
 06/20  02:00:00,23.92517127464189,10.458569088436386,24.28902981695169,0.007899229008017032,0.98,0.0,0.23,18.0,0.0,1.0,1.0,0.5,80.0,27.0,4.0,0.0 
 06/20  03:00:00,23.010758362736354,10.5755072679188,23.455494927725162,0.00796149706636046,0.98,0.0,0.23,18.0,0.0,1.0,1.0,0.5,80.0,27.0,4.0,0.0 
 06/20  04:00:00,22.23715123672786,10.590845309850911,22.735031395197446,0.00796926963037137,0.98,0.0,0.23,18.0,0.0,1.0,1.0,0.5,80.0,27.0,4.0,0.0 
 06/20  05:00:00,21.623233759167814,10.484589688680426,22.035354327332033,0.00791178609364734,0.98,0.0,0.23,18.0,0.0,1.0,1.0,0.5,80.0,27.0,4.0,0.0 
 06/20  06:00:00,23.169696162882733,9.956999467604694,22.80907216725712,0.007633729962231966,0.98,0.0,0.23,18.0,0.0,1.0,1.0,0.5,80.0,27.0,4.0,0.0 
 06/20  07:00:00,25.264157902994032,9.915070114696112,24.488464708062725,0.0076115843780249805,0.85,0.0,0.23,18.0,0.0,1.0,1.0,0.5,80.0,27.0,4.0,0.0 
 06/20  08:00:00,27.487939496921545,10.087693945667894,26.46157955194292,0.007700760180584061,0.65,0.0,0.23,12.0,0.0,1.0,0.0,0.5,80.0,37.0,4.0,0.0 
 06/20  09:00:00,31.953692519412506,10.22558444222484,30.789801425462418,0.007772646438756174,0.1,0.0,0.23,18.0,0.0,1.0,0.0,0.0,120.0,37.0,4.0,0.0 
 06/20  10:00:00,37.40355422220754,10.430717147958935,35.412920269216855,0.00788081159259877,0.1,0.0,0.23,18.0,0.0,1.0,0.0,0.0,120.0,37.0,4.0,0.0 
 06/20  11:00:00,39.49878094619765,10.682230454358558,38.55266892748101,0.008015457054365134,0.1,0.0,0.23,18.0,0.0,1.0,0.0,0.0,120.0,37.0,4.0,0.0 
 06/20  12:00:00,40.14777109105813,10.913946830980072,39.52548237054554,0.008141207354200755,0.1,0.0,0.23,18.0,0.0,1.0,0.0,0.0,120.0,37.0,4.0,0.0 
 06/20  13:00:00,40.71164538441356,11.418850024552091,41.00562104799397,0.008421940477584166,0.1,0.0,0.69,18.0,0.0,1.0,0.0,0.0,120.0,37.0,4.0,0.0 
 06/20  14:00:00,42.64390475129196,11.624250016108702,42.41291464385276,0.0085393255648263,0.1,0.0,0.69,18.0,0.0,1.0,0.0,0.0,120.0,37.0,4.0,0.0 
 06/20  15:00:00,45.099623540520824,12.10980381805118,44.24856282439978,0.00882185619204205,0.1,0.0,0.23,18.0,0.0,1.0,0.0,0.0,120.0,37.0,4.0,0.0 
 06/20  16:00:00,46.31631828097971,12.58378792396881,45.87572103541814,0.009105714185190777,0.1,0.0,0.23,18.0,0.0,1.0,0.0,0.0,120.0,37.0,4.0,0.0 
 06/20  17:00:00,46.54237334344951,12.700494414048078,46.092626977980444,0.00917719811603752,0.1,0.0,0.23,18.0,0.0,1.0,0.0,0.0,120.0,37.0,4.0,0.0 
 06/20  18:00:00,44.06163994016401,13.580027141881851,43.08664527521811,0.009729230329700522,0.75,0.0,0.23,18.0,0.0,1.0,0.0,0.5,120.0,37.0,4.0,0.0 
 06/20  19:00:00,40.58651244667138,13.731497093111576,40.15211194940957,0.009827639175650153,0.75,0.0,0.23,18.0,0.0,1.0,0.0,0.5,80.0,37.0,4.0,0.0 
 06/20  20:00:00,35.46147457024616,11.532054889568828,27.71098923983781,0.008489326167389587,0.9,1.0,0.23,18.0,0.0,1.0,1.0,0.5,80.0,27.0,4.0,0.0 
 06/20  21:00:00,28.445754370585227,11.072020061902403,27.036068197676688,0.008231311218827801,0.9,1.0,1.0,18.0,0.0,1.0,1.0,0.5,80.0,27.0,4.0,0.0 
 06/20  22:00:00,27.7940365090878705,11.0296390337552885,27.018927510795719,0.0082081364672949185,0.9,1,1,18,0,1,1,0.5,80,27,4,0
 06/20  23:00:00,27.142318647590514,10.987258005608174,27.00178682391475,0.008184961715762036,0.9,1.0,1.0,18.0,0.0,1.0,1.0,0.5,80.0,27.0,4.0,0.0 
 06/20  24:00:00,26.453319712583557,11.1763270931952,27.001464757430515,0.008290198958636565,0.95,1.0,1.0,18.0,0.0,1.0,1.0,0.5,80.0,27.0,4.0,0.0 
 06/21  01:00:00,25.47365604928799,12.261487858813378,25.73949812969002,0.008916333492030158,0.98,0.0,0.23,18.0,0.0,1.0,1.0,0.5,80.0,27.0,4.0,0.0 
 06/21  02:00:00,24.376980031007975,13.049830727561119,24.78204095868681,0.009397310309335175,0.98,0.0,0.23,18.0,0.0,1.0,1.0,0.5,80.0,27.0,4.0,0.0 
 06/21  03:00:00,23.688002314530824,13.180634557407867,24.178278297417556,0.009479707663305003,0.98,0.0,0.23,18.0,0.0,1.0,1.0,0.5,80.0,27.0,4.0,0.0 
 06/21  04:00:00,23.092482409515448,13.236577040765534,23.702839497506076,0.009515419095688843,0.98,0.0,0.23,18.0,0.0,1.0,1.0,0.5,80.0,27.0,4.0,0.0 
 06/21  05:00:00,22.65431186737243,13.598880526643443,23.13006935504775,0.009746956496919063,0.98,0.0,0.23,18.0,0.0,1.0,1.0,0.5,80.0,27.0,4.0,0.0 
 06/21  06:00:00,24.447635414837556,13.827689938305907,24.25705976535957,0.009896055378329667,0.98,0.0,0.23,18.0,0.0,1.0,1.0,0.5,80.0,27.0,4.0,0.0 
 06/21  07:00:00,27.75640343795547,13.896921239637743,26.311872992010684,0.009941888885106614,0.85,0.0,0.23,18.0,0.0,1.0,1.0,0.5,80.0,27.0,4.0,0.0 
 06/21  08:00:00,29.73356057245935,14.153679217416805,28.804071569942483,0.010112163268858027,0.65,0.0,0.23,12.0,0.0,1.0,0.0,0.5,80.0,37.0,4.0,0.0 
 06/21  09:00:00,33.60000453784978,14.27912829312455,32.46583647775099,0.010196567655438395,0.1,0.0,0.23,18.0,0.0,1.0,0.0,0.0,120.0,37.0,4.0,0.0 
 06/21  10:00:00,37.8070061027222,14.455898548700162,36.1577432767322,0.01031646777261911,0.1,0.0,0.23,18.0,0.0,1.0,0.0,0.0,120.0,37.0,4.0,0.0 
 06/21  11:00:00,40.14935906282676,14.65311538393031,39.22765036425361,0.010451550905605917,0.1,0.0,0.23,18.0,0.0,1.0,0.0,0.0,120.0,37.0,4.0,0.0 
 06/21  12:00:00,41.18868067434142,14.83949930945819,40.55109879615561,0.010580700761790046,0.1,0.0,0.23,18.0,0.0,1.0,0.0,0.0,120.0,37.0,4.0,0.0 
 06/21  13:00:00,41.68030922375071,15.021786468142494,41.886902983291456,0.010708516296788479,0.1,0.0,0.69,18.0,0.0,1.0,0.0,0.0,120.0,37.0,4.0,0.0 
 06/21  14:00:00,43.388265464291365,15.207812001150971,43.343785366964276,0.010839275149609987,0.1,0.0,0.69,18.0,0.0,1.0,0.0,0.0,120.0,37.0,4.0,0.0 
 06/21  15:00:00,45.87549773068722,15.605320952090276,44.98439485707851,0.011124118861865973,0.1,0.0,0.23,18.0,0.0,1.0,0.0,0.0,120.0,37.0,4.0,0.0 
 06/21  16:00:00,45.78903757551734,15.736442613363451,45.50851365758939,0.011219311477000338,0.1,0.0,0.23,18.0,0.0,1.0,0.0,0.0,120.0,37.0,4.0,0.0 
 06/21  17:00:00,44.55278752726268,16.122683920115144,44.74903508046884,0.011504656900774452,0.1,0.0,0.23,18.0,0.0,1.0,0.0,0.0,120.0,37.0,4.0,0.0 
 06/21  18:00:00,40.90280193533005,16.74858019288609,40.791244454738745,0.011981132138993716,0.75,0.0,0.23,18.0,0.0,1.0,0.0,0.5,120.0,37.0,4.0,0.0 
 06/21  19:00:00,37.236077333035794,17.277609974562367,37.12571342736253,0.012397549706763017,0.75,0.0,0.23,18.0,0.0,1.0,0.0,0.5,80.0,37.0,4.0,0.0 
 06/21  20:00:00,33.355418290166064,14.232403631761484,27.508072252830686,0.010165247609148902,0.9,1.0,0.23,18.0,0.0,1.0,1.0,0.5,80.0,27.0,4.0,0.0 
 06/21  21:00:00,28.452956214866447,13.289095991938268,27.043594544162723,0.009550717360298479,0.9,1.0,1.0,18.0,0.0,1.0,1.0,0.5,80.0,27.0,4.0,0.0 
 06/21  22:00:00,27.9714702364681035,13.077714344850139,27.0232113594668295,0.009418440686228137,0.9,1,1,18,0,1,1,0.5,80,27,4,0
 06/21  23:00:00,27.48998425806976,12.86633269776201,27.002828174770936,0.009286164012157795,0.9,1.0,1.0,18.0,0.0,1.0,1.0,0.5,80.0,27.0,4.0,0.0 
 06/21  24:00:00,26.961082531338135,12.743123248543657,27.00204925727699,0.009210112496079293,0.95,1.0,1.0,18.0,0.0,1.0,1.0,0.5,80.0,27.0,4.0,0.0 
 06/22  01:00:00,26.223985177115708,14.051381862445513,26.707151441724697,0.010043100606452061,0.98,0.0,0.23,18.0,0.0,1.0,1.0,0.5,80.0,27.0,4.0,0.0 
 06/22  02:00:00,25.760358525349098,14.679496588920811,26.275355398449072,0.010466506190389305,0.98,0.0,0.23,18.0,0.0,1.0,1.0,0.5,80.0,27.0,4.0,0.0 
 06/22  03:00:00,25.19371423616534,15.67919849316701,25.71394801204991,0.011173683420540434,0.98,0.0,0.23,18.0,0.0,1.0,1.0,0.5,80.0,27.0,4.0,0.0 
 06/22  04:00:00,24.69267247979673,16.037712667879465,25.288522239791504,0.011437213092225215,0.98,0.0,0.23,18.0,0.0,1.0,1.0,0.5,80.0,27.0,4.0,0.0 
 06/22  05:00:00,24.286677738900355,16.0400434454851,24.925988633359687,0.011438601443748243,0.98,0.0,0.23,18.0,0.0,1.0,1.0,0.5,80.0,27.0,4.0,0.0 
 06/22  06:00:00,25.542199123579458,16.032845361178737,25.73433458365588,0.011432900217515566,0.98,0.0,0.23,18.0,0.0,1.0,1.0,0.5,80.0,27.0,4.0,0.0 
 06/22  07:00:00,28.139609269568933,15.832393630729394,26.855953995147658,0.011284332057076367,0.85,0.0,0.23,18.0,0.0,1.0,1.0,0.5,80.0,27.0,4.0,0.0 
 06/22  08:00:00,30.83152392196383,16.085831786624166,30.07091662021121,0.011471678763151097,0.65,0.0,0.23,12.0,0.0,1.0,0.0,0.5,80.0,37.0,4.0,0.0 
 06/22  09:00:00,36.15334287817732,16.213788425605646,34.258823589629216,0.011567149287845096,0.1,0.0,0.23,18.0,0.0,1.0,0.0,0.0,120.0,37.0,4.0,0.0 
 06/22  10:00:00,39.578923656371714,16.3952102686694,38.31302582624231,0.011703881917077953,0.1,0.0,0.23,18.0,0.0,1.0,0.0,0.0,120.0,37.0,4.0,0.0 
 06/22  11:00:00,42.77765786106217,16.57309948810336,41.44455236082891,0.011839231917227251,0.1,0.0,0.23,18.0,0.0,1.0,0.0,0.0,120.0,37.0,4.0,0.0 
 06/22  12:00:00,43.51982371674471,16.74453348980775,42.92871517218435,0.011971101889785637,0.1,0.0,0.23,18.0,0.0,1.0,0.0,0.0,120.0,37.0,4.0,0.0 
 06/22  13:00:00,44.01083359987981,16.91006634612345,44.26644474034135,0.012099668845605937,0.1,0.0,0.69,18.0,0.0,1.0,0.0,0.0,120.0,37.0,4.0,0.0 
 06/22  14:00:00,46.044170665152535,17.075945628841303,45.95772766152337,0.012231477619740309,0.1,0.0,0.69,18.0,0.0,1.0,0.0,0.0,120.0,37.0,4.0,0.0 
 06/22  15:00:00,47.2694848508668,17.23303934893815,46.68689061669327,0.012357444409332861,0.1,0.0,0.23,18.0,0.0,1.0,0.0,0.0,120.0,37.0,4.0,0.0 
 06/22  16:00:00,48.51251525066351,17.394219717111298,47.95431059375721,0.012487996026291717,0.1,0.0,0.23,18.0,0.0,1.0,0.0,0.0,120.0,37.0,4.0,0.0 
 06/22  17:00:00,48.16716561323246,17.66017569866942,48.23811595155793,0.01270521473041257,0.1,0.0,0.23,18.0,0.0,1.0,0.0,0.0,120.0,37.0,4.0,0.0 
 06/22  18:00:00,46.10835870465755,18.534239464435572,45.4172155031136,0.013439735963120935,0.75,0.0,0.23,18.0,0.0,1.0,0.0,0.5,120.0,37.0,4.0,0.0 
 06/22  19:00:00,42.30938663416138,19.174994461940532,42.257280383884414,0.0140027650580384,0.75,0.0,0.23,18.0,0.0,1.0,0.0,0.5,80.0,37.0,4.0,0.0 
 06/22  20:00:00,37.66558752012379,15.365727461212327,28.164501440360635,0.01095199240773678,0.9,1.0,0.23,18.0,0.0,1.0,1.0,0.5,80.0,27.0,4.0,0.0 
 06/22  21:00:00,29.836449462397916,14.475668264607426,27.063778281685124,0.010332487892505128,0.9,1.0,1.0,18.0,0.0,1.0,1.0,0.5,80.0,27.0,4.0,0.0 
 06/22  22:00:00,29.2818589376974555,14.436182860840059,27.033063841029241,0.0103062463003083115,0.9,1,1,18,0,1,1,0.5,80,27,4,0
 06/22  23:00:00,28.727268412996995,14.396697457072692,27.002349400373358,0.010280004708111495,0.9,1.0,1.0,18.0,0.0,1.0,1.0,0.5,80.0,27.0,4.0,0.0 
 06/22  24:00:00,28.301583443547656,14.541897146796947,27.00242435145008,0.010379760387713495,0.95,1.0,1.0,18.0,0.0,1.0,1.0,0.5,80.0,27.0,4.0,0.0 
 06/23  01:00:00,27.546983261655395,15.39240622110329,27.001117036611035,0.010976968622252725,0.98,0.0,0.23,18.0,0.0,1.0,1.0,0.5,80.0,27.0,4.0,0.0 
 06/23  02:00:00,27.21828654228893,16.37125428356566,27.000751390797166,0.011700809537383929,0.98,0.0,0.23,18.0,0.0,1.0,1.0,0.5,80.0,27.0,4.0,0.0 
 06/23  03:00:00,26.99377169591133,17.559990810813453,27.000028158851066,0.012636933642386319,0.98,0.0,0.23,18.0,0.0,1.0,1.0,0.5,80.0,27.0,4.0,0.0 
 06/23  04:00:00,26.748835506102818,18.510902049085534,27.000001120549797,0.013434087694404547,0.98,0.0,0.23,18.0,0.0,1.0,1.0,0.5,80.0,27.0,4.0,0.0 
 06/23  05:00:00,26.535500176630496,19.13973905455482,27.00000029462541,0.013986349551038063,0.98,0.0,0.23,18.0,0.0,1.0,1.0,0.5,80.0,27.0,4.0,0.0 
 06/23  06:00:00,28.09014450638789,19.002039017384856,27.000001199769603,0.013865443014588565,0.98,0.0,0.23,18.0,0.0,1.0,1.0,0.5,80.0,27.0,4.0,0.0 
 06/23  07:00:00,30.38082481950449,17.606618112218246,27.00197266739112,0.012680454966404648,0.85,0.0,0.23,18.0,0.0,1.0,1.0,0.5,80.0,27.0,4.0,0.0 
 06/23  08:00:00,32.36654171382132,18.73511802177375,31.67023304248427,0.013633967217373325,0.65,0.0,0.23,12.0,0.0,1.0,0.0,0.5,80.0,37.0,4.0,0.0 
 06/23  09:00:00,39.363489407758834,18.837290798069173,36.44042071590205,0.013724809071804286,0.1,0.0,0.23,18.0,0.0,1.0,0.0,0.0,120.0,37.0,4.0,0.0 
 06/23  10:00:00,42.97881804990646,18.994021526625904,41.67720146093295,0.01386425597158366,0.1,0.0,0.23,18.0,0.0,1.0,0.0,0.0,120.0,37.0,4.0,0.0 
 06/23  11:00:00,46.90843576174539,19.148112557221562,45.21957253319407,0.014002766071287155,0.1,0.0,0.23,18.0,0.0,1.0,0.0,0.0,120.0,37.0,4.0,0.0 
 06/23  12:00:00,45.9134164116025,19.286409739273992,45.691013883783924,0.014128304311418823,0.1,0.0,0.23,18.0,0.0,1.0,0.0,0.0,120.0,37.0,4.0,0.0 
 06/23  13:00:00,46.008873797880135,19.419746486044428,46.662591826453706,0.014250214515151271,0.1,0.0,0.69,18.0,0.0,1.0,0.0,0.0,120.0,37.0,4.0,0.0 
 06/23  14:00:00,47.02372118741124,19.559722551825548,47.42693439814923,0.014378414483679988,0.1,0.0,0.69,18.0,0.0,1.0,0.0,0.0,120.0,37.0,4.0,0.0 
 06/23  15:00:00,46.425535398403355,19.681214217900727,46.6975418195744,0.014490623854099147,0.1,0.0,0.23,18.0,0.0,1.0,0.0,0.0,120.0,37.0,4.0,0.0 
 06/23  16:00:00,45.45076084665009,19.82016376126276,45.98208097401846,0.014619671691457036,0.1,0.0,0.23,18.0,0.0,1.0,0.0,0.0,120.0,37.0,4.0,0.0 
 06/23  17:00:00,43.706471551989104,19.959002334598246,44.56037973016035,0.014749801336633426,0.1,0.0,0.23,18.0,0.0,1.0,0.0,0.0,120.0,37.0,4.0,0.0 
 06/23  18:00:00,41.07002057938862,20.923790788185457,41.52345595105775,0.01567860216889222,0.75,0.0,0.23,18.0,0.0,1.0,0.0,0.5,120.0,37.0,4.0,0.0 
 06/23  19:00:00,37.85618148365584,22.09756927327541,38.440645671704885,0.016879252576040484,0.75,0.0,0.23,18.0,0.0,1.0,0.0,0.5,80.0,37.0,4.0,0.0 
 06/23  20:00:00,35.29471653973866,17.665093582725156,27.839817970977496,0.012740665043425923,0.9,1.0,0.23,18.0,0.0,1.0,1.0,0.5,80.0,27.0,4.0,0.0 
 06/23  21:00:00,29.702250685392958,16.095560812914606,27.068850174206787,0.011510986521086258,0.9,1.0,1.0,18.0,0.0,1.0,1.0,0.5,80.0,27.0,4.0,0.0 
 06/23  22:00:00,29.272353696883325,15.691479518295863,27.0359707267119735,0.0112157468971370385,0.9,1,1,18,0,1,1,0.5,80,27,4,0
 06/23  23:00:00,28.842456708373692,15.28739822367712,27.00309127921716,0.010920507273187819,0.9,1.0,1.0,18.0,0.0,1.0,1.0,0.5,80.0,27.0,4.0,0.0 
 06/23  24:00:00,28.41890181731089,15.114488955958068,27.002580509960648,0.010798211594852867,0.95,1.0,1.0,18.0,0.0,1.0,1.0,0.5,80.0,27.0,4.0,0.0 
 06/24  01:00:00,27.750175715613068,16.356388657384755,27.001148738689352,0.011709989605971194,0.95,0.0,0.23,5.0,0.0,1.0,1.0,0.5,80.0,27.0,4.0,0.0 
 06/24  02:00:00,27.47963499954705,17.68501760588428,27.000973351439182,0.012760634855651386,0.95,0.0,0.23,5.0,0.0,1.0,1.0,0.5,80.0,27.0,4.0,0.0 
 06/24  03:00:00,27.237490916664353,18.76438381359613,27.000051054983214,0.013675998712904586,0.95,0.0,0.23,5.0,0.0,1.0,1.0,0.5,80.0,27.0,4.0,0.0 
 06/24  04:00:00,27.02959674870237,19.637451616875488,27.000002857554055,0.014459339798625251,0.95,0.0,0.23,5.0,0.0,1.0,1.0,0.5,80.0,27.0,4.0,0.0 
 06/24  05:00:00,26.84652280175068,20.36162111491416,27.000000708891392,0.015139493037592527,0.95,0.0,0.23,5.0,0.0,1.0,1.0,0.5,80.0,27.0,4.0,0.0 
 06/24  06:00:00,28.23167491820798,20.257389739131586,27.00000152819808,0.015040705476494944,0.95,0.0,0.23,5.0,0.0,1.0,1.0,0.5,80.0,27.0,4.0,0.0 
 06/24  07:00:00,29.008646787877844,19.107626327854916,27.000001827008077,0.01398170365771383,0.95,0.0,0.23,5.0,0.0,1.0,1.0,0.5,80.0,27.0,4.0,0.0 
 06/24  08:00:00,30.45601461087183,17.47667278704432,27.00196186995624,0.01259412910903329,0.95,0.0,0.23,5.0,0.0,1.0,1.0,0.5,80.0,27.0,4.0,0.0 
 06/24  09:00:00,31.842049434593054,16.04615644924169,27.002385516437325,0.011480558612391969,0.95,0.0,0.23,5.0,0.0,1.0,1.0,0.5,80.0,27.0,4.0,0.0 
 06/24  10:00:00,32.9935526829797,14.968323317046243,27.00235390515504,0.01070095551070202,0.6,0.0,0.23,5.0,0.0,1.0,1.0,0.5,80.0,27.0,4.0,0.0 
 06/24  11:00:00,33.35510002291222,14.3056336868373,27.002212887788378,0.010245637761014907,0.6,0.0,0.23,5.0,0.0,1.0,1.0,0.5,80.0,27.0,4.0,0.0 
 06/24  12:00:00,33.90083685311042,13.878442720246,27.002075726983293,0.00996165560287062,0.6,0.0,0.23,5.0,0.0,1.0,1.0,0.5,80.0,27.0,4.0,0.0 
 06/24  13:00:00,33.80144513146071,13.750193846612738,27.001934538100727,0.009878136645120477,0.6,0.0,0.69,5.0,0.0,1.0,1.0,0.5,80.0,27.0,4.0,0.0 
 06/24  14:00:00,34.11134878396854,13.64067974901927,27.00184576156885,0.009806892522227289,0.6,0.0,0.69,5.0,0.0,1.0,1.0,0.5,80.0,27.0,4.0,0.0 
 06/24  15:00:00,33.83013149386629,13.55257176966585,27.001913498434007,0.009750007212173553,0.6,0.0,0.23,5.0,0.0,1.0,1.0,0.5,80.0,27.0,4.0,0.0 
 06/24  16:00:00,32.89647763566451,13.651010537946192,27.00209147189242,0.009813692480409968,0.6,0.0,0.23,5.0,0.0,1.0,1.0,0.5,80.0,27.0,4.0,0.0 
 06/24  17:00:00,32.32048634971924,13.792568101252682,27.002239526712803,0.009905927459939274,0.6,0.0,0.23,5.0,0.0,1.0,1.0,0.5,80.0,27.0,4.0,0.0 
 06/24  18:00:00,31.264957009894836,14.28251276417352,27.002253021980685,0.01023129633484351,0.6,0.0,0.23,5.0,0.0,1.0,1.0,0.5,80.0,27.0,4.0,0.0 
 06/24  19:00:00,30.19223843623028,14.695856340014718,27.00213251259132,0.010513123982109365,0.9,0.0,0.23,5.0,0.0,1.0,1.0,0.5,80.0,27.0,4.0,0.0 
 06/24  20:00:00,29.14847667985442,14.904192957701184,27.00223024839941,0.010657795532824772,0.9,1.0,0.23,5.0,0.0,1.0,1.0,0.5,80.0,27.0,4.0,0.0 
 06/24  21:00:00,28.803567521010645,14.979442957910528,27.002487476725403,0.010710595765449986,0.9,1.0,1.0,5.0,0.0,1.0,1.0,0.5,80.0,27.0,4.0,0.0 
 06/24  22:00:00,28.6520687023061685,15.0378362827030205,27.0025004539430965,0.0107517161238935625,0.9,1,1,5,0,1,1,0.5,80,27,4,0
 06/24  23:00:00,28.500569883601692,15.096229607495513,27.00251343116079,0.010792836482337139,0.9,1.0,1.0,5.0,0.0,1.0,1.0,0.5,80.0,27.0,4.0,0.0 
 06/24  24:00:00,28.18822826840573,15.1144139428327,27.00249218868006,0.010805802261974463,0.9,1.0,1.0,5.0,0.0,1.0,1.0,0.5,80.0,27.0,4.0,0.0 
 06/25  01:00:00,27.520730048328314,16.239330677063954,27.001134641922288,0.011628361163209021,0.95,0.0,0.23,5.0,0.0,1.0,1.0,0.5,80.0,27.0,4.0,0.0 
 06/25  02:00:00,27.197773889735416,17.433896228466555,27.000759783276532,0.012563145794114175,0.95,0.0,0.23,5.0,0.0,1.0,1.0,0.5,80.0,27.0,4.0,0.0 
 06/25  03:00:00,26.926091133658808,18.30305083528411,27.00002595656482,0.013285068059871015,0.95,0.0,0.23,5.0,0.0,1.0,1.0,0.5,80.0,27.0,4.0,0.0 
 06/25  04:00:00,26.705859568821246,18.9223931052187,27.000000946815224,0.013822182747488271,0.95,0.0,0.23,5.0,0.0,1.0,1.0,0.5,80.0,27.0,4.0,0.0 
 06/25  05:00:00,26.502333706108267,19.309389800648,27.00000024308279,0.01416755540564586,0.95,0.0,0.23,5.0,0.0,1.0,1.0,0.5,80.0,27.0,4.0,0.0 
 06/25  06:00:00,26.767469897579925,19.552336270532695,27.000000421832944,0.01438832361858891,0.95,0.0,0.23,5.0,0.0,1.0,1.0,0.5,80.0,27.0,4.0,0.0 
 06/25  07:00:00,32.295908294856446,18.234792762323604,27.002442354990798,0.01322731974532768,0.95,0.0,0.23,5.0,0.0,1.0,1.0,0.5,80.0,27.0,4.0,0.0 
 06/25  08:00:00,33.226123843572125,15.601297029413923,27.002229029868875,0.011155518470475674,0.95,0.0,0.23,5.0,0.0,1.0,1.0,0.5,80.0,27.0,4.0,0.0 
 06/25  09:00:00,34.52182043753925,13.829422520512958,27.001933040579928,0.009930669674972154,0.95,0.0,0.23,5.0,0.0,1.0,1.0,0.5,80.0,27.0,4.0,0.0 
 06/25  10:00:00,35.37726811686318,12.689620312587184,27.001573665352446,0.009208023249692809,0.6,0.0,0.23,5.0,0.0,1.0,1.0,0.5,80.0,27.0,4.0,0.0 
 06/25  11:00:00,33.1803903446037,12.2391227172792,27.001893172392936,0.008935616347362028,0.6,0.0,0.23,5.0,0.0,1.0,1.0,0.5,80.0,27.0,4.0,0.0 
 06/25  12:00:00,32.750001513045,12.217616629442299,27.00216915491583,0.008922884657931767,0.6,0.0,0.23,5.0,0.0,1.0,1.0,0.5,80.0,27.0,4.0,0.0 
 06/25  13:00:00,33.569170580726194,12.149767320853918,27.00220783673203,0.008882540467128835,0.6,0.0,0.69,5.0,0.0,1.0,1.0,0.5,80.0,27.0,4.0,0.0 
 06/25  14:00:00,32.100968590497104,12.199145009642688,27.002210521730873,0.008912693733547541,0.6,0.0,0.69,5.0,0.0,1.0,1.0,0.5,80.0,27.0,4.0,0.0 
 06/25  15:00:00,33.72028277724686,12.207444359706434,27.00230561869121,0.00891844415213241,0.6,0.0,0.23,5.0,0.0,1.0,1.0,0.5,80.0,27.0,4.0,0.0 
 06/25  16:00:00,31.975472326395412,12.312282989154404,27.00220243081432,0.008981893813439439,0.6,0.0,0.23,5.0,0.0,1.0,1.0,0.5,80.0,27.0,4.0,0.0 
 06/25  17:00:00,29.738508862404714,13.019169464525717,27.001835264501715,0.009415497079633487,0.6,0.0,0.23,5.0,0.0,1.0,1.0,0.5,80.0,27.0,4.0,0.0 
 06/25  18:00:00,29.164143357424273,13.76501381148033,27.001661023352558,0.009893207591265465,0.6,0.0,0.23,5.0,0.0,1.0,1.0,0.5,80.0,27.0,4.0,0.0 
 06/25  19:00:00,28.75701813786005,14.439778094601843,27.001548604261743,0.010344090651440542,0.9,0.0,0.23,5.0,0.0,1.0,1.0,0.5,80.0,27.0,4.0,0.0 
 06/25  20:00:00,28.33706738853862,14.532349957817253,27.00198766642666,0.010408182112392018,0.9,1.0,0.23,5.0,0.0,1.0,1.0,0.5,80.0,27.0,4.0,0.0 
 06/25  21:00:00,27.991791196208812,14.415556291675115,27.002358331567,0.010329505532122071,0.9,1.0,1.0,5.0,0.0,1.0,1.0,0.5,80.0,27.0,4.0,0.0 
 06/25  22:00:00,27.820182641996436,14.4386792772113575,27.00241906312874,0.0103457084175196255,0.9,1,1,5,0,1,1,0.5,80,27,4,0
 06/25  23:00:00,27.64857408778406,14.4618022627476,27.00247979469048,0.01036191130291718,0.9,1.0,1.0,5.0,0.0,1.0,1.0,0.5,80.0,27.0,4.0,0.0 
 06/25  24:00:00,27.277257012345462,14.526411651994557,27.002348441280862,0.010406962295662304,0.9,1.0,1.0,5.0,0.0,1.0,1.0,0.5,80.0,27.0,4.0,0.0 
 06/26  01:00:00,26.688510745359032,16.95944475644182,27.000230942787265,0.012197975997966301,0.98,0.0,0.23,18.0,0.0,1.0,1.0,0.5,80.0,27.0,4.0,0.0 
 06/26  02:00:00,26.355104986888197,18.61470124893704,26.901999947320157,0.013569552330428532,0.98,0.0,0.23,18.0,0.0,1.0,1.0,0.5,80.0,27.0,4.0,0.0 
 06/26  03:00:00,26.055390968727316,19.615603434579022,26.612320122754486,0.014465299539252102,0.98,0.0,0.23,18.0,0.0,1.0,1.0,0.5,80.0,27.0,4.0,0.0 
 06/26  04:00:00,25.69089499384586,19.500629532020557,26.28992160369232,0.014361231871426324,0.98,0.0,0.23,18.0,0.0,1.0,1.0,0.5,80.0,27.0,4.0,0.0 
 06/26  05:00:00,25.226532530369905,19.807439041711582,25.793222538365406,0.014645371414778587,0.98,0.0,0.23,18.0,0.0,1.0,1.0,0.5,80.0,27.0,4.0,0.0 
 06/26  06:00:00,25.499184410835397,20.221963993362614,25.910037206040432,0.015036840178137405,0.98,0.0,0.23,18.0,0.0,1.0,1.0,0.5,80.0,27.0,4.0,0.0 
 06/26  07:00:00,26.87540927209389,20.289633534812683,26.805120761746394,0.015102794394547217,0.85,0.0,0.23,18.0,0.0,1.0,1.0,0.5,80.0,27.0,4.0,0.0 
 06/26  08:00:00,28.070173039908912,20.554257820544073,27.911263009326746,0.01535913367144165,0.65,0.0,0.23,12.0,0.0,1.0,0.0,0.5,80.0,37.0,4.0,0.0 
 06/26  09:00:00,30.460551578136062,20.62033012525076,29.81022186106948,0.01542481008804916,0.1,0.0,0.23,18.0,0.0,1.0,0.0,0.0,120.0,37.0,4.0,0.0 
 06/26  10:00:00,33.66244825016864,20.71860677579132,32.45257758150821,0.01552227467325231,0.1,0.0,0.23,18.0,0.0,1.0,0.0,0.0,120.0,37.0,4.0,0.0 
 06/26  11:00:00,36.19178236211699,20.946200197227046,35.51547837639216,0.015748229162841007,0.1,0.0,0.23,18.0,0.0,1.0,0.0,0.0,120.0,37.0,4.0,0.0 
 06/26  12:00:00,37.91791086133668,21.070327223004583,37.020033159644036,0.015873375013477013,0.1,0.0,0.23,18.0,0.0,1.0,0.0,0.0,120.0,37.0,4.0,0.0 
 06/26  13:00:00,38.37202281679997,21.19956628326481,38.60981587834355,0.01600457072278439,0.1,0.0,0.69,18.0,0.0,1.0,0.0,0.0,120.0,37.0,4.0,0.0 
 06/26  14:00:00,39.71221947656333,21.33051116197584,39.82774509483719,0.01613336662046883,0.1,0.0,0.69,18.0,0.0,1.0,0.0,0.0,120.0,37.0,4.0,0.0 
 06/26  15:00:00,39.37259351402827,21.543306364267902,39.70680331625868,0.016346951449562077,0.1,0.0,0.23,18.0,0.0,1.0,0.0,0.0,120.0,37.0,4.0,0.0 
 06/26  16:00:00,38.126236789564594,21.65868876445944,38.71473895708332,0.016462128035458184,0.1,0.0,0.23,18.0,0.0,1.0,0.0,0.0,120.0,37.0,4.0,0.0 
 06/26  17:00:00,35.039069829616786,21.791572470448628,36.41751041515805,0.016596240343845846,0.1,0.0,0.23,18.0,0.0,1.0,0.0,0.0,120.0,37.0,4.0,0.0 
 06/26  18:00:00,32.13300771493074,21.694003539351648,33.17294497713824,0.016491244224044004,0.75,0.0,0.23,18.0,0.0,1.0,0.0,0.5,120.0,37.0,4.0,0.0 
 06/26  19:00:00,30.2371286890737,21.16394102580875,31.261949114203393,0.01594720552837313,0.75,0.0,0.23,18.0,0.0,1.0,0.0,0.5,80.0,37.0,4.0,0.0 
 06/26  20:00:00,28.952460736549842,17.80058607317381,27.117709205350323,0.01287205026981556,0.9,1.0,0.23,18.0,0.0,1.0,1.0,0.5,80.0,27.0,4.0,0.0 
 06/26  21:00:00,27.15548877815592,14.974410275863004,27.00125582966112,0.010712154739488217,0.9,1.0,1.0,18.0,0.0,1.0,1.0,0.5,80.0,27.0,4.0,0.0 
 06/26  22:00:00,26.7946283736599785,14.346980338102283,27.001579920302263,0.010286548789530537,0.9,1,1,18,0,1,1,0.5,80,27,4,0
 06/26  23:00:00,26.433767969164037,13.719550400341562,27.001904010943406,0.009860942839572857,0.9,1.0,1.0,18.0,0.0,1.0,1.0,0.5,80.0,27.0,4.0,0.0 
 06/26  24:00:00,25.95320426901336,13.624921409077723,27.001602790894708,0.009797272378681289,0.95,1.0,1.0,18.0,0.0,1.0,1.0,0.5,80.0,27.0,4.0,0.0 
 06/27  01:00:00,25.320820334172694,14.934818482826659,25.755424858675887,0.010674895468716621,0.98,0.0,0.23,18.0,0.0,1.0,1.0,0.5,80.0,27.0,4.0,0.0 
 06/27  02:00:00,24.205801298900106,16.008921299314647,24.693476807508986,0.011448028628837948,0.98,0.0,0.23,18.0,0.0,1.0,1.0,0.5,80.0,27.0,4.0,0.0 
 06/27  03:00:00,23.38944715483205,15.987261690322539,23.985030871822836,0.011429359732857712,0.98,0.0,0.23,18.0,0.0,1.0,1.0,0.5,80.0,27.0,4.0,0.0 
 06/27  04:00:00,22.736107976970942,16.24265412003066,23.20887172666547,0.011618167323325618,0.98,0.0,0.23,18.0,0.0,1.0,1.0,0.5,80.0,27.0,4.0,0.0 
 06/27  05:00:00,22.197495602317343,16.023732277160697,22.868687001370844,0.011451536305794588,0.98,0.0,0.23,18.0,0.0,1.0,1.0,0.5,80.0,27.0,4.0,0.0 
 06/27  06:00:00,23.583034667467647,15.583519326079283,23.597323931339538,0.01112525019722918,0.98,0.0,0.23,18.0,0.0,1.0,1.0,0.5,80.0,27.0,4.0,0.0 
 06/27  07:00:00,27.784910448800257,15.208112712166312,26.002116970471562,0.010853276527536091,0.85,0.0,0.23,18.0,0.0,1.0,1.0,0.5,80.0,27.0,4.0,0.0 
 06/27  08:00:00,30.571580492891137,14.787578013931396,29.340187672298804,0.010556004687126792,0.65,0.0,0.23,12.0,0.0,1.0,0.0,0.5,80.0,37.0,4.0,0.0 
 06/27  09:00:00,34.072052072678154,14.944276413502166,33.045679971225866,0.010662657216151611,0.1,0.0,0.23,18.0,0.0,1.0,0.0,0.0,120.0,37.0,4.0,0.0 
 06/27  10:00:00,37.48690410158973,15.122340324693807,36.10991742459841,0.010785344197715152,0.1,0.0,0.23,18.0,0.0,1.0,0.0,0.0,120.0,37.0,4.0,0.0 
 06/27  11:00:00,39.42175965703591,15.31333252079804,38.59113190251235,0.010918514489540097,0.1,0.0,0.23,18.0,0.0,1.0,0.0,0.0,120.0,37.0,4.0,0.0 
 06/27  12:00:00,40.509401299149246,15.496814120635761,39.90800583269062,0.011047732887046392,0.1,0.0,0.23,18.0,0.0,1.0,0.0,0.0,120.0,37.0,4.0,0.0 
 06/27  13:00:00,41.1322473585012,15.676171678954276,41.274739278418096,0.011175422371174581,0.1,0.0,0.69,18.0,0.0,1.0,0.0,0.0,120.0,37.0,4.0,0.0 
 06/27  14:00:00,43.1037678810041,15.854110019845498,42.89090244906674,0.01130612139047691,0.1,0.0,0.69,18.0,0.0,1.0,0.0,0.0,120.0,37.0,4.0,0.0 
 06/27  15:00:00,45.076720655558866,16.027292600143124,43.91809644117687,0.01143465293433444,0.1,0.0,0.23,18.0,0.0,1.0,0.0,0.0,120.0,37.0,4.0,0.0 
 06/27  16:00:00,44.913894009962874,16.18710218221921,44.63235788211732,0.011554567120620078,0.1,0.0,0.23,18.0,0.0,1.0,0.0,0.0,120.0,37.0,4.0,0.0 
 06/27  17:00:00,43.52796835267591,16.562849992309125,43.73475016273867,0.0118402108583401,0.1,0.0,0.23,18.0,0.0,1.0,0.0,0.0,120.0,37.0,4.0,0.0 
 06/27  18:00:00,40.90127296317133,16.832889315243367,40.36255125386276,0.01204949855991391,0.75,0.0,0.23,18.0,0.0,1.0,0.0,0.5,120.0,37.0,4.0,0.0 
 06/27  19:00:00,37.50252703425667,16.8279701730418,37.177590496829595,0.012046150200674182,0.75,0.0,0.23,18.0,0.0,1.0,0.0,0.5,80.0,37.0,4.0,0.0 
 06/27  20:00:00,33.47681820302678,13.533824727221473,27.497731074422248,0.009710669098707344,0.9,1.0,0.23,18.0,0.0,1.0,1.0,0.5,80.0,27.0,4.0,0.0 
 06/27  21:00:00,28.228860246656264,12.709939896233323,27.038942884378685,0.009194329446934494,0.9,1.0,1.0,18.0,0.0,1.0,1.0,0.5,80.0,27.0,4.0,0.0 
 06/27  22:00:00,27.6808105095890295,12.6058772093111905,27.020662324383116,0.0091312375048994995,0.9,1,1,18,0,1,1,0.5,80,27,4,0
 06/27  23:00:00,27.132760772521795,12.501814522389058,27.002381764387547,0.009068145562864505,0.9,1.0,1.0,18.0,0.0,1.0,1.0,0.5,80.0,27.0,4.0,0.0 
 06/27  24:00:00,26.54897686620718,12.630876137420476,27.001667448355683,0.009146714189979909,0.95,1.0,1.0,18.0,0.0,1.0,1.0,0.5,80.0,27.0,4.0,0.0 
 06/28  01:00:00,25.698435332367314,13.543656909538717,26.012490504833394,0.009718651517336935,0.98,0.0,0.23,18.0,0.0,1.0,1.0,0.5,80.0,27.0,4.0,0.0 
 06/28  02:00:00,24.819965201882045,13.855488709055393,25.389921041329522,0.009921325644604647,0.98,0.0,0.23,18.0,0.0,1.0,1.0,0.5,80.0,27.0,4.0,0.0 
 06/28  03:00:00,24.22528445387306,14.48746217433018,24.658430688886455,0.010343524465375328,0.98,0.0,0.23,18.0,0.0,1.0,1.0,0.5,80.0,27.0,4.0,0.0 
 06/28  04:00:00,23.70328425947776,14.578573584573936,24.306866972289313,0.01040595780229157,0.98,0.0,0.23,18.0,0.0,1.0,1.0,0.5,80.0,27.0,4.0,0.0 
 06/28  05:00:00,23.273328912956366,14.789204658515528,23.825696880327918,0.0105511701431084,0.98,0.0,0.23,18.0,0.0,1.0,1.0,0.5,80.0,27.0,4.0,0.0 
 06/28  06:00:00,24.71494574317151,14.912130414476756,24.722862452154764,0.010636996306759575,0.98,0.0,0.23,18.0,0.0,1.0,1.0,0.5,80.0,27.0,4.0,0.0 
 06/28  07:00:00,24.381575112029935,15.002425133200763,24.98086559177406,0.010700445017509254,0.85,0.0,0.23,18.0,0.0,1.0,1.0,0.5,80.0,27.0,4.0,0.0 
 06/28  08:00:00,26.28530473450856,15.145287983178957,25.917633369188728,0.01080133740321906,0.65,0.0,0.23,12.0,0.0,1.0,0.0,0.5,80.0,37.0,4.0,0.0 
 06/28  09:00:00,29.09967041949521,15.23473459632749,28.136781911574264,0.010865172967655417,0.1,0.0,0.23,18.0,0.0,1.0,0.0,0.0,120.0,37.0,4.0,0.0 
 06/28  10:00:00,33.21040272335763,15.355475960487565,31.709720252102947,0.01095161540719837,0.1,0.0,0.23,18.0,0.0,1.0,0.0,0.0,120.0,37.0,4.0,0.0 
 06/28  11:00:00,36.81346168230028,15.515873693174454,35.49798316465258,0.011067294146991676,0.1,0.0,0.23,18.0,0.0,1.0,0.0,0.0,120.0,37.0,4.0,0.0 
 06/28  12:00:00,38.73361077574264,15.699790381839627,37.790119924431494,0.011201348130147353,0.1,0.0,0.23,18.0,0.0,1.0,0.0,0.0,120.0,37.0,4.0,0.0 
 06/28  13:00:00,39.97675581782476,15.879383763810235,39.95260977277612,0.011333553209787038,0.1,0.0,0.69,18.0,0.0,1.0,0.0,0.0,120.0,37.0,4.0,0.0 
 06/28  14:00:00,42.54682297045729,16.05790777620869,42.16543443947448,0.011467634804383264,0.1,0.0,0.69,18.0,0.0,1.0,0.0,0.0,120.0,37.0,4.0,0.0 
 06/28  15:00:00,44.63585524514764,16.229957800822756,43.53662028466275,0.011598264372146873,0.1,0.0,0.23,18.0,0.0,1.0,0.0,0.0,120.0,37.0,4.0,0.0 
 06/28  16:00:00,44.07174857252614,16.371365805063867,43.78466719857751,0.011706925817119965,0.1,0.0,0.23,18.0,0.0,1.0,0.0,0.0,120.0,37.0,4.0,0.0 
 06/28  17:00:00,42.58426279170091,16.530028107207954,42.83359230790059,0.011829734690158532,0.1,0.0,0.23,18.0,0.0,1.0,0.0,0.0,120.0,37.0,4.0,0.0 
 06/28  18:00:00,41.462015149008614,17.396526629820443,40.72392088318031,0.012513245743977662,0.75,0.0,0.23,18.0,0.0,1.0,0.0,0.5,120.0,37.0,4.0,0.0 
 06/28  19:00:00,39.52682062857201,17.56347038123911,39.17690505164978,0.012650391009530478,0.75,0.0,0.23,18.0,0.0,1.0,0.0,0.5,80.0,37.0,4.0,0.0 
 06/28  20:00:00,35.06955602359737,14.052772224318149,27.710472458329075,0.010064994768458593,0.9,1.0,0.23,18.0,0.0,1.0,1.0,0.5,80.0,27.0,4.0,0.0 
 06/28  21:00:00,28.612415947574593,13.195438343007117,27.040862472643532,0.009511497576221297,0.9,1.0,1.0,18.0,0.0,1.0,1.0,0.5,80.0,27.0,4.0,0.0 
 06/28  22:00:00,28.0478045785469995,13.060149783845107,27.021508812740439,0.0094274963315344825,0.9,1,1,18,0,1,1,0.5,80,27,4,0
 06/28  23:00:00,27.483193209519406,12.924861224683097,27.002155152837346,0.009343495086847668,0.9,1.0,1.0,18.0,0.0,1.0,1.0,0.5,80.0,27.0,4.0,0.0 
 06/28  24:00:00,26.849851123524836,12.830767617755901,27.002002512490733,0.009286551701657805,0.95,1.0,1.0,18.0,0.0,1.0,1.0,0.5,80.0,27.0,4.0,0.0 
 06/29  01:00:00,25.851745898687224,13.361433587936624,26.38926308097613,0.009622162173277524,0.98,0.0,0.23,18.0,0.0,1.0,1.0,0.5,80.0,27.0,4.0,0.0 
 06/29  02:00:00,25.08352764775501,13.544180360237304,25.678774545120955,0.009740662196800216,0.98,0.0,0.23,18.0,0.0,1.0,1.0,0.5,80.0,27.0,4.0,0.0 
 06/29  03:00:00,24.4131425858173,13.920898363952771,24.925393976927467,0.009987592292326073,0.98,0.0,0.23,18.0,0.0,1.0,1.0,0.5,80.0,27.0,4.0,0.0 
 06/29  04:00:00,23.831878614573405,13.984554141882432,24.502679320002876,0.010031046217523962,0.98,0.0,0.23,18.0,0.0,1.0,1.0,0.5,80.0,27.0,4.0,0.0 
 06/29  05:00:00,23.422397845844948,14.212396822239219,23.983252060887292,0.010184270494764025,0.98,0.0,0.23,18.0,0.0,1.0,1.0,0.5,80.0,27.0,4.0,0.0 
 06/29  06:00:00,23.66327661884934,15.079318125229106,24.036063075052773,0.010782418867148685,0.98,0.0,0.23,18.0,0.0,1.0,1.0,0.5,80.0,27.0,4.0,0.0 
 06/29  07:00:00,24.460616804097782,15.606313858648235,24.62621526007616,0.011161881360597804,0.85,0.0,0.23,18.0,0.0,1.0,1.0,0.5,80.0,27.0,4.0,0.0 
 06/29  08:00:00,26.62332217122038,16.2745894771925,25.89190117074929,0.011659749892852496,0.65,0.0,0.23,12.0,0.0,1.0,0.0,0.5,80.0,37.0,4.0,0.0 
 06/29  09:00:00,29.085884007532435,16.330664451398093,28.32092459707253,0.011703951196433039,0.1,0.0,0.23,18.0,0.0,1.0,0.0,0.0,120.0,37.0,4.0,0.0 
 06/29  10:00:00,31.822776603845007,16.5397885056026,30.92614064678295,0.011865540251119657,0.1,0.0,0.23,18.0,0.0,1.0,0.0,0.0,120.0,37.0,4.0,0.0 
 06/29  11:00:00,33.75149346185452,16.663587796522844,33.04457279856711,0.011962835788584014,0.1,0.0,0.23,18.0,0.0,1.0,0.0,0.0,120.0,37.0,4.0,0.0 
 06/29  12:00:00,36.033476663895605,16.958383556396928,35.35498608051518,0.012195035206698537,0.1,0.0,0.23,18.0,0.0,1.0,0.0,0.0,120.0,37.0,4.0,0.0 
 06/29  13:00:00,37.358132882198746,17.289443057605496,37.532944275162635,0.012460412177665805,0.1,0.0,0.69,18.0,0.0,1.0,0.0,0.0,120.0,37.0,4.0,0.0 
 06/29  14:00:00,37.4122320277953,17.41159004043325,37.86800161009095,0.01255693300098594,0.1,0.0,0.69,18.0,0.0,1.0,0.0,0.0,120.0,37.0,4.0,0.0 
 06/29  15:00:00,38.595214335999565,17.619326576534,38.11015216796905,0.012723941597016971,0.1,0.0,0.23,18.0,0.0,1.0,0.0,0.0,120.0,37.0,4.0,0.0 
 06/29  16:00:00,37.535034140752195,17.752093987950136,37.715408684565084,0.012831050341653598,0.1,0.0,0.23,18.0,0.0,1.0,0.0,0.0,120.0,37.0,4.0,0.0 
 06/29  17:00:00,37.09395444213801,18.095168921592688,37.29568698042415,0.013114809961941028,0.1,0.0,0.23,18.0,0.0,1.0,0.0,0.0,120.0,37.0,4.0,0.0 
 06/29  18:00:00,33.430159093821366,18.76365323001625,33.922383914541626,0.013686337654389428,0.75,0.0,0.23,18.0,0.0,1.0,0.0,0.5,120.0,37.0,4.0,0.0 
 06/29  19:00:00,30.16000559657674,18.577232915415262,30.716339587034255,0.01352179797436467,0.75,0.0,0.23,18.0,0.0,1.0,0.0,0.5,80.0,37.0,4.0,0.0 
 06/29  20:00:00,28.18960343168512,15.353211179459363,27.0215037392125,0.010975356840970075,0.9,1.0,0.23,18.0,0.0,1.0,1.0,0.5,80.0,27.0,4.0,0.0 
 06/29  21:00:00,26.43328134657957,12.711579631202563,27.000898478003478,0.009219165018534122,0.9,1.0,1.0,18.0,0.0,1.0,1.0,0.5,80.0,27.0,4.0,0.0 
 06/29  22:00:00,26.005486176955442,12.255218893502389,27.001163499744006,0.008945944057603298,0.9,1,1,18,0,1,1,0.5,80,27,4,0
 06/29  23:00:00,25.577691007331314,11.798858155802215,27.001428521484534,0.008672723096672474,0.9,1.0,1.0,18.0,0.0,1.0,1.0,0.5,80.0,27.0,4.0,0.0 
 06/29  24:00:00,25.265560883067028,12.281702575241365,27.000529813423196,0.008955813635651377,0.95,1.0,1.0,18.0,0.0,1.0,1.0,0.5,80.0,27.0,4.0,0.0 
 06/30  01:00:00,24.54624550417197,13.679904608415056,24.862717449797174,0.009824124641545945,0.98,0.0,0.23,18.0,0.0,1.0,1.0,0.5,80.0,27.0,4.0,0.0 
 06/30  02:00:00,22.813582285172338,14.112028907664937,23.208923189505363,0.010106630731155548,0.98,0.0,0.23,18.0,0.0,1.0,1.0,0.5,80.0,27.0,4.0,0.0 
 06/30  03:00:00,21.701575121678534,13.888063436770441,22.20419749070993,0.009956823607827642,0.98,0.0,0.23,18.0,0.0,1.0,1.0,0.5,80.0,27.0,4.0,0.0 
 06/30  04:00:00,20.821666096854873,13.585450337199996,21.176397403948798,0.0097581346133864,0.98,0.0,0.23,18.0,0.0,1.0,1.0,0.5,80.0,27.0,4.0,0.0 
 06/30  05:00:00,20.17434908264614,13.29223419818419,20.687626716106358,0.009568876049969286,0.98,0.0,0.23,18.0,0.0,1.0,1.0,0.5,80.0,27.0,4.0,0.0 
 06/30  06:00:00,21.31686038623774,12.967165981059523,21.16681801032486,0.009363186545219216,0.98,0.0,0.23,18.0,0.0,1.0,1.0,0.5,80.0,27.0,4.0,0.0 
 06/30  07:00:00,24.93594209274791,12.793623758950481,23.669429065053922,0.009254221580778993,0.85,0.0,0.23,18.0,0.0,1.0,1.0,0.5,80.0,27.0,4.0,0.0 
 06/30  08:00:00,28.638951589196818,12.995196410947608,27.022139770677114,0.00937751801573053,0.65,0.0,0.23,12.0,0.0,1.0,0.0,0.5,80.0,37.0,4.0,0.0 
 06/30  09:00:00,32.176740417795855,13.119888752452466,31.228987734330296,0.009453940615921674,0.1,0.0,0.23,18.0,0.0,1.0,0.0,0.0,120.0,37.0,4.0,0.0 
 06/30  10:00:00,34.771739281133705,13.29376048851666,33.54671241496133,0.009561942969142121,0.1,0.0,0.23,18.0,0.0,1.0,0.0,0.0,120.0,37.0,4.0,0.0 
 06/30  11:00:00,36.230086749770365,13.484823921713414,35.53039459681763,0.009682154651479521,0.1,0.0,0.23,18.0,0.0,1.0,0.0,0.0,120.0,37.0,4.0,0.0 
 06/30  12:00:00,36.55001626397438,13.67044861253814,36.00178735134416,0.009800092087768292,0.1,0.0,0.23,18.0,0.0,1.0,0.0,0.0,120.0,37.0,4.0,0.0 
 06/30  13:00:00,36.43777333310496,13.840093384766869,36.4587880082047,0.00990895056221944,0.1,0.0,0.69,18.0,0.0,1.0,0.0,0.0,120.0,37.0,4.0,0.0 
 06/30  14:00:00,38.972463976129326,14.037088289946944,38.45788098210087,0.0100408164964494,0.1,0.0,0.69,18.0,0.0,1.0,0.0,0.0,120.0,37.0,4.0,0.0 
 06/30  15:00:00,38.35608804331525,14.358167835890876,38.40667157915027,0.0102578045064888,0.1,0.0,0.23,18.0,0.0,1.0,0.0,0.0,120.0,37.0,4.0,0.0 
 06/30  16:00:00,33.60225034972464,14.547171669512137,34.4717272222402,0.010388489113083745,0.1,0.0,0.23,18.0,0.0,1.0,0.0,0.0,120.0,37.0,4.0,0.0 
 06/30  17:00:00,31.03440265660761,14.70854036484827,31.774209950292477,0.010501501858655275,0.1,0.0,0.23,18.0,0.0,1.0,0.0,0.0,120.0,37.0,4.0,0.0 
 06/30  18:00:00,32.720668127856264,15.172783981873332,31.160964433463302,0.010828437251840333,0.75,0.0,0.23,18.0,0.0,1.0,0.0,0.5,120.0,37.0,4.0,0.0 
 06/30  19:00:00,30.656380420531203,15.629466390460488,30.038688801394166,0.011158877488558355,0.75,0.0,0.23,18.0,0.0,1.0,0.0,0.5,80.0,37.0,4.0,0.0 
 06/30  20:00:00,27.19834095177224,14.675129424806226,26.859360672451178,0.01048568632231436,0.9,1.0,0.23,18.0,0.0,1.0,1.0,0.5,80.0,27.0,4.0,0.0 
 06/30  21:00:00,24.833673421522885,14.530789557147836,26.62384361340061,0.010389044628720315,0.9,1.0,1.0,18.0,0.0,1.0,1.0,0.5,80.0,27.0,4.0,0.0 
 06/30  22:00:00,24.578617981114849,14.8166449709283335,26.682367172546803,0.010588792795978588,0.9,1,1,18,0,1,1,0.5,80,27,4,0
 06/30  23:00:00,24.323562540706813,15.102500384708831,26.740890731692996,0.010788540963236861,0.9,1.0,1.0,18.0,0.0,1.0,1.0,0.5,80.0,27.0,4.0,0.0 
 06/30  24:00:00,24.3870016568507,15.976159612719455,26.6842405987937,0.011424339689338269,0.95,1.0,1.0,18.0,0.0,1.0,1.0,0.5,80.0,27.0,4.0,0.0 
 07/01  01:00:00,24.513543695659266,17.547318626576185,25.194179638187578,0.012648637006082628,0.95,0.0,0.23,5.0,0.0,1.0,1.0,0.5,80.0,27.0,4.0,0.0 
 07/01  02:00:00,23.311934891343885,18.183907678775675,24.549509837664537,0.013180070152468557,0.95,0.0,0.23,5.0,0.0,1.0,1.0,0.5,80.0,27.0,4.0,0.0 
 07/01  03:00:00,23.245434682396684,18.530036656709566,24.346752890385627,0.013478687880263155,0.95,0.0,0.23,5.0,0.0,1.0,1.0,0.5,80.0,27.0,4.0,0.0 
 07/01  04:00:00,23.27624194741798,19.129230751599845,24.257545803050487,0.014007954130881673,0.95,0.0,0.23,5.0,0.0,1.0,1.0,0.5,80.0,27.0,4.0,0.0 
 07/01  05:00:00,23.292230517251912,19.8566766141648,24.239107403554648,0.014674925921817034,0.95,0.0,0.23,5.0,0.0,1.0,1.0,0.5,80.0,27.0,4.0,0.0 
 07/01  06:00:00,23.450201572086232,20.508463186348138,24.370225572176338,0.015296946046311481,0.95,0.0,0.23,5.0,0.0,1.0,1.0,0.5,80.0,27.0,4.0,0.0 
 07/01  07:00:00,24.38368053242502,20.679602527488203,25.12346072410068,0.01546688310067337,0.95,0.0,0.23,5.0,0.0,1.0,1.0,0.5,80.0,27.0,4.0,0.0 
 07/01  08:00:00,25.64109086623662,21.085032390394357,26.180775550723908,0.0158710647411344,0.95,0.0,0.23,5.0,0.0,1.0,1.0,0.5,80.0,27.0,4.0,0.0 
 07/01  09:00:00,25.612155885814843,20.71242896208372,26.33910769462107,0.01550609181573081,0.95,0.0,0.23,5.0,0.0,1.0,1.0,0.5,80.0,27.0,4.0,0.0 
 07/01  10:00:00,27.959770761354665,19.75025045983791,26.99535546751642,0.01459272234090675,0.6,0.0,0.23,5.0,0.0,1.0,1.0,0.5,80.0,27.0,4.0,0.0 
 07/01  11:00:00,29.34203110322168,17.8436958033837,27.001664796129162,0.012921819896919621,0.6,0.0,0.23,5.0,0.0,1.0,1.0,0.5,80.0,27.0,4.0,0.0 
 07/01  12:00:00,31.576623997519253,15.493733483823252,27.00237405702404,0.011099366618173984,0.6,0.0,0.23,5.0,0.0,1.0,1.0,0.5,80.0,27.0,4.0,0.0 
 07/01  13:00:00,30.540299587372562,14.074712996101045,27.002226081779444,0.010114869759642018,0.6,0.0,0.69,5.0,0.0,1.0,1.0,0.5,80.0,27.0,4.0,0.0 
 07/01  14:00:00,31.332338010238697,13.388886127549736,27.002371185086794,0.009665905167978541,0.6,0.0,0.69,5.0,0.0,1.0,1.0,0.5,80.0,27.0,4.0,0.0 
 07/01  15:00:00,30.212360757170053,13.39317514519467,27.002027765078584,0.009667869379733282,0.6,0.0,0.23,5.0,0.0,1.0,1.0,0.5,80.0,27.0,4.0,0.0 
 07/01  16:00:00,30.85724776045822,13.52827315210904,27.002190730505273,0.009753938418064143,0.6,0.0,0.23,5.0,0.0,1.0,1.0,0.5,80.0,27.0,4.0,0.0 
 07/01  17:00:00,30.361452871932986,13.80128258410947,27.002078721430177,0.00993078386010784,0.6,0.0,0.23,5.0,0.0,1.0,1.0,0.5,80.0,27.0,4.0,0.0 
 07/01  18:00:00,31.495748340015588,14.474543125034879,27.00234686966741,0.010380463801226782,0.6,0.0,0.23,5.0,0.0,1.0,1.0,0.5,80.0,27.0,4.0,0.0 
 07/01  19:00:00,30.72190165273234,14.387026993498488,27.002211467957306,0.010320052677117029,0.9,0.0,0.23,5.0,0.0,1.0,1.0,0.5,80.0,27.0,4.0,0.0 
 07/01  20:00:00,27.973570052755193,15.309423278726403,27.00176541659633,0.010962724648836688,0.9,1.0,0.23,5.0,0.0,1.0,1.0,0.5,80.0,27.0,4.0,0.0 
 07/01  21:00:00,27.45025522707252,16.96447569771861,27.00252495864098,0.012207146799763875,0.9,1.0,1.0,5.0,0.0,1.0,1.0,0.5,80.0,27.0,4.0,0.0 
 07/01  22:00:00,27.370279855946293,17.6203259120439465,27.0027221750304515,0.0127445150970551595,0.9,1,1,5,0,1,1,0.5,80,27,4,0
 07/01  23:00:00,27.290304484820066,18.276176126369283,27.002919391419923,0.013281883394346444,0.9,1.0,1.0,5.0,0.0,1.0,1.0,0.5,80.0,27.0,4.0,0.0 
 07/01  24:00:00,27.10357045299685,18.83136297408996,27.003024501984687,0.013761206118889863,0.9,1.0,1.0,5.0,0.0,1.0,1.0,0.5,80.0,27.0,4.0,0.0 
 07/02  01:00:00,26.636863169666448,19.925759030779137,27.00014535458144,0.014751866462072709,0.95,0.0,0.23,5.0,0.0,1.0,1.0,0.5,80.0,27.0,4.0,0.0 
 07/02  02:00:00,26.367983690924056,21.2613640709234,27.000005555523543,0.016049558559006825,0.95,0.0,0.23,5.0,0.0,1.0,1.0,0.5,80.0,27.0,4.0,0.0 
 07/02  03:00:00,26.215507687372796,22.363269102988397,27.0000003284228,0.017196542739261543,0.95,0.0,0.23,5.0,0.0,1.0,1.0,0.5,80.0,27.0,4.0,0.0 
 07/02  04:00:00,26.09202182743119,23.241717623016356,27.000000018074306,0.018163139974250744,0.95,0.0,0.23,5.0,0.0,1.0,1.0,0.5,80.0,27.0,4.0,0.0 
 07/02  05:00:00,25.991769771648165,23.7936291672369,26.9130966374013,0.018794736562313386,0.95,0.0,0.23,5.0,0.0,1.0,1.0,0.5,80.0,27.0,4.0,0.0 
 07/02  06:00:00,26.560416842911348,23.779305108752546,26.997655770075877,0.018776516401423905,0.95,0.0,0.23,5.0,0.0,1.0,1.0,0.5,80.0,27.0,4.0,0.0 
 07/02  07:00:00,28.089635336383495,22.675492373730034,26.999719687044212,0.01752940445633017,0.95,0.0,0.23,5.0,0.0,1.0,1.0,0.5,80.0,27.0,4.0,0.0 
 07/02  08:00:00,29.678288936265023,20.656293112893323,26.999951187190042,0.015441296921796447,0.95,0.0,0.23,5.0,0.0,1.0,1.0,0.5,80.0,27.0,4.0,0.0 
 07/02  09:00:00,30.742222476813968,17.990358327593956,27.001990630671052,0.013028694077940455,0.95,0.0,0.23,5.0,0.0,1.0,1.0,0.5,80.0,27.0,4.0,0.0 
 07/02  10:00:00,32.097688461849756,15.590853800395353,27.002384285772333,0.011153223315200633,0.6,0.0,0.23,5.0,0.0,1.0,1.0,0.5,80.0,27.0,4.0,0.0 
 07/02  11:00:00,32.47185952954592,13.969459823243495,27.00235122358734,0.010026834048932213,0.6,0.0,0.23,5.0,0.0,1.0,1.0,0.5,80.0,27.0,4.0,0.0 
 07/02  12:00:00,32.81511214693379,13.85606509719053,27.00231300230562,0.009951270262652327,0.6,0.0,0.23,5.0,0.0,1.0,1.0,0.5,80.0,27.0,4.0,0.0 
 07/02  13:00:00,32.893840204136836,13.54851470786877,27.002262255581627,0.009750244726552108,0.6,0.0,0.69,5.0,0.0,1.0,1.0,0.5,80.0,27.0,4.0,0.0 
 07/02  14:00:00,33.24279144945052,12.98906971784158,27.002223002877308,0.00939337623411886,0.6,0.0,0.69,5.0,0.0,1.0,1.0,0.5,80.0,27.0,4.0,0.0 
 07/02  15:00:00,33.3101528029027,12.718465007116755,27.002205898958323,0.009224040986378539,0.6,0.0,0.23,5.0,0.0,1.0,1.0,0.5,80.0,27.0,4.0,0.0 
 07/02  16:00:00,32.256038140666604,12.769443722023995,27.00222460948373,0.009253512028617598,0.6,0.0,0.23,5.0,0.0,1.0,1.0,0.5,80.0,27.0,4.0,0.0 
 07/02  17:00:00,31.47921616518769,13.10113621635501,27.00223753395263,0.009457800238778803,0.6,0.0,0.23,5.0,0.0,1.0,1.0,0.5,80.0,27.0,4.0,0.0 
 07/02  18:00:00,30.29600682911969,13.499919149967958,27.00205405606285,0.009709136930358783,0.6,0.0,0.23,5.0,0.0,1.0,1.0,0.5,80.0,27.0,4.0,0.0 
 07/02  19:00:00,29.513449188277065,14.809393251244034,27.001894346167433,0.010581904369276519,0.9,0.0,0.23,5.0,0.0,1.0,1.0,0.5,80.0,27.0,4.0,0.0 
 07/02  20:00:00,28.546412215559727,15.067239719013989,27.002061622837285,0.010760074820722935,0.9,1.0,0.23,5.0,0.0,1.0,1.0,0.5,80.0,27.0,4.0,0.0 
 07/02  21:00:00,28.079618567001983,14.698571731318896,27.00237687682005,0.010500882118690881,0.9,1.0,1.0,5.0,0.0,1.0,1.0,0.5,80.0,27.0,4.0,0.0 
 07/02  22:00:00,27.8449597047633955,14.559848764787559,27.002415039167427,0.010404993079660987,0.9,1,1,5,0,1,1,0.5,80,27,4,0
 07/02  23:00:00,27.610300842524808,14.421125798256222,27.002453201514804,0.010309104040631093,0.9,1.0,1.0,5.0,0.0,1.0,1.0,0.5,80.0,27.0,4.0,0.0 
 07/02  24:00:00,27.093224533121607,14.450107018862719,27.002295859844526,0.010326686953340177,0.9,1.0,1.0,5.0,0.0,1.0,1.0,0.5,80.0,27.0,4.0,0.0 
 07/03  01:00:00,26.155965218722873,16.13782371394164,26.708026686818148,0.011526806031132328,0.98,0.0,0.23,18.0,0.0,1.0,1.0,0.5,80.0,27.0,4.0,0.0 
 07/03  02:00:00,25.554745603781615,17.026595866129426,26.049614850950377,0.012207942013512213,0.98,0.0,0.23,18.0,0.0,1.0,1.0,0.5,80.0,27.0,4.0,0.0 
 07/03  03:00:00,24.791559184523297,18.136988375389862,25.257942158895812,0.013110254757576482,0.98,0.0,0.23,18.0,0.0,1.0,1.0,0.5,80.0,27.0,4.0,0.0 
 07/03  04:00:00,24.15641491369343,18.260864587383196,24.643590540992086,0.01321216685915257,0.98,0.0,0.23,18.0,0.0,1.0,1.0,0.5,80.0,27.0,4.0,0.0 
 07/03  05:00:00,23.61360890751729,17.979378360395657,24.288445011353954,0.012973010706677923,0.98,0.0,0.23,18.0,0.0,1.0,1.0,0.5,80.0,27.0,4.0,0.0 
 07/03  06:00:00,25.37112059041155,17.84908781611733,25.247066644683837,0.01286224369169163,0.98,0.0,0.23,18.0,0.0,1.0,1.0,0.5,80.0,27.0,4.0,0.0 
 07/03  07:00:00,27.21596638276715,17.784183036960066,26.47710024433699,0.012806085084535167,0.85,0.0,0.23,18.0,0.0,1.0,1.0,0.5,80.0,27.0,4.0,0.0 
 07/03  08:00:00,29.41416890242587,17.743692038989337,28.40417465833013,0.012770192631313754,0.65,0.0,0.23,12.0,0.0,1.0,0.0,0.5,80.0,37.0,4.0,0.0 
 07/03  09:00:00,32.62411169021152,17.85573282723485,31.712383451495512,0.012859806185147758,0.1,0.0,0.23,18.0,0.0,1.0,0.0,0.0,120.0,37.0,4.0,0.0 
 07/03  10:00:00,36.64449280895682,17.994457289315356,34.94638099550258,0.012972325943783544,0.1,0.0,0.23,18.0,0.0,1.0,0.0,0.0,120.0,37.0,4.0,0.0 
 07/03  11:00:00,39.39515021676864,18.303419680694784,38.7770850189263,0.013229377283488249,0.1,0.0,0.23,18.0,0.0,1.0,0.0,0.0,120.0,37.0,4.0,0.0 
 07/03  12:00:00,41.497008427220734,18.4534379081483,40.586367583302795,0.01335444172743749,0.1,0.0,0.23,18.0,0.0,1.0,0.0,0.0,120.0,37.0,4.0,0.0 
 07/03  13:00:00,42.274410007410076,18.60909247768494,42.29600019281754,0.013485424318363689,0.1,0.0,0.69,18.0,0.0,1.0,0.0,0.0,120.0,37.0,4.0,0.0 
 07/03  14:00:00,44.583103828186076,18.75843654054743,44.11906763573003,0.013618260300722267,0.1,0.0,0.69,18.0,0.0,1.0,0.0,0.0,120.0,37.0,4.0,0.0 
 07/03  15:00:00,46.577247815551075,18.904909064535964,45.623445551784535,0.013749900127607899,0.1,0.0,0.23,18.0,0.0,1.0,0.0,0.0,120.0,37.0,4.0,0.0 
 07/03  16:00:00,47.608061911651816,19.225314628358838,47.21088041241537,0.014037362278225395,0.1,0.0,0.23,18.0,0.0,1.0,0.0,0.0,120.0,37.0,4.0,0.0 
 07/03  17:00:00,47.73502666779741,19.322443198843796,47.30049759189871,0.014128063252137503,0.1,0.0,0.23,18.0,0.0,1.0,0.0,0.0,120.0,37.0,4.0,0.0 
 07/03  18:00:00,45.56820657518917,19.415803443799728,44.46866786602926,0.014215888649527633,0.75,0.0,0.23,18.0,0.0,1.0,0.0,0.5,120.0,37.0,4.0,0.0 
 07/03  19:00:00,41.27899165882844,18.961752811160277,40.94590728643598,0.013814007323372228,0.75,0.0,0.23,18.0,0.0,1.0,0.0,0.5,80.0,37.0,4.0,0.0 
 07/03  20:00:00,36.353857736239014,14.21502551002906,27.913894732395946,0.010157507728119105,0.9,1.0,0.23,18.0,0.0,1.0,1.0,0.5,80.0,27.0,4.0,0.0 
 07/03  21:00:00,29.03687964611673,13.268992058964592,27.039079237568743,0.009544432181917271,0.9,1.0,1.0,18.0,0.0,1.0,1.0,0.5,80.0,27.0,4.0,0.0 
 07/03  22:00:00,28.405731449017409,13.151395323769621,27.0205096800494465,0.009471779104546873,0.9,1,1,18,0,1,1,0.5,80,27,4,0
 07/03  23:00:00,27.774583251918088,13.03379858857465,27.00194012253015,0.009399126027176475,0.9,1.0,1.0,18.0,0.0,1.0,1.0,0.5,80.0,27.0,4.0,0.0 
 07/03  24:00:00,27.13444496235819,12.872725677595659,27.00197630720378,0.009301428135599327,0.95,1.0,1.0,18.0,0.0,1.0,1.0,0.5,80.0,27.0,4.0,0.0 
 07/04  01:00:00,26.23129073554875,13.48828774261864,26.457652444665175,0.009693940318141142,0.98,0.0,0.23,18.0,0.0,1.0,1.0,0.5,80.0,27.0,4.0,0.0 
 07/04  02:00:00,25.56079158416181,13.933696942372709,25.89371916002009,0.00998615082556494,0.98,0.0,0.23,18.0,0.0,1.0,1.0,0.5,80.0,27.0,4.0,0.0 
 07/04  03:00:00,24.945841574464637,14.707510412617864,25.242077968734772,0.010510546534368974,0.98,0.0,0.23,18.0,0.0,1.0,1.0,0.5,80.0,27.0,4.0,0.0 
 07/04  04:00:00,24.41401663908158,14.89115735663931,24.853987304727198,0.010640623674773173,0.98,0.0,0.23,18.0,0.0,1.0,1.0,0.5,80.0,27.0,4.0,0.0 
 07/04  05:00:00,23.966281446209305,15.351965280988255,24.340321252670932,0.010969248534117095,0.98,0.0,0.23,18.0,0.0,1.0,1.0,0.5,80.0,27.0,4.0,0.0 
 07/04  06:00:00,24.10566191475568,15.462815118063816,24.321116076611162,0.011051884101634907,0.98,0.0,0.23,18.0,0.0,1.0,1.0,0.5,80.0,27.0,4.0,0.0 
 07/04  07:00:00,26.03866440642288,15.349257466663907,25.576679042795107,0.01097296491756281,0.85,0.0,0.23,18.0,0.0,1.0,1.0,0.5,80.0,27.0,4.0,0.0 
 07/04  08:00:00,27.783646378666788,15.308412654989937,26.850819806285422,0.010946474312384354,0.65,0.0,0.23,12.0,0.0,1.0,0.0,0.5,80.0,37.0,4.0,0.0 
 07/04  09:00:00,28.608297018148264,15.414397605120037,28.346661312606674,0.011025459855566494,0.1,0.0,0.23,18.0,0.0,1.0,0.0,0.0,120.0,37.0,4.0,0.0 
 07/04  10:00:00,30.342342435554663,15.637792570201766,29.98075724991216,0.011190264140868062,0.1,0.0,0.23,18.0,0.0,1.0,0.0,0.0,120.0,37.0,4.0,0.0 
 07/04  11:00:00,32.71907984973486,15.752012696223897,31.803194293997166,0.011276778442343021,0.1,0.0,0.23,18.0,0.0,1.0,0.0,0.0,120.0,37.0,4.0,0.0 
 07/04  12:00:00,33.146251342919236,15.890913731913571,32.813897699069415,0.011382180511615993,0.1,0.0,0.23,18.0,0.0,1.0,0.0,0.0,120.0,37.0,4.0,0.0 
 07/04  13:00:00,35.096209561776256,16.038620881398337,34.963650593863136,0.011495173896363162,0.1,0.0,0.69,18.0,0.0,1.0,0.0,0.0,120.0,37.0,4.0,0.0 
 07/04  14:00:00,34.220188191326194,16.18807761274245,34.90234159148119,0.011606852694405485,0.1,0.0,0.69,18.0,0.0,1.0,0.0,0.0,120.0,37.0,4.0,0.0 
 07/04  15:00:00,33.26899848500922,16.350638316944828,33.75402293848509,0.011729479633523228,0.1,0.0,0.23,18.0,0.0,1.0,0.0,0.0,120.0,37.0,4.0,0.0 
 07/04  16:00:00,36.875383424840685,16.495166834473004,35.82106687245523,0.011839411239455047,0.1,0.0,0.23,18.0,0.0,1.0,0.0,0.0,120.0,37.0,4.0,0.0 
 07/04  17:00:00,36.21200273805885,16.65229060165705,36.02404400559115,0.01196002439474081,0.1,0.0,0.23,18.0,0.0,1.0,0.0,0.0,120.0,37.0,4.0,0.0 
 07/04  18:00:00,34.04524866767539,17.91653243348739,33.63870122668457,0.012975999438242106,0.75,0.0,0.23,18.0,0.0,1.0,0.0,0.5,120.0,37.0,4.0,0.0 
 07/04  19:00:00,32.15805905143067,17.62695716959904,32.05388142286487,0.012735882830512095,0.75,0.0,0.23,18.0,0.0,1.0,0.0,0.5,80.0,37.0,4.0,0.0 
 07/04  20:00:00,29.16130303464462,15.831558823226244,27.135537244416764,0.0113372252150738,0.9,1.0,0.23,18.0,0.0,1.0,1.0,0.5,80.0,27.0,4.0,0.0 
 07/04  21:00:00,26.583111224683165,15.60532031554292,27.000625825235392,0.011170654352261073,0.9,1.0,1.0,18.0,0.0,1.0,1.0,0.5,80.0,27.0,4.0,0.0 
 07/04  22:00:00,26.155927922864844,15.6662313685373025,27.001133398167514,0.0112149243463795025,0.9,1,1,18,0,1,1,0.5,80,27,4,0
 07/04  23:00:00,25.728744621046523,15.727142421531685,27.001640971099636,0.011259194340497932,0.9,1.0,1.0,18.0,0.0,1.0,1.0,0.5,80.0,27.0,4.0,0.0 
 07/04  24:00:00,25.51336465093253,16.198968453502548,27.000974021654066,0.011609774347700523,0.95,1.0,1.0,18.0,0.0,1.0,1.0,0.5,80.0,27.0,4.0,0.0 
 07/05  01:00:00,25.16581959876743,17.384887531439873,25.751985193138246,0.012534949124556037,0.98,0.0,0.23,18.0,0.0,1.0,1.0,0.5,80.0,27.0,4.0,0.0 
 07/05  02:00:00,24.20996889064739,17.766280724026238,25.152545737657555,0.012846026209515155,0.98,0.0,0.23,18.0,0.0,1.0,1.0,0.5,80.0,27.0,4.0,0.0 
 07/05  03:00:00,23.76873778581227,18.014891879657828,24.669435903574637,0.01305228857724482,0.98,0.0,0.23,18.0,0.0,1.0,1.0,0.5,80.0,27.0,4.0,0.0 
 07/05  04:00:00,23.41965809594857,18.523523728158004,24.126442161895525,0.01348429714440325,0.98,0.0,0.23,18.0,0.0,1.0,1.0,0.5,80.0,27.0,4.0,0.0 
 07/05  05:00:00,23.107827990433616,18.868701106391406,23.842821550227757,0.01378453252172828,0.98,0.0,0.23,18.0,0.0,1.0,1.0,0.5,80.0,27.0,4.0,0.0 
 07/05  06:00:00,24.619549374827656,18.993876180017818,24.819994784103297,0.01389443612724144,0.98,0.0,0.23,18.0,0.0,1.0,1.0,0.5,80.0,27.0,4.0,0.0 
 07/05  07:00:00,26.135317107845022,19.177126029231673,26.0087920389085,0.014057082786569485,0.85,0.0,0.23,18.0,0.0,1.0,1.0,0.5,80.0,27.0,4.0,0.0 
 07/05  08:00:00,28.47471781192183,19.57055021960289,27.619503521501038,0.014412914022227842,0.65,0.0,0.23,12.0,0.0,1.0,0.0,0.5,80.0,37.0,4.0,0.0 
 07/05  09:00:00,31.273938125589652,19.643659499443917,30.340832494531057,0.014479323962600005,0.1,0.0,0.23,18.0,0.0,1.0,0.0,0.0,120.0,37.0,4.0,0.0 
 07/05  10:00:00,34.49311273371182,19.756010544500114,32.98630417854293,0.014582314417757586,0.1,0.0,0.23,18.0,0.0,1.0,0.0,0.0,120.0,37.0,4.0,0.0 
 07/05  11:00:00,36.54058249078087,19.889956014831366,35.671128756666086,0.014706104953317693,0.1,0.0,0.23,18.0,0.0,1.0,0.0,0.0,120.0,37.0,4.0,0.0 
 07/05  12:00:00,38.19882808854822,20.031482947755922,37.231201757600914,0.014837970634688677,0.1,0.0,0.23,18.0,0.0,1.0,0.0,0.0,120.0,37.0,4.0,0.0 
 07/05  13:00:00,38.76044876135324,20.17020494966369,38.947200370925245,0.014968240380213344,0.1,0.0,0.69,18.0,0.0,1.0,0.0,0.0,120.0,37.0,4.0,0.0 
 07/05  14:00:00,39.88792129408985,20.305529997038327,40.08812024741259,0.015096754200792498,0.1,0.0,0.69,18.0,0.0,1.0,0.0,0.0,120.0,37.0,4.0,0.0 
 07/05  15:00:00,40.0231377143447,20.527459935039246,40.167158397894404,0.015310021825578031,0.1,0.0,0.23,18.0,0.0,1.0,0.0,0.0,120.0,37.0,4.0,0.0 
 07/05  16:00:00,39.14868521167317,20.629390679993353,39.54670230992959,0.01540863989192312,0.1,0.0,0.23,18.0,0.0,1.0,0.0,0.0,120.0,37.0,4.0,0.0 
 07/05  17:00:00,37.28834364083711,20.76398834271384,38.205708659327996,0.01553984240161249,0.1,0.0,0.23,18.0,0.0,1.0,0.0,0.0,120.0,37.0,4.0,0.0 
 07/05  18:00:00,34.71285391897956,21.217273418961323,35.246463478026826,0.01599006977514124,0.75,0.0,0.23,18.0,0.0,1.0,0.0,0.5,120.0,37.0,4.0,0.0 
 07/05  19:00:00,32.274534120262565,21.86132985891717,33.1418911469699,0.01664994528893642,0.75,0.0,0.23,18.0,0.0,1.0,0.0,0.5,80.0,37.0,4.0,0.0 
 07/05  20:00:00,30.06775582712097,18.48783732141828,27.236527798902188,0.013445736544604769,0.9,1.0,0.23,18.0,0.0,1.0,1.0,0.5,80.0,27.0,4.0,0.0 
 07/05  21:00:00,27.623963674980775,16.42827921262582,27.001312968403376,0.011774053529575267,0.9,1.0,1.0,18.0,0.0,1.0,1.0,0.5,80.0,27.0,4.0,0.0 
 07/05  22:00:00,27.2898103130486025,16.227230615970919,27.001857869029367,0.011622114647159257,0.9,1,1,18,0,1,1,0.5,80,27,4,0
 07/05  23:00:00,26.95565695111643,16.026182019316018,27.002402769655358,0.011470175764743247,0.9,1.0,1.0,18.0,0.0,1.0,1.0,0.5,80.0,27.0,4.0,0.0 
 07/05  24:00:00,26.66587860770362,16.468966803690943,27.002263250983095,0.011804699454656517,0.95,1.0,1.0,18.0,0.0,1.0,1.0,0.5,80.0,27.0,4.0,0.0 
 07/06  01:00:00,26.16133197450717,18.330502995835165,26.9272068247754,0.013309816519114845,0.98,0.0,0.23,18.0,0.0,1.0,1.0,0.5,80.0,27.0,4.0,0.0 
 07/06  02:00:00,25.97720115672781,20.104338081384977,26.733000225803142,0.014902561345672867,0.98,0.0,0.23,18.0,0.0,1.0,1.0,0.5,80.0,27.0,4.0,0.0 
 07/06  03:00:00,25.72744539289076,21.30735743666069,26.50228979552232,0.016078508184110468,0.98,0.0,0.23,18.0,0.0,1.0,1.0,0.5,80.0,27.0,4.0,0.0 
 07/06  04:00:00,25.51271670440508,22.076699683631247,26.301494637286247,0.01687356164912989,0.98,0.0,0.23,18.0,0.0,1.0,1.0,0.5,80.0,27.0,4.0,0.0 
 07/06  05:00:00,25.30652922198095,22.49033495208473,26.12915099849524,0.017315382976405114,0.98,0.0,0.23,18.0,0.0,1.0,1.0,0.5,80.0,27.0,4.0,0.0 
 07/06  06:00:00,26.062949014786323,22.636082044102956,26.62174554118794,0.017473304130732083,0.98,0.0,0.23,18.0,0.0,1.0,1.0,0.5,80.0,27.0,4.0,0.0 
 07/06  07:00:00,27.353267206829717,22.3934189897226,26.993115865477527,0.017210325446772985,0.85,0.0,0.23,18.0,0.0,1.0,1.0,0.5,80.0,27.0,4.0,0.0 
 07/06  08:00:00,29.632140772878344,22.667944334231322,29.032135331218797,0.01750754318087213,0.65,0.0,0.23,12.0,0.0,1.0,0.0,0.5,80.0,37.0,4.0,0.0 
 07/06  09:00:00,32.63935633020711,22.739724807663322,31.177758685903306,0.017585752942868457,0.1,0.0,0.23,18.0,0.0,1.0,0.0,0.0,120.0,37.0,4.0,0.0 
 07/06  10:00:00,35.656547572663236,22.840776320195378,34.462328463661166,0.017696719177553406,0.1,0.0,0.23,18.0,0.0,1.0,0.0,0.0,120.0,37.0,4.0,0.0 
 07/06  11:00:00,38.84715458591079,22.964220705067028,37.07109032749098,0.01783299151933626,0.1,0.0,0.23,18.0,0.0,1.0,0.0,0.0,120.0,37.0,4.0,0.0 
 07/06  12:00:00,40.22414524539792,23.085385059787185,39.52822955202707,0.017967664036381555,0.1,0.0,0.23,18.0,0.0,1.0,0.0,0.0,120.0,37.0,4.0,0.0 
 07/06  13:00:00,41.210849603357715,23.205359837963275,41.27695128133876,0.018102099938370968,0.1,0.0,0.69,18.0,0.0,1.0,0.0,0.0,120.0,37.0,4.0,0.0 
 07/06  14:00:00,42.523198942065214,23.32535560593496,42.63011522568807,0.018234112196431604,0.1,0.0,0.69,18.0,0.0,1.0,0.0,0.0,120.0,37.0,4.0,0.0 
 07/06  15:00:00,42.38923854035944,23.518365933309088,42.64608961507968,0.018450450250305686,0.1,0.0,0.23,18.0,0.0,1.0,0.0,0.0,120.0,37.0,4.0,0.0 
 07/06  16:00:00,40.882057350699824,23.622477550403893,41.52945571195745,0.018566441094963613,0.1,0.0,0.23,18.0,0.0,1.0,0.0,0.0,120.0,37.0,4.0,0.0 
 07/06  17:00:00,39.16637144494613,23.740421111980485,40.11561367676897,0.018699308817798316,0.1,0.0,0.23,18.0,0.0,1.0,0.0,0.0,120.0,37.0,4.0,0.0 
 07/06  18:00:00,37.23805871314366,24.093626661682602,37.68576572346995,0.019109165070975577,0.75,0.0,0.23,18.0,0.0,1.0,0.0,0.5,120.0,37.0,4.0,0.0 
 07/06  19:00:00,34.502365026149654,24.32524937291202,35.178144507147834,0.019381033112597163,0.75,0.0,0.23,18.0,0.0,1.0,0.0,0.5,80.0,37.0,4.0,0.0 
 07/06  20:00:00,32.16452950405064,19.46891876131695,27.53807828921117,0.014291392958316905,0.9,1.0,0.23,18.0,0.0,1.0,1.0,0.5,80.0,27.0,4.0,0.0 
 07/06  21:00:00,28.475029708013235,17.6768833237718,27.05843898717687,0.012740652415162191,0.9,1.0,1.0,18.0,0.0,1.0,1.0,0.5,80.0,27.0,4.0,0.0 
 07/06  22:00:00,28.102833570555175,17.234102554406602,27.03146728686262,0.012385572715697785,0.9,1,1,18,0,1,1,0.5,80,27,4,0
 07/06  23:00:00,27.730637433097115,16.791321785041404,27.00449558654837,0.012030493016233379,0.9,1.0,1.0,18.0,0.0,1.0,1.0,0.5,80.0,27.0,4.0,0.0 
 07/06  24:00:00,27.15281475504475,16.481294195887646,27.002860166901844,0.011788946602052692,0.95,1.0,1.0,18.0,0.0,1.0,1.0,0.5,80.0,27.0,4.0,0.0 
 07/07  01:00:00,26.16773004728629,17.675612256386426,26.740224178470747,0.012729941568366356,0.98,0.0,0.23,18.0,0.0,1.0,1.0,0.5,80.0,27.0,4.0,0.0 
 07/07  02:00:00,25.593816567117504,18.56913554947456,26.07755715861773,0.01347865201434881,0.98,0.0,0.23,18.0,0.0,1.0,1.0,0.5,80.0,27.0,4.0,0.0 
 07/07  03:00:00,24.82645961250319,19.848148989159245,25.304621923795445,0.014620556199237784,0.98,0.0,0.23,18.0,0.0,1.0,1.0,0.5,80.0,27.0,4.0,0.0 
 07/07  04:00:00,24.17317809163356,20.283041576405278,24.65971818466074,0.015026312207607327,0.98,0.0,0.23,18.0,0.0,1.0,1.0,0.5,80.0,27.0,4.0,0.0 
 07/07  05:00:00,23.685091145178117,20.085691278129925,24.348390128869617,0.014836936771709915,0.98,0.0,0.23,18.0,0.0,1.0,1.0,0.5,80.0,27.0,4.0,0.0 
 07/07  06:00:00,26.691642931248666,20.036855180554817,26.0559273590464,0.014788226038695257,0.98,0.0,0.23,18.0,0.0,1.0,1.0,0.5,80.0,27.0,4.0,0.0 
 07/07  07:00:00,31.390711434942443,18.29540298020299,26.97845253818361,0.013231810449508953,0.85,0.0,0.23,18.0,0.0,1.0,1.0,0.5,80.0,27.0,4.0,0.0 
 07/07  08:00:00,32.551224948602766,18.680689825104928,31.735093093845745,0.013559657013317739,0.65,0.0,0.23,12.0,0.0,1.0,0.0,0.5,80.0,37.0,4.0,0.0 
 07/07  09:00:00,36.94310109881073,18.80309901390704,35.63131252914834,0.013663679113351805,0.1,0.0,0.23,18.0,0.0,1.0,0.0,0.0,120.0,37.0,4.0,0.0 
 07/07  10:00:00,40.3189103744554,18.961856333834675,39.017559776910424,0.013800259142569377,0.1,0.0,0.23,18.0,0.0,1.0,0.0,0.0,120.0,37.0,4.0,0.0 
 07/07  11:00:00,41.9191458527158,19.116061773754684,41.11627562814921,0.013934016336814072,0.1,0.0,0.23,18.0,0.0,1.0,0.0,0.0,120.0,37.0,4.0,0.0 
 07/07  12:00:00,42.90210210419409,19.26262868813422,42.33608855921985,0.014062089520592206,0.1,0.0,0.23,18.0,0.0,1.0,0.0,0.0,120.0,37.0,4.0,0.0 
 07/07  13:00:00,43.03728860167505,19.40501762329359,43.28351907680164,0.014187586459802486,0.1,0.0,0.69,18.0,0.0,1.0,0.0,0.0,120.0,37.0,4.0,0.0 
 07/07  14:00:00,44.721983772989944,19.54850267906657,44.60948579101877,0.014317257601046287,0.1,0.0,0.69,18.0,0.0,1.0,0.0,0.0,120.0,37.0,4.0,0.0 
 07/07  15:00:00,47.31574184780121,19.861340696105607,46.03650771296181,0.014604205538081616,0.1,0.0,0.23,18.0,0.0,1.0,0.0,0.0,120.0,37.0,4.0,0.0 
 07/07  16:00:00,48.372855286416716,19.99456259175599,47.91470781420143,0.014727710544253125,0.1,0.0,0.23,18.0,0.0,1.0,0.0,0.0,120.0,37.0,4.0,0.0 
 07/07  17:00:00,49.563284386457575,20.135426114345837,48.93821191851806,0.014859197351841427,0.1,0.0,0.23,18.0,0.0,1.0,0.0,0.0,120.0,37.0,4.0,0.0 
 07/07  18:00:00,49.043986661545866,20.718974084115263,47.43557729832114,0.015417355383061375,0.75,0.0,0.23,18.0,0.0,1.0,0.0,0.5,120.0,37.0,4.0,0.0 
 07/07  19:00:00,45.620103797026346,20.638182831881327,44.86113664179389,0.015338437926357213,0.75,0.0,0.23,18.0,0.0,1.0,0.0,0.5,80.0,37.0,4.0,0.0 
 07/07  20:00:00,39.51724074435911,15.13339251860185,28.599307253465682,0.010766863948584575,0.9,1.0,0.23,18.0,0.0,1.0,1.0,0.5,80.0,27.0,4.0,0.0 
 07/07  21:00:00,29.632240508368604,13.985098203401774,27.049028549629796,0.009984120717005229,0.9,1.0,1.0,18.0,0.0,1.0,1.0,0.5,80.0,27.0,4.0,0.0 
 07/07  22:00:00,28.886875759805033,14.0023382842525485,27.025512029784533,0.0099953349911393685,0.9,1,1,18,0,1,1,0.5,80,27,4,0
 07/07  23:00:00,28.141511011241462,14.019578365103323,27.00199550993927,0.010006549265273508,0.9,1.0,1.0,18.0,0.0,1.0,1.0,0.5,80.0,27.0,4.0,0.0 
 07/07  24:00:00,27.527673891939326,14.113185159449298,27.00194187221481,0.01006818596827508,0.95,1.0,1.0,18.0,0.0,1.0,1.0,0.5,80.0,27.0,4.0,0.0 
 07/08  01:00:00,26.636434527583443,15.571216891874007,26.84808788868093,0.0110777142348261,0.95,0.0,0.23,5.0,0.0,1.0,1.0,0.5,80.0,27.0,4.0,0.0 
 07/08  02:00:00,26.20667958494169,16.316800231841217,26.437282795157955,0.011628267095584222,0.95,0.0,0.23,5.0,0.0,1.0,1.0,0.5,80.0,27.0,4.0,0.0 
 07/08  03:00:00,25.65868886587185,17.67284841986887,25.918220902060334,0.012693253789312929,0.95,0.0,0.23,5.0,0.0,1.0,1.0,0.5,80.0,27.0,4.0,0.0 
 07/08  04:00:00,25.16124597385686,18.40153078459888,25.482378262236722,0.013300841448579521,0.95,0.0,0.23,5.0,0.0,1.0,1.0,0.5,80.0,27.0,4.0,0.0 
 07/08  05:00:00,24.7364875597234,18.896937814832096,25.120706727053303,0.01372859535261646,0.95,0.0,0.23,5.0,0.0,1.0,1.0,0.5,80.0,27.0,4.0,0.0 
 07/08  06:00:00,27.605035378767845,18.95046752112143,26.646146398555935,0.013775175674512303,0.95,0.0,0.23,5.0,0.0,1.0,1.0,0.5,80.0,27.0,4.0,0.0 
 07/08  07:00:00,31.350781168330666,17.068530117864533,26.97572270664143,0.012206634648865542,0.95,0.0,0.23,5.0,0.0,1.0,1.0,0.5,80.0,27.0,4.0,0.0 
 07/08  08:00:00,32.01410517466178,14.442676895835362,27.00085003350521,0.010286158467622366,0.95,0.0,0.23,5.0,0.0,1.0,1.0,0.5,80.0,27.0,4.0,0.0 
 07/08  09:00:00,33.582041146545095,12.727483781673556,27.00194968868901,0.009182716131181804,0.95,0.0,0.23,5.0,0.0,1.0,1.0,0.5,80.0,27.0,4.0,0.0 
 07/08  10:00:00,34.0991600762108,11.76422229496171,27.002059613015405,0.008610557288073561,0.6,0.0,0.23,5.0,0.0,1.0,1.0,0.5,80.0,27.0,4.0,0.0 
 07/08  11:00:00,34.414093956170326,11.479546822557703,27.002011314118917,0.008447512493514641,0.6,0.0,0.23,5.0,0.0,1.0,1.0,0.5,80.0,27.0,4.0,0.0 
 07/08  12:00:00,33.93838161083993,11.637871369198177,27.002024504184547,0.008537446941210126,0.6,0.0,0.23,5.0,0.0,1.0,1.0,0.5,80.0,27.0,4.0,0.0 
 07/08  13:00:00,33.87682017132333,11.726259241920424,27.002031958962956,0.008587912226668775,0.6,0.0,0.69,5.0,0.0,1.0,1.0,0.5,80.0,27.0,4.0,0.0 
 07/08  14:00:00,35.026461734900025,11.730644883708596,27.00182102074729,0.008590350098615146,0.6,0.0,0.69,5.0,0.0,1.0,1.0,0.5,80.0,27.0,4.0,0.0 
 07/08  15:00:00,35.866880157135654,11.712272794643152,27.001466866673866,0.008579610329771982,0.6,0.0,0.23,5.0,0.0,1.0,1.0,0.5,80.0,27.0,4.0,0.0 
 07/08  16:00:00,35.74053856992293,11.76163876484357,27.001297695834324,0.00860785922825892,0.6,0.0,0.23,5.0,0.0,1.0,1.0,0.5,80.0,27.0,4.0,0.0 
 07/08  17:00:00,35.113436063113404,11.74689860234574,27.001453824229266,0.008599277950250611,0.6,0.0,0.23,5.0,0.0,1.0,1.0,0.5,80.0,27.0,4.0,0.0 
 07/08  18:00:00,33.584732917534204,11.648663675697097,27.00187321844243,0.008542684085880931,0.6,0.0,0.23,5.0,0.0,1.0,1.0,0.5,80.0,27.0,4.0,0.0 
 07/08  19:00:00,32.20258362439366,11.838747395389143,27.002132299039246,0.00865207398803436,0.9,0.0,0.23,5.0,0.0,1.0,1.0,0.5,80.0,27.0,4.0,0.0 
 07/08  20:00:00,29.526831275142577,12.292111571430427,27.00202462712247,0.008918091061282312,0.9,1.0,0.23,5.0,0.0,1.0,1.0,0.5,80.0,27.0,4.0,0.0 
 07/08  21:00:00,28.991035790044215,13.170171151033724,27.00229967751777,0.00945449612539099,0.9,1.0,1.0,5.0,0.0,1.0,1.0,0.5,80.0,27.0,4.0,0.0 
 07/08  22:00:00,28.7860567318949945,13.5034529650989015,27.002318453394145,0.009667591308476511,0.9,1,1,5,0,1,1,0.5,80,27,4,0
 07/08  23:00:00,28.581077673745774,13.836734779164079,27.00233722927052,0.009880686491562032,0.9,1.0,1.0,5.0,0.0,1.0,1.0,0.5,80.0,27.0,4.0,0.0 
 07/08  24:00:00,28.14166871172634,14.318529833607995,27.00227310454165,0.010199420929181668,0.9,1.0,1.0,5.0,0.0,1.0,1.0,0.5,80.0,27.0,4.0,0.0 
 07/09  01:00:00,27.28448669499087,15.891290697162686,27.000702152741567,0.011305128169013417,0.95,0.0,0.23,5.0,0.0,1.0,1.0,0.5,80.0,27.0,4.0,0.0 
 07/09  02:00:00,26.870153036454457,17.257345177724343,27.00026869763441,0.012351640293921941,0.95,0.0,0.23,5.0,0.0,1.0,1.0,0.5,80.0,27.0,4.0,0.0 
 07/09  03:00:00,26.526208812540908,18.488894655667046,26.95316505858435,0.013368981532461658,0.95,0.0,0.23,5.0,0.0,1.0,1.0,0.5,80.0,27.0,4.0,0.0 
 07/09  04:00:00,26.17285689776249,18.572256237881817,26.64798185026406,0.013440229810421223,0.95,0.0,0.23,5.0,0.0,1.0,1.0,0.5,80.0,27.0,4.0,0.0 
 07/09  05:00:00,25.792093942188473,19.118210719643198,26.32214971987601,0.01391691322571308,0.95,0.0,0.23,5.0,0.0,1.0,1.0,0.5,80.0,27.0,4.0,0.0 
 07/09  06:00:00,27.966449018720574,19.174243297138066,26.999668610174183,0.013966574974950826,0.95,0.0,0.23,5.0,0.0,1.0,1.0,0.5,80.0,27.0,4.0,0.0 
 07/09  07:00:00,31.16028812385248,17.454700624552533,27.002098293771766,0.012508843538299631,0.95,0.0,0.23,5.0,0.0,1.0,1.0,0.5,80.0,27.0,4.0,0.0 
 07/09  08:00:00,32.39419434891522,15.216995628340113,27.00233776019077,0.010817213031354486,0.95,0.0,0.23,5.0,0.0,1.0,1.0,0.5,80.0,27.0,4.0,0.0 
 07/09  09:00:00,33.67071109439789,13.7074337364088,27.002249358857938,0.009794982069552656,0.95,0.0,0.23,5.0,0.0,1.0,1.0,0.5,80.0,27.0,4.0,0.0 
 07/09  10:00:00,34.27888934726686,12.741240864174948,27.002061041399976,0.009187068161170871,0.6,0.0,0.23,5.0,0.0,1.0,1.0,0.5,80.0,27.0,4.0,0.0 
 07/09  11:00:00,34.65495189673748,12.275067703697562,27.00189002854556,0.008905898439241692,0.6,0.0,0.23,5.0,0.0,1.0,1.0,0.5,80.0,27.0,4.0,0.0 
 07/09  12:00:00,34.05240336801531,12.204603278290296,27.001904251688604,0.008864013744545783,0.6,0.0,0.23,5.0,0.0,1.0,1.0,0.5,80.0,27.0,4.0,0.0 
 07/09  13:00:00,33.95696838006418,12.293679068360454,27.00191763843444,0.008916699185819216,0.6,0.0,0.69,5.0,0.0,1.0,1.0,0.5,80.0,27.0,4.0,0.0 
 07/09  14:00:00,35.09278077234831,12.300293985430821,27.00167098242011,0.008920546652377024,0.6,0.0,0.69,5.0,0.0,1.0,1.0,0.5,80.0,27.0,4.0,0.0 
 07/09  15:00:00,36.09803876842985,12.190265889996363,27.001230027644713,0.008855176096406894,0.6,0.0,0.23,5.0,0.0,1.0,1.0,0.5,80.0,27.0,4.0,0.0 
 07/09  16:00:00,36.12191285031011,12.048631165964807,27.000957923355184,0.008771772556805967,0.6,0.0,0.23,5.0,0.0,1.0,1.0,0.5,80.0,27.0,4.0,0.0 
 07/09  17:00:00,35.40901274148272,12.12835882972877,27.001124722732808,0.008818546049325918,0.6,0.0,0.23,5.0,0.0,1.0,1.0,0.5,80.0,27.0,4.0,0.0 
 07/09  18:00:00,34.49622538050249,12.23126523250756,27.001526183933226,0.008879273504992737,0.6,0.0,0.23,5.0,0.0,1.0,1.0,0.5,80.0,27.0,4.0,0.0 
 07/09  19:00:00,32.911743648648816,12.523609692085737,27.001965786943753,0.00905400743277779,0.9,0.0,0.23,5.0,0.0,1.0,1.0,0.5,80.0,27.0,4.0,0.0 
 07/09  20:00:00,29.882937059531052,13.014972153546704,27.002085057238485,0.009354706577773077,0.9,1.0,0.23,5.0,0.0,1.0,1.0,0.5,80.0,27.0,4.0,0.0 
 07/09  21:00:00,29.22943474067526,13.826374211424,27.002379971972942,0.009870955531022392,0.9,1.0,1.0,5.0,0.0,1.0,1.0,0.5,80.0,27.0,4.0,0.0 
 07/09  22:00:00,29.007493180925895,14.1407437044653125,27.002402985763071,0.0100796615359327125,0.9,1,1,5,0,1,1,0.5,80,27,4,0
 07/09  23:00:00,28.78555162117653,14.455113197506625,27.0024259995532,0.010288367540843033,0.9,1.0,1.0,5.0,0.0,1.0,1.0,0.5,80.0,27.0,4.0,0.0 
 07/09  24:00:00,28.346989192883168,14.714148266312595,27.002409931913032,0.010464935131559248,0.9,1.0,1.0,5.0,0.0,1.0,1.0,0.5,80.0,27.0,4.0,0.0 
 07/10  01:00:00,27.552000019142188,16.2447065393776,27.000974564903434,0.011564624774683077,0.98,0.0,0.23,18.0,0.0,1.0,1.0,0.5,80.0,27.0,4.0,0.0 
 07/10  02:00:00,27.139249986662747,17.686459624428142,27.00054354892088,0.01269438443285515,0.98,0.0,0.23,18.0,0.0,1.0,1.0,0.5,80.0,27.0,4.0,0.0 
 07/10  03:00:00,26.80650453436434,19.00511816592959,27.000007887038045,0.013813531054084064,0.98,0.0,0.23,18.0,0.0,1.0,1.0,0.5,80.0,27.0,4.0,0.0 
 07/10  04:00:00,26.495691389894017,20.0418524940483,26.93335305330322,0.014754899531344874,0.98,0.0,0.23,18.0,0.0,1.0,1.0,0.5,80.0,27.0,4.0,0.0 
 07/10  05:00:00,26.224477348692403,20.70055372704016,26.717749213943968,0.015382595127435455,0.98,0.0,0.23,18.0,0.0,1.0,1.0,0.5,80.0,27.0,4.0,0.0 
 07/10  06:00:00,28.8581687988262,20.210412447482238,26.979738668184332,0.014913174866000096,0.98,0.0,0.23,18.0,0.0,1.0,1.0,0.5,80.0,27.0,4.0,0.0 
 07/10  07:00:00,31.274217057731086,17.568489295633956,26.997867683444124,0.012597833174182104,0.85,0.0,0.23,18.0,0.0,1.0,1.0,0.5,80.0,27.0,4.0,0.0 
 07/10  08:00:00,32.92076012766127,18.30147219890614,32.108994391750834,0.013205166188902199,0.65,0.0,0.23,12.0,0.0,1.0,0.0,0.5,80.0,37.0,4.0,0.0 
 07/10  09:00:00,38.689430288641155,18.421330094215694,36.80382993480785,0.013306831983872077,0.1,0.0,0.23,18.0,0.0,1.0,0.0,0.0,120.0,37.0,4.0,0.0 
 07/10  10:00:00,42.57771267973714,18.582399011025647,41.123591668859,0.013444610168377715,0.1,0.0,0.23,18.0,0.0,1.0,0.0,0.0,120.0,37.0,4.0,0.0 
 07/10  11:00:00,45.313495831537615,18.740348933442412,44.17655444112403,0.013580961633836633,0.1,0.0,0.23,18.0,0.0,1.0,0.0,0.0,120.0,37.0,4.0,0.0 
 07/10  12:00:00,46.22166946923255,18.890871429246275,45.63684084431075,0.013712051972526586,0.1,0.0,0.23,18.0,0.0,1.0,0.0,0.0,120.0,37.0,4.0,0.0 
 07/10  13:00:00,46.64979517022245,19.038457862964027,46.89663242595997,0.013841687060133256,0.1,0.0,0.69,18.0,0.0,1.0,0.0,0.0,120.0,37.0,4.0,0.0 
 07/10  14:00:00,48.76736999216606,19.187302344122294,48.609665002600394,0.013974392014489048,0.1,0.0,0.69,18.0,0.0,1.0,0.0,0.0,120.0,37.0,4.0,0.0 
 07/10  15:00:00,51.40433617046207,19.508344390011075,50.419950382686395,0.014263557810652342,0.1,0.0,0.23,18.0,0.0,1.0,0.0,0.0,120.0,37.0,4.0,0.0 
 07/10  16:00:00,52.44957204035301,19.824563778145503,52.11676430886693,0.014553649549348284,0.1,0.0,0.23,18.0,0.0,1.0,0.0,0.0,120.0,37.0,4.0,0.0 
 07/10  17:00:00,52.671391997288666,19.902741781551835,52.22725246733256,0.014626628126838612,0.1,0.0,0.23,18.0,0.0,1.0,0.0,0.0,120.0,37.0,4.0,0.0 
 07/10  18:00:00,51.46983505486265,20.89556501169955,50.247134135100254,0.015575246720150175,0.75,0.0,0.23,18.0,0.0,1.0,0.0,0.5,120.0,37.0,4.0,0.0 
 07/10  19:00:00,47.94660429685837,21.265441820167723,47.467041787503476,0.01594301396124152,0.75,0.0,0.23,18.0,0.0,1.0,0.0,0.5,80.0,37.0,4.0,0.0 
 07/10  20:00:00,42.11262497461443,16.500892835347187,29.5170123334766,0.011760670147676396,0.9,1.0,0.23,18.0,0.0,1.0,1.0,0.5,80.0,27.0,4.0,0.0 
 07/10  21:00:00,30.857632662831442,14.89490499308615,27.119963728570877,0.010591879476449705,0.9,1.0,1.0,18.0,0.0,1.0,1.0,0.5,80.0,27.0,4.0,0.0 
 07/10  22:00:00,30.143237625811972,14.7377522689886945,27.0610503776489965,0.0104839742964927325,0.9,1,1,18,0,1,1,0.5,80,27,4,0
 07/10  23:00:00,29.428842588792502,14.580599544891239,27.002137026727116,0.01037606911653576,0.9,1.0,1.0,18.0,0.0,1.0,1.0,0.5,80.0,27.0,4.0,0.0 
 07/10  24:00:00,28.858568713233748,14.873630085063674,27.002399880830147,0.010577967601535532,0.95,1.0,1.0,18.0,0.0,1.0,1.0,0.5,80.0,27.0,4.0,0.0 
 07/11  01:00:00,27.8812783460184,15.830127340488648,27.00096787366247,0.01126120292019691,0.98,0.0,0.23,18.0,0.0,1.0,1.0,0.5,80.0,27.0,4.0,0.0 
 07/11  02:00:00,27.41012578614691,16.891336199980156,27.000697562595445,0.012064799887200783,0.98,0.0,0.23,18.0,0.0,1.0,1.0,0.5,80.0,27.0,4.0,0.0 
 07/11  03:00:00,27.06831198921674,18.016650645705457,27.000015621959655,0.012972865060597274,0.98,0.0,0.23,18.0,0.0,1.0,1.0,0.5,80.0,27.0,4.0,0.0 
 07/11  04:00:00,26.74031213063277,19.006976034396615,27.00000011191784,0.013822429399232195,0.98,0.0,0.23,18.0,0.0,1.0,1.0,0.5,80.0,27.0,4.0,0.0 
 07/11  05:00:00,26.51071444510813,19.65802014759033,26.88619896548273,0.014408093208184862,0.98,0.0,0.23,18.0,0.0,1.0,1.0,0.5,80.0,27.0,4.0,0.0 
 07/11  06:00:00,28.409275444898846,19.408786419506004,26.99280538379052,0.014182091938085577,0.98,0.0,0.23,18.0,0.0,1.0,1.0,0.5,80.0,27.0,4.0,0.0 
 07/11  07:00:00,31.08395155394852,17.521410122785465,27.000673861334146,0.012568177831115713,0.85,0.0,0.23,18.0,0.0,1.0,1.0,0.5,80.0,27.0,4.0,0.0 
 07/11  08:00:00,31.77371495978837,18.44875048854775,31.042967247015852,0.013340049811145924,0.65,0.0,0.23,12.0,0.0,1.0,0.0,0.5,80.0,37.0,4.0,0.0 
 07/11  09:00:00,37.4065943060281,18.54610489743099,34.83898778046142,0.013423992189817813,0.1,0.0,0.23,18.0,0.0,1.0,0.0,0.0,120.0,37.0,4.0,0.0 
 07/11  10:00:00,40.20452888036584,18.704933963364397,39.14621837680522,0.013561616651318371,0.1,0.0,0.23,18.0,0.0,1.0,0.0,0.0,120.0,37.0,4.0,0.0 
 07/11  11:00:00,43.03348554584815,18.859402534973725,41.55768085957484,0.013696695352942647,0.1,0.0,0.23,18.0,0.0,1.0,0.0,0.0,120.0,37.0,4.0,0.0 
 07/11  12:00:00,44.19678619066856,19.010829738197756,43.60916173065262,0.013830301620198862,0.1,0.0,0.23,18.0,0.0,1.0,0.0,0.0,120.0,37.0,4.0,0.0 
 07/11  13:00:00,45.07052724631609,19.158374928778088,45.15662267431203,0.01396162677439818,0.1,0.0,0.69,18.0,0.0,1.0,0.0,0.0,120.0,37.0,4.0,0.0 
 07/11  14:00:00,47.21413461269018,19.30839666994302,46.963042758634,0.014095441422290026,0.1,0.0,0.69,18.0,0.0,1.0,0.0,0.0,120.0,37.0,4.0,0.0 
 07/11  15:00:00,49.87237777345552,19.45584604121981,48.43778766267443,0.014227936888731738,0.1,0.0,0.23,18.0,0.0,1.0,0.0,0.0,120.0,37.0,4.0,0.0 
 07/11  16:00:00,51.03942317226783,19.60467886409846,50.5144683326969,0.01436296087563603,0.1,0.0,0.23,18.0,0.0,1.0,0.0,0.0,120.0,37.0,4.0,0.0 
 07/11  17:00:00,51.65962658391223,19.74393857537729,51.10670532486248,0.014490324553624444,0.1,0.0,0.23,18.0,0.0,1.0,0.0,0.0,120.0,37.0,4.0,0.0 
 07/11  18:00:00,50.287306748716084,20.552008824403952,49.040138594418956,0.015250985538041944,0.75,0.0,0.23,18.0,0.0,1.0,0.0,0.5,120.0,37.0,4.0,0.0 
 07/11  19:00:00,46.630827962559145,20.85476531587884,46.1708148817278,0.015544985650446333,0.75,0.0,0.23,18.0,0.0,1.0,0.0,0.5,80.0,37.0,4.0,0.0 
 07/11  20:00:00,41.113863145223846,16.080173155144468,29.062945359431215,0.011449556086717513,0.9,1.0,0.23,18.0,0.0,1.0,1.0,0.5,80.0,27.0,4.0,0.0 
 07/11  21:00:00,30.563506071927748,14.465380289915782,27.06503294279102,0.01030204219505301,0.9,1.0,1.0,18.0,0.0,1.0,1.0,0.5,80.0,27.0,4.0,0.0 
 07/11  22:00:00,29.863629141112709,14.3763501960800265,27.03359749128754,0.010241954950572818,0.9,1,1,18,0,1,1,0.5,80,27,4,0
 07/11  23:00:00,29.16375221029767,14.287320102244271,27.00216203978406,0.010181867706092626,0.9,1.0,1.0,18.0,0.0,1.0,1.0,0.5,80.0,27.0,4.0,0.0 
 07/11  24:00:00,28.52373054416457,14.301101194552363,27.00228348897509,0.010190800234091711,0.95,1.0,1.0,18.0,0.0,1.0,1.0,0.5,80.0,27.0,4.0,0.0 
 07/12  01:00:00,27.565449813600097,15.66913309021459,27.00070954974136,0.011145783532548019,0.98,0.0,0.23,18.0,0.0,1.0,1.0,0.5,80.0,27.0,4.0,0.0 
 07/12  02:00:00,27.050570003406726,17.425991173442963,27.000261572457312,0.012490251054308545,0.98,0.0,0.23,18.0,0.0,1.0,1.0,0.5,80.0,27.0,4.0,0.0 
 07/12  03:00:00,26.637821819207847,19.02696118449092,26.850667510560864,0.0138403462943605,0.98,0.0,0.23,18.0,0.0,1.0,1.0,0.5,80.0,27.0,4.0,0.0 
 07/12  04:00:00,26.201984817201744,19.263385378730582,26.416896715647688,0.014050254902355806,0.98,0.0,0.23,18.0,0.0,1.0,1.0,0.5,80.0,27.0,4.0,0.0 
 07/12  05:00:00,25.67040052268449,20.13100475673127,25.9014079045752,0.014846163146167891,0.98,0.0,0.23,18.0,0.0,1.0,1.0,0.5,80.0,27.0,4.0,0.0 
 07/12  06:00:00,25.707668306680716,20.726553041391963,25.823381346207352,0.015415513023935169,0.98,0.0,0.23,18.0,0.0,1.0,1.0,0.5,80.0,27.0,4.0,0.0 
 07/12  07:00:00,30.489709685521724,19.588458064009984,26.996066826556333,0.014342932912531475,0.85,0.0,0.23,18.0,0.0,1.0,1.0,0.5,80.0,27.0,4.0,0.0 
 07/12  08:00:00,32.15673187954758,20.06157908296911,31.286868487613138,0.01477979093060358,0.65,0.0,0.23,12.0,0.0,1.0,0.0,0.5,80.0,37.0,4.0,0.0 
 07/12  09:00:00,37.310247179438136,20.16523422379797,35.42852335898144,0.014876885790534224,0.1,0.0,0.23,18.0,0.0,1.0,0.0,0.0,120.0,37.0,4.0,0.0 
 07/12  10:00:00,40.93682898936964,20.31115538592051,39.65950466848674,0.015014516744458885,0.1,0.0,0.23,18.0,0.0,1.0,0.0,0.0,120.0,37.0,4.0,0.0 
 07/12  11:00:00,43.283026993946095,20.4535957470241,42.2428677242203,0.015150111640958162,0.1,0.0,0.23,18.0,0.0,1.0,0.0,0.0,120.0,37.0,4.0,0.0 
 07/12  12:00:00,43.95598729032723,20.587428923272093,43.4008649751195,0.01527850000828567,0.1,0.0,0.23,18.0,0.0,1.0,0.0,0.0,120.0,37.0,4.0,0.0 
 07/12  13:00:00,44.438644779050634,20.717997178819978,44.58667906792491,0.01540453595747777,0.1,0.0,0.69,18.0,0.0,1.0,0.0,0.0,120.0,37.0,4.0,0.0 
 07/12  14:00:00,46.70329886302015,20.8556293895918,46.31854670530388,0.01553874473715422,0.1,0.0,0.69,18.0,0.0,1.0,0.0,0.0,120.0,37.0,4.0,0.0 
 07/12  15:00:00,49.00572989184416,20.990469188282184,47.82037805513631,0.015671249717827112,0.1,0.0,0.23,18.0,0.0,1.0,0.0,0.0,120.0,37.0,4.0,0.0 
 07/12  16:00:00,50.08953873933955,21.28131521812043,49.65880424681041,0.015960722728858196,0.1,0.0,0.23,18.0,0.0,1.0,0.0,0.0,120.0,37.0,4.0,0.0 
 07/12  17:00:00,50.03382720333969,21.595839374748383,49.95031035345285,0.01627903427638392,0.1,0.0,0.23,18.0,0.0,1.0,0.0,0.0,120.0,37.0,4.0,0.0 
 07/12  18:00:00,48.33341398975835,21.977250498668916,46.8460717612463,0.01667296259556354,0.75,0.0,0.23,18.0,0.0,1.0,0.0,0.5,120.0,37.0,4.0,0.0 
 07/12  19:00:00,44.26274149894916,22.087467819569746,43.684085389578385,0.016788268350535648,0.75,0.0,0.23,18.0,0.0,1.0,0.0,0.5,80.0,37.0,4.0,0.0 
 07/12  20:00:00,38.80838258371713,16.2481543781475,28.51620713075448,0.011569544483882166,0.9,1.0,0.23,18.0,0.0,1.0,1.0,0.5,80.0,27.0,4.0,0.0 
 07/12  21:00:00,29.716448341628652,14.719485206134722,27.0479376994624,0.010470285026923976,0.9,1.0,1.0,18.0,0.0,1.0,1.0,0.5,80.0,27.0,4.0,0.0 
 07/12  22:00:00,29.050081190915719,14.613044202800971,27.0249899512763685,0.0103975459783475245,0.9,1,1,18,0,1,1,0.5,80,27,4,0
 07/12  23:00:00,28.383714040202786,14.50660319946722,27.002042203090337,0.010324806929771073,0.9,1.0,1.0,18.0,0.0,1.0,1.0,0.5,80.0,27.0,4.0,0.0 
 07/12  24:00:00,27.81142455536686,14.508347300380205,27.001993926171554,0.010325886485834102,0.95,1.0,1.0,18.0,0.0,1.0,1.0,0.5,80.0,27.0,4.0,0.0 
 07/13  01:00:00,26.86467832597542,15.767788957604058,27.00000343884876,0.011212733710431876,0.98,0.0,0.23,18.0,0.0,1.0,1.0,0.5,80.0,27.0,4.0,0.0 
 07/13  02:00:00,26.435154369792215,16.475147800495662,26.56702554249965,0.011740338951194574,0.98,0.0,0.23,18.0,0.0,1.0,1.0,0.5,80.0,27.0,4.0,0.0 
 07/13  03:00:00,25.853459987830384,17.782390306688953,26.01202833832525,0.012774515738423385,0.98,0.0,0.23,18.0,0.0,1.0,1.0,0.5,80.0,27.0,4.0,0.0 
 07/13  04:00:00,25.265683230038444,18.507312336824853,25.465931800051635,0.01338259096658485,0.98,0.0,0.23,18.0,0.0,1.0,1.0,0.5,80.0,27.0,4.0,0.0 
 07/13  05:00:00,24.682891206916814,18.739103938800067,24.921084184094155,0.013582212970584666,0.98,0.0,0.23,18.0,0.0,1.0,1.0,0.5,80.0,27.0,4.0,0.0 
 07/13  06:00:00,24.566202706924866,18.637530016397754,24.72764884154923,0.013494153221343308,0.98,0.0,0.23,18.0,0.0,1.0,1.0,0.5,80.0,27.0,4.0,0.0 
 07/13  07:00:00,29.605662249802876,17.842528769204858,26.757701187755075,0.012823361998559981,0.85,0.0,0.23,18.0,0.0,1.0,1.0,0.5,80.0,27.0,4.0,0.0 
 07/13  08:00:00,32.213275457060384,17.758107870205286,31.17965905711945,0.012753808159943343,0.65,0.0,0.23,12.0,0.0,1.0,0.0,0.5,80.0,37.0,4.0,0.0 
 07/13  09:00:00,36.76011771476886,17.894593349546437,35.288307036006366,0.012865958601698951,0.1,0.0,0.23,18.0,0.0,1.0,0.0,0.0,120.0,37.0,4.0,0.0 
 07/13  10:00:00,40.05246763305817,18.058240255368755,38.894759005969505,0.013001778390744715,0.1,0.0,0.23,18.0,0.0,1.0,0.0,0.0,120.0,37.0,4.0,0.0 
 07/13  11:00:00,41.91453886147068,18.217476099294082,41.08135550066183,0.013135170201740631,0.1,0.0,0.23,18.0,0.0,1.0,0.0,0.0,120.0,37.0,4.0,0.0 
 07/13  12:00:00,42.6617695444374,18.368556330025985,42.15159757230439,0.013262859600129706,0.1,0.0,0.23,18.0,0.0,1.0,0.0,0.0,120.0,37.0,4.0,0.0 
 07/13  13:00:00,42.33253502987439,18.49591392991136,42.49799383263172,0.013371344355096109,0.1,0.0,0.69,18.0,0.0,1.0,0.0,0.0,120.0,37.0,4.0,0.0 
 07/13  14:00:00,44.324439659366504,18.647645124334446,43.92320070752298,0.013502067698051389,0.1,0.0,0.69,18.0,0.0,1.0,0.0,0.0,120.0,37.0,4.0,0.0 
 07/13  15:00:00,46.63195682522499,18.80072088632657,45.569345926922644,0.013635249446727294,0.1,0.0,0.23,18.0,0.0,1.0,0.0,0.0,120.0,37.0,4.0,0.0 
 07/13  16:00:00,47.93214112954997,19.126425776301037,47.43139890998271,0.013922094747954136,0.1,0.0,0.23,18.0,0.0,1.0,0.0,0.0,120.0,37.0,4.0,0.0 
 07/13  17:00:00,48.23170533229699,19.22763048878398,47.66783727282535,0.014012476362974657,0.1,0.0,0.23,18.0,0.0,1.0,0.0,0.0,120.0,37.0,4.0,0.0 
 07/13  18:00:00,47.05361705129282,19.374997086031904,45.360333851818346,0.014145041072859146,0.75,0.0,0.23,18.0,0.0,1.0,0.0,0.5,120.0,37.0,4.0,0.0 
 07/13  19:00:00,43.42724573163231,19.238406457570452,42.60200186544571,0.014022950925073023,0.75,0.0,0.23,18.0,0.0,1.0,0.0,0.5,80.0,37.0,4.0,0.0 
 07/13  20:00:00,37.660025050396996,14.174910357161151,28.116295443252646,0.010101905456499234,0.9,1.0,0.23,18.0,0.0,1.0,1.0,0.5,80.0,27.0,4.0,0.0 
 07/13  21:00:00,29.00848380731517,13.267759847658432,27.046902301614846,0.00951444051115536,0.9,1.0,1.0,18.0,0.0,1.0,1.0,0.5,80.0,27.0,4.0,0.0 
 07/13  22:00:00,28.3010124095895415,13.390331684663333,27.0243460190333555,0.0095924527152788955,0.9,1,1,18,0,1,1,0.5,80,27,4,0
 07/13  23:00:00,27.593541011863913,13.512903521668234,27.001789736451865,0.009670464919402431,0.9,1.0,1.0,18.0,0.0,1.0,1.0,0.5,80.0,27.0,4.0,0.0 
 07/13  24:00:00,26.945281563852788,14.097623297235405,27.001686175108127,0.010051399311496977,0.95,1.0,1.0,18.0,0.0,1.0,1.0,0.5,80.0,27.0,4.0,0.0 
 07/14  01:00:00,26.127888645989827,15.869518410898037,26.161579832822586,0.01128933768319986,0.98,0.0,0.23,18.0,0.0,1.0,1.0,0.5,80.0,27.0,4.0,0.0 
 07/14  02:00:00,25.29779479985304,17.299933876282836,25.4950483152048,0.0123863781858104,0.98,0.0,0.23,18.0,0.0,1.0,1.0,0.5,80.0,27.0,4.0,0.0 
 07/14  03:00:00,24.738528780145614,17.329238018514477,25.062630177412906,0.012410190835764641,0.98,0.0,0.23,18.0,0.0,1.0,1.0,0.5,80.0,27.0,4.0,0.0 
 07/14  04:00:00,24.204774965707777,17.68311588130865,24.463519825551355,0.012696774560537055,0.98,0.0,0.23,18.0,0.0,1.0,1.0,0.5,80.0,27.0,4.0,0.0 
 07/14  05:00:00,23.7130661995215,17.657917824998297,24.06756946641046,0.012676584423978187,0.98,0.0,0.23,18.0,0.0,1.0,1.0,0.5,80.0,27.0,4.0,0.0 
 07/14  06:00:00,23.743491292865137,17.484639445386595,24.02433517186932,0.012536161074847545,0.98,0.0,0.23,18.0,0.0,1.0,1.0,0.5,80.0,27.0,4.0,0.0 
 07/14  07:00:00,28.08200349544477,17.581904272215468,26.438450556065266,0.012615335246848366,0.85,0.0,0.23,18.0,0.0,1.0,1.0,0.5,80.0,27.0,4.0,0.0 
 07/14  08:00:00,30.899571635136514,18.070007976680277,29.824279901645156,0.013017908680725821,0.65,0.0,0.23,12.0,0.0,1.0,0.0,0.5,80.0,37.0,4.0,0.0 
 07/14  09:00:00,35.32484688352466,18.172814902972164,34.00340646975993,0.013104341186885794,0.1,0.0,0.23,18.0,0.0,1.0,0.0,0.0,120.0,37.0,4.0,0.0 
 07/14  10:00:00,39.13357901928053,18.331345981323874,37.67585512959366,0.013238623597718716,0.1,0.0,0.23,18.0,0.0,1.0,0.0,0.0,120.0,37.0,4.0,0.0 
 07/14  11:00:00,41.12879175544377,18.48818265664146,40.25150491476156,0.013372692874385783,0.1,0.0,0.23,18.0,0.0,1.0,0.0,0.0,120.0,37.0,4.0,0.0 
 07/14  12:00:00,42.013116772326654,18.636173581634843,41.49045036201477,0.013500207338275106,0.1,0.0,0.23,18.0,0.0,1.0,0.0,0.0,120.0,37.0,4.0,0.0 
 07/14  13:00:00,42.85696074530962,18.786737302344385,42.99940790767424,0.013631194150356924,0.1,0.0,0.69,18.0,0.0,1.0,0.0,0.0,120.0,37.0,4.0,0.0 
 07/14  14:00:00,45.47315238945848,18.93709277258282,45.02436949850436,0.01376550743481882,0.1,0.0,0.69,18.0,0.0,1.0,0.0,0.0,120.0,37.0,4.0,0.0 
 07/14  15:00:00,47.95410490418931,19.085247119593674,46.86524176060307,0.013899065822454587,0.1,0.0,0.23,18.0,0.0,1.0,0.0,0.0,120.0,37.0,4.0,0.0 
 07/14  16:00:00,48.42654719799679,19.22827927961687,47.95519442188778,0.014029076809423915,0.1,0.0,0.23,18.0,0.0,1.0,0.0,0.0,120.0,37.0,4.0,0.0 
 07/14  17:00:00,47.60789947671078,19.348019657986576,47.41621511357043,0.014139347738679094,0.1,0.0,0.23,18.0,0.0,1.0,0.0,0.0,120.0,37.0,4.0,0.0 
 07/14  18:00:00,45.36238543962569,20.038598088462223,44.414133645579355,0.01477652167535944,0.75,0.0,0.23,18.0,0.0,1.0,0.0,0.5,120.0,37.0,4.0,0.0 
 07/14  19:00:00,42.06112082647551,20.724093984641744,41.49853365960836,0.015434544033997777,0.75,0.0,0.23,18.0,0.0,1.0,0.0,0.5,80.0,37.0,4.0,0.0 
 07/14  20:00:00,37.14443789146764,15.687736245436051,28.099304250663533,0.011175510898352559,0.9,1.0,0.23,18.0,0.0,1.0,1.0,0.5,80.0,27.0,4.0,0.0 
 07/14  21:00:00,29.354376087787482,14.539198865799822,27.05323894940281,0.010368201822324744,0.9,1.0,1.0,18.0,0.0,1.0,1.0,0.5,80.0,27.0,4.0,0.0 
 07/14  22:00:00,28.766655761424001,14.518927124464231,27.027700671685682,0.0103554478482433275,0.9,1,1,18,0,1,1,0.5,80,27,4,0
 07/14  23:00:00,28.17893543506052,14.49865538312864,27.002162393968554,0.010342693874161911,0.9,1.0,1.0,18.0,0.0,1.0,1.0,0.5,80.0,27.0,4.0,0.0 
 07/14  24:00:00,27.67969129993696,14.712568187869774,27.00213182900562,0.010491155264819217,0.95,1.0,1.0,18.0,0.0,1.0,1.0,0.5,80.0,27.0,4.0,0.0 
 07/15  01:00:00,26.85571824618733,16.237082907057935,27.000200164944623,0.011593910798143078,0.95,0.0,0.23,5.0,0.0,1.0,1.0,0.5,80.0,27.0,4.0,0.0 
 07/15  02:00:00,26.485171275893062,17.85627126494937,26.81358601116127,0.01287547702354072,0.95,0.0,0.23,5.0,0.0,1.0,1.0,0.5,80.0,27.0,4.0,0.0 
 07/15  03:00:00,26.078806859146255,18.055352389104478,26.4288211865522,0.013043850062221217,0.95,0.0,0.23,5.0,0.0,1.0,1.0,0.5,80.0,27.0,4.0,0.0 
 07/15  04:00:00,25.55829555809933,18.766984805853635,25.915060893929397,0.013654842762824696,0.95,0.0,0.23,5.0,0.0,1.0,1.0,0.5,80.0,27.0,4.0,0.0 
 07/15  05:00:00,25.067337626582585,19.014201238967196,25.473821378530726,0.013874942227952741,0.95,0.0,0.23,5.0,0.0,1.0,1.0,0.5,80.0,27.0,4.0,0.0 
 07/15  06:00:00,24.973063484368186,19.209549486611547,25.331817785370205,0.01405172283262116,0.95,0.0,0.23,5.0,0.0,1.0,1.0,0.5,80.0,27.0,4.0,0.0 
 07/15  07:00:00,27.52533010484033,19.321205869682675,26.70451983644009,0.01415490949523532,0.95,0.0,0.23,5.0,0.0,1.0,1.0,0.5,80.0,27.0,4.0,0.0 
 07/15  08:00:00,30.301786026733264,17.865554021506377,27.00187696963087,0.01289856441761422,0.95,0.0,0.23,5.0,0.0,1.0,1.0,0.5,80.0,27.0,4.0,0.0 
 07/15  09:00:00,31.21728426700433,15.530143481168155,27.002215117153803,0.01108992134267666,0.95,0.0,0.23,5.0,0.0,1.0,1.0,0.5,80.0,27.0,4.0,0.0 
 07/15  10:00:00,32.3347512064812,13.491210786429232,27.002327002929338,0.009700900361899654,0.6,0.0,0.23,5.0,0.0,1.0,1.0,0.5,80.0,27.0,4.0,0.0 
 07/15  11:00:00,32.89899151908347,12.14225811635089,27.002299488750477,0.008870394502838464,0.6,0.0,0.23,5.0,0.0,1.0,1.0,0.5,80.0,27.0,4.0,0.0 
 07/15  12:00:00,32.63235721462384,11.528007797431668,27.00223895463597,0.008514624602355235,0.6,0.0,0.23,5.0,0.0,1.0,1.0,0.5,80.0,27.0,4.0,0.0 
 07/15  13:00:00,32.65569693392706,11.297732089104505,27.00226606418012,0.00838566254109835,0.6,0.0,0.69,5.0,0.0,1.0,1.0,0.5,80.0,27.0,4.0,0.0 
 07/15  14:00:00,32.98322885754255,11.418346447363506,27.002281210812676,0.008455330697245394,0.6,0.0,0.69,5.0,0.0,1.0,1.0,0.5,80.0,27.0,4.0,0.0 
 07/15  15:00:00,32.47398232410061,11.820957266249469,27.00222380687675,0.008688105382006232,0.6,0.0,0.23,5.0,0.0,1.0,1.0,0.5,80.0,27.0,4.0,0.0 
 07/15  16:00:00,31.8160059026444,12.230424976946857,27.00217012277747,0.008930789145591676,0.6,0.0,0.23,5.0,0.0,1.0,1.0,0.5,80.0,27.0,4.0,0.0 
 07/15  17:00:00,30.893622684025896,12.886437468214696,27.002014882985556,0.009331234917925028,0.6,0.0,0.23,5.0,0.0,1.0,1.0,0.5,80.0,27.0,4.0,0.0 
 07/15  18:00:00,29.496661248930636,14.490369099930955,27.00158937739639,0.010376668259258754,0.6,0.0,0.23,5.0,0.0,1.0,1.0,0.5,80.0,27.0,4.0,0.0 
 07/15  19:00:00,28.37139693698314,15.899822527492674,27.001157928053786,0.011381058410098744,0.9,0.0,0.23,5.0,0.0,1.0,1.0,0.5,80.0,27.0,4.0,0.0 
 07/15  20:00:00,27.450826450827368,16.442447108913477,27.00147247015601,0.011791572224418147,0.9,1.0,0.23,5.0,0.0,1.0,1.0,0.5,80.0,27.0,4.0,0.0 
 07/15  21:00:00,27.054715427272487,16.28342903784021,27.002083038592207,0.011672477457961567,0.9,1.0,1.0,5.0,0.0,1.0,1.0,0.5,80.0,27.0,4.0,0.0 
 07/15  22:00:00,26.9233310400596595,16.163020755979836,27.0020596933085085,0.011582755026046449,0.9,1,1,5,0,1,1,0.5,80,27,4,0
 07/15  23:00:00,26.791946652846832,16.042612474119462,27.00203634802481,0.011493032594131331,0.9,1.0,1.0,5.0,0.0,1.0,1.0,0.5,80.0,27.0,4.0,0.0 
 07/15  24:00:00,26.53549552185312,16.019791779414742,27.00192482360346,0.011477957915459077,0.9,1.0,1.0,5.0,0.0,1.0,1.0,0.5,80.0,27.0,4.0,0.0 
 07/16  01:00:00,26.096496361589633,17.07799390680014,26.7098774017135,0.012297301886397383,0.95,0.0,0.23,5.0,0.0,1.0,1.0,0.5,80.0,27.0,4.0,0.0 
 07/16  02:00:00,25.910845131270378,18.799055551006077,26.514781928918207,0.01373771900226216,0.95,0.0,0.23,5.0,0.0,1.0,1.0,0.5,80.0,27.0,4.0,0.0 
 07/16  03:00:00,25.67731704851853,20.11181079500345,26.37384554054593,0.014937139398652228,0.95,0.0,0.23,5.0,0.0,1.0,1.0,0.5,80.0,27.0,4.0,0.0 
 07/16  04:00:00,25.513190221308356,20.968791285929914,26.24538293168345,0.015771319551857423,0.95,0.0,0.23,5.0,0.0,1.0,1.0,0.5,80.0,27.0,4.0,0.0 
 07/16  05:00:00,25.349279928889196,21.44343929770316,26.11877122054654,0.016252323609978043,0.95,0.0,0.23,5.0,0.0,1.0,1.0,0.5,80.0,27.0,4.0,0.0 
 07/16  06:00:00,25.337594081664026,21.785005195117517,26.105568899716527,0.016607562357825546,0.95,0.0,0.23,5.0,0.0,1.0,1.0,0.5,80.0,27.0,4.0,0.0 
 07/16  07:00:00,26.031706809312322,21.827717121941625,26.623876112124776,0.016655010116151947,0.95,0.0,0.23,5.0,0.0,1.0,1.0,0.5,80.0,27.0,4.0,0.0 
 07/16  08:00:00,27.20345815392643,21.60984901450644,26.99317166937044,0.01643153554957321,0.95,0.0,0.23,5.0,0.0,1.0,1.0,0.5,80.0,27.0,4.0,0.0 
 07/16  09:00:00,28.337199474531758,20.334360952193027,26.999941564796757,0.015164636053447648,0.95,0.0,0.23,5.0,0.0,1.0,1.0,0.5,80.0,27.0,4.0,0.0 
 07/16  10:00:00,29.06703358282163,18.47029496394342,26.999994491988524,0.013469903602148734,0.6,0.0,0.23,5.0,0.0,1.0,1.0,0.5,80.0,27.0,4.0,0.0 
 07/16  11:00:00,29.69515023309111,16.646290652181705,27.001674022550393,0.011978704569733125,0.6,0.0,0.23,5.0,0.0,1.0,1.0,0.5,80.0,27.0,4.0,0.0 
 07/16  12:00:00,30.0092235568487,15.492150465595673,27.00193970292044,0.011114104507630148,0.6,0.0,0.23,5.0,0.0,1.0,1.0,0.5,80.0,27.0,4.0,0.0 
 07/16  13:00:00,30.230361912684145,14.719052024582584,27.002130332915183,0.010567381776798446,0.6,0.0,0.69,5.0,0.0,1.0,1.0,0.5,80.0,27.0,4.0,0.0 
 07/16  14:00:00,30.262713273342538,14.996064369820342,27.002153991359716,0.010758488471482874,0.6,0.0,0.69,5.0,0.0,1.0,1.0,0.5,80.0,27.0,4.0,0.0 
 07/16  15:00:00,29.95609567915442,16.413951264717753,27.001944323051095,0.011797766731528278,0.6,0.0,0.23,5.0,0.0,1.0,1.0,0.5,80.0,27.0,4.0,0.0 
 07/16  16:00:00,29.686283400300916,17.442828943416778,27.001933263957266,0.01260655965942117,0.6,0.0,0.23,5.0,0.0,1.0,1.0,0.5,80.0,27.0,4.0,0.0 
 07/16  17:00:00,29.187273415043222,18.101619639012213,27.001795117417732,0.013149080140038839,0.6,0.0,0.23,5.0,0.0,1.0,1.0,0.5,80.0,27.0,4.0,0.0 
 07/16  18:00:00,28.51138137971958,18.755459206985407,27.000182983463937,0.01370814243106565,0.6,0.0,0.23,5.0,0.0,1.0,1.0,0.5,80.0,27.0,4.0,0.0 
 07/16  19:00:00,27.832743534146346,19.527946216943743,27.000015764435894,0.014396765305873577,0.9,0.0,0.23,5.0,0.0,1.0,1.0,0.5,80.0,27.0,4.0,0.0 
 07/16  20:00:00,27.141994755005253,19.477027990576843,27.00000427122558,0.01434669506223608,0.9,1.0,0.23,5.0,0.0,1.0,1.0,0.5,80.0,27.0,4.0,0.0 
 07/16  21:00:00,26.759243066873577,18.707796970475805,27.00227921620494,0.013656424527062552,0.9,1.0,1.0,5.0,0.0,1.0,1.0,0.5,80.0,27.0,4.0,0.0 
 07/16  22:00:00,26.6156077559996955,18.3535814156466675,27.002436908204715,0.0133518270366570325,0.9,1,1,5,0,1,1,0.5,80,27,4,0
 07/16  23:00:00,26.471972445125814,17.99936586081753,27.00259460020449,0.013047229546251513,0.9,1.0,1.0,5.0,0.0,1.0,1.0,0.5,80.0,27.0,4.0,0.0 
 07/16  24:00:00,26.18145263554131,17.711360606346382,27.002344997776564,0.01280474432940779,0.9,1.0,1.0,5.0,0.0,1.0,1.0,0.5,80.0,27.0,4.0,0.0 
 07/17  01:00:00,25.70240739140907,18.681388465190526,26.45239954243261,0.0136202177085772,0.98,0.0,0.23,18.0,0.0,1.0,1.0,0.5,80.0,27.0,4.0,0.0 
 07/17  02:00:00,25.017984371166524,19.083424969394393,25.812526199793705,0.013971067482356807,0.98,0.0,0.23,18.0,0.0,1.0,1.0,0.5,80.0,27.0,4.0,0.0 
 07/17  03:00:00,24.408126062736397,19.80764298715272,25.087753945897422,0.01462648630601293,0.98,0.0,0.23,18.0,0.0,1.0,1.0,0.5,80.0,27.0,4.0,0.0 
 07/17  04:00:00,23.870552677546083,20.070340499952472,24.513844134649485,0.0148686659919452,0.98,0.0,0.23,18.0,0.0,1.0,1.0,0.5,80.0,27.0,4.0,0.0 
 07/17  05:00:00,23.385486707001284,20.053298501387694,24.128653328423418,0.014848984791626078,0.98,0.0,0.23,18.0,0.0,1.0,1.0,0.5,80.0,27.0,4.0,0.0 
 07/17  06:00:00,23.20041100523267,19.901270741385627,23.75402138753175,0.014702899766506211,0.98,0.0,0.23,18.0,0.0,1.0,1.0,0.5,80.0,27.0,4.0,0.0 
 07/17  07:00:00,24.91293229284264,19.685489314611853,24.843150335211796,0.014499275610201312,0.85,0.0,0.23,18.0,0.0,1.0,1.0,0.5,80.0,27.0,4.0,0.0 
 07/17  08:00:00,27.963016815479484,19.584287438998487,26.601002160062162,0.014402792543732664,0.65,0.0,0.23,12.0,0.0,1.0,0.0,0.5,80.0,37.0,4.0,0.0 
 07/17  09:00:00,29.966143633771537,19.67763863770929,29.368536240671965,0.014484977405829783,0.1,0.0,0.23,18.0,0.0,1.0,0.0,0.0,120.0,37.0,4.0,0.0 
 07/17  10:00:00,33.676915505352156,19.870860216237233,32.2729889051814,0.01466023987947111,0.1,0.0,0.23,18.0,0.0,1.0,0.0,0.0,120.0,37.0,4.0,0.0 
 07/17  11:00:00,36.42823912957018,19.995918948653582,35.53914021144352,0.014773415208942655,0.1,0.0,0.23,18.0,0.0,1.0,0.0,0.0,120.0,37.0,4.0,0.0 
 07/17  12:00:00,38.6176154163966,20.142510251386184,37.478107103178566,0.014907696953590087,0.1,0.0,0.23,18.0,0.0,1.0,0.0,0.0,120.0,37.0,4.0,0.0 
 07/17  13:00:00,39.52624101342221,20.2851553700374,39.484972454089615,0.015039313608078671,0.1,0.0,0.69,18.0,0.0,1.0,0.0,0.0,120.0,37.0,4.0,0.0 
 07/17  14:00:00,41.6309615858615,20.576926711740654,41.46400079294738,0.01532361656967135,0.1,0.0,0.69,18.0,0.0,1.0,0.0,0.0,120.0,37.0,4.0,0.0 
 07/17  15:00:00,42.676835928447964,20.67071918893244,41.81349460490237,0.015418752367770114,0.1,0.0,0.23,18.0,0.0,1.0,0.0,0.0,120.0,37.0,4.0,0.0 
 07/17  16:00:00,42.754503549940225,20.764385716841897,42.369134840164506,0.015514304350944082,0.1,0.0,0.23,18.0,0.0,1.0,0.0,0.0,120.0,37.0,4.0,0.0 
 07/17  17:00:00,42.47248053204494,20.96264138795527,42.36334156054196,0.015713693713498574,0.1,0.0,0.23,18.0,0.0,1.0,0.0,0.0,120.0,37.0,4.0,0.0 
 07/17  18:00:00,41.06063174569301,21.50066187362349,39.76094635983298,0.016259351742578664,0.75,0.0,0.23,18.0,0.0,1.0,0.0,0.5,120.0,37.0,4.0,0.0 
 07/17  19:00:00,38.03423439474079,21.861750839520294,37.32091693264836,0.0166364587246393,0.75,0.0,0.23,18.0,0.0,1.0,0.0,0.5,80.0,37.0,4.0,0.0 
 07/17  20:00:00,33.441450863087326,16.8213743635211,27.59391741480272,0.012071377677413805,0.9,1.0,0.23,18.0,0.0,1.0,1.0,0.5,80.0,27.0,4.0,0.0 
 07/17  21:00:00,27.908614921800467,15.90869907952977,27.045835717349647,0.01137991756355906,0.9,1.0,1.0,18.0,0.0,1.0,1.0,0.5,80.0,27.0,4.0,0.0 
 07/17  22:00:00,27.3427602844364265,15.7980259132038515,27.0241244768545865,0.0112999682603792365,0.9,1,1,18,0,1,1,0.5,80,27,4,0
 07/17  23:00:00,26.776905647072386,15.687352746877933,27.002413236359526,0.011220018957199413,0.9,1.0,1.0,18.0,0.0,1.0,1.0,0.5,80.0,27.0,4.0,0.0 
 07/17  24:00:00,26.322296940718115,15.781011081646204,27.001684882299863,0.011291706985616231,0.95,1.0,1.0,18.0,0.0,1.0,1.0,0.5,80.0,27.0,4.0,0.0 
 07/18  01:00:00,25.814617184275317,17.133706599749413,26.248150468466847,0.012334005165551195,0.98,0.0,0.23,18.0,0.0,1.0,1.0,0.5,80.0,27.0,4.0,0.0 
 07/18  02:00:00,25.27016286171412,17.729413876624125,25.949385176141515,0.012820409589587054,0.98,0.0,0.23,18.0,0.0,1.0,1.0,0.5,80.0,27.0,4.0,0.0 
 07/18  03:00:00,24.96310950214272,18.544620801539583,25.684029975773694,0.013512544679591931,0.98,0.0,0.23,18.0,0.0,1.0,1.0,0.5,80.0,27.0,4.0,0.0 
 07/18  04:00:00,24.792362263331697,19.347075403319735,25.436282707894506,0.014226621307362823,0.98,0.0,0.23,18.0,0.0,1.0,1.0,0.5,80.0,27.0,4.0,0.0 
 07/18  05:00:00,24.582726286062833,20.003892626534395,25.287791071675752,0.014836955351868637,0.98,0.0,0.23,18.0,0.0,1.0,1.0,0.5,80.0,27.0,4.0,0.0 
 07/18  06:00:00,24.51971345956234,20.738405411095506,25.237853521098103,0.01554692634696033,0.98,0.0,0.23,18.0,0.0,1.0,1.0,0.5,80.0,27.0,4.0,0.0 
 07/18  07:00:00,25.091917281761674,21.05544421352462,25.597270880762622,0.015865303728324478,0.85,0.0,0.23,18.0,0.0,1.0,1.0,0.5,80.0,27.0,4.0,0.0 
 07/18  08:00:00,25.94409320024817,21.420026174477556,26.163743432951115,0.0162378813298415,0.65,0.0,0.23,12.0,0.0,1.0,0.0,0.5,80.0,37.0,4.0,0.0 
 07/18  09:00:00,27.051557148769465,21.441651000752756,27.051015387159776,0.016264295438873616,0.1,0.0,0.23,18.0,0.0,1.0,0.0,0.0,120.0,37.0,4.0,0.0 
 07/18  10:00:00,28.060875886259247,21.582794249369964,28.142037605455815,0.01641354737314056,0.1,0.0,0.23,18.0,0.0,1.0,0.0,0.0,120.0,37.0,4.0,0.0 
 07/18  11:00:00,28.983153695640254,21.73653734923011,29.05422513159359,0.016577316221834542,0.1,0.0,0.23,18.0,0.0,1.0,0.0,0.0,120.0,37.0,4.0,0.0 
 07/18  12:00:00,30.3287131424763,21.901084992216145,30.18182983372384,0.016753746189091714,0.1,0.0,0.23,18.0,0.0,1.0,0.0,0.0,120.0,37.0,4.0,0.0 
 07/18  13:00:00,31.501076170245202,21.980184556933878,31.910256082267722,0.016841495314135778,0.1,0.0,0.69,18.0,0.0,1.0,0.0,0.0,120.0,37.0,4.0,0.0 
 07/18  14:00:00,32.31532406350709,22.080518756644246,32.90784301588937,0.0169490655170056,0.1,0.0,0.69,18.0,0.0,1.0,0.0,0.0,120.0,37.0,4.0,0.0 
 07/18  15:00:00,32.634297014968155,22.252377906956887,33.01981146103638,0.01713359033176822,0.1,0.0,0.23,18.0,0.0,1.0,0.0,0.0,120.0,37.0,4.0,0.0 
 07/18  16:00:00,31.835005808331463,22.327229325651558,32.487273701464765,0.01721539993615062,0.1,0.0,0.23,18.0,0.0,1.0,0.0,0.0,120.0,37.0,4.0,0.0 
 07/18  17:00:00,30.927374709113842,22.417683040085812,31.763775530778872,0.017314262282541206,0.1,0.0,0.23,18.0,0.0,1.0,0.0,0.0,120.0,37.0,4.0,0.0 
 07/18  18:00:00,29.769078523243593,23.15629642425857,30.49103763287198,0.018131865723300306,0.75,0.0,0.23,18.0,0.0,1.0,0.0,0.5,120.0,37.0,4.0,0.0 
 07/18  19:00:00,28.367899985958548,23.817919063480137,29.156322664248354,0.018893735915518087,0.75,0.0,0.23,18.0,0.0,1.0,0.0,0.5,80.0,37.0,4.0,0.0 
 07/18  20:00:00,27.109236143934694,21.33519710147257,27.06577942620981,0.016181937946595757,0.9,1.0,0.23,18.0,0.0,1.0,1.0,0.5,80.0,27.0,4.0,0.0 
 07/18  21:00:00,26.314464285089215,18.95132896249681,27.00000207807354,0.013914048294866685,0.9,1.0,1.0,18.0,0.0,1.0,1.0,0.5,80.0,27.0,4.0,0.0 
 07/18  22:00:00,26.221873108133591,18.4609969849518285,27.0009397764394615,0.013491064888215819,0.9,1,1,18,0,1,1,0.5,80,27,4,0
 07/18  23:00:00,26.129281931177967,17.970665007406847,27.001877474805383,0.013068081481564953,0.9,1.0,1.0,18.0,0.0,1.0,1.0,0.5,80.0,27.0,4.0,0.0 
 07/18  24:00:00,26.10681034415166,18.014616598736236,27.001915656252727,0.013105965834469867,0.95,1.0,1.0,18.0,0.0,1.0,1.0,0.5,80.0,27.0,4.0,0.0 
 07/19  01:00:00,26.022530868007895,19.857600854147346,26.991806736396512,0.01474497081562936,0.98,0.0,0.23,18.0,0.0,1.0,1.0,0.5,80.0,27.0,4.0,0.0 
 07/19  02:00:00,25.81518464578016,21.54521991925159,26.724618916463832,0.01640457114641179,0.98,0.0,0.23,18.0,0.0,1.0,1.0,0.5,80.0,27.0,4.0,0.0 
 07/19  03:00:00,25.787760968077016,22.682552782193536,26.724517187843492,0.017616583459008316,0.98,0.0,0.23,18.0,0.0,1.0,1.0,0.5,80.0,27.0,4.0,0.0 
 07/19  04:00:00,25.786529146862975,23.489914213912567,26.783008450374332,0.018526094242537067,0.98,0.0,0.23,18.0,0.0,1.0,1.0,0.5,80.0,27.0,4.0,0.0 
 07/19  05:00:00,25.659567047458513,23.86478913896895,26.629786876724303,0.018963524394557514,0.98,0.0,0.23,18.0,0.0,1.0,1.0,0.5,80.0,27.0,4.0,0.0 
 07/19  06:00:00,25.45597903611038,23.82642764033557,26.338923417315492,0.018919857978608963,0.98,0.0,0.23,18.0,0.0,1.0,1.0,0.5,80.0,27.0,4.0,0.0 
 07/19  07:00:00,25.622536596697596,23.912142512143323,26.49731442923206,0.019022181527754534,0.85,0.0,0.23,18.0,0.0,1.0,1.0,0.5,80.0,27.0,4.0,0.0 
 07/19  08:00:00,25.89643916483301,24.04462328665429,26.685457990923137,0.01918026313759321,0.65,0.0,0.23,12.0,0.0,1.0,0.0,0.5,80.0,37.0,4.0,0.0 
 07/19  09:00:00,26.31094881536101,24.179828112489677,26.797892033911985,0.01934299575572888,0.1,0.0,0.23,18.0,0.0,1.0,0.0,0.0,120.0,37.0,4.0,0.0 
 07/19  10:00:00,26.78792100516945,24.207647033760402,27.13673815137377,0.01937770377748395,0.1,0.0,0.23,18.0,0.0,1.0,0.0,0.0,120.0,37.0,4.0,0.0 
 07/19  11:00:00,27.153014465717046,24.333465446016938,27.59954240207547,0.01953062751487,0.1,0.0,0.23,18.0,0.0,1.0,0.0,0.0,120.0,37.0,4.0,0.0 
 07/19  12:00:00,27.757855097437915,24.46272847056279,28.114874275235177,0.019688633296006713,0.1,0.0,0.23,18.0,0.0,1.0,0.0,0.0,120.0,37.0,4.0,0.0 
 07/19  13:00:00,28.324682377586047,24.514413814303904,29.232510638431126,0.019753196460460816,0.1,0.0,0.69,18.0,0.0,1.0,0.0,0.0,120.0,37.0,4.0,0.0 
 07/19  14:00:00,29.001406125151792,24.588147325340756,29.80851464492842,0.019836135518708345,0.1,0.0,0.69,18.0,0.0,1.0,0.0,0.0,120.0,37.0,4.0,0.0 
 07/19  15:00:00,29.13698384878909,24.71324259633132,29.714773476200328,0.019982788668902275,0.1,0.0,0.23,18.0,0.0,1.0,0.0,0.0,120.0,37.0,4.0,0.0 
 07/19  16:00:00,28.686669571647002,24.771723516876854,29.356911676053873,0.020047938177746336,0.1,0.0,0.23,18.0,0.0,1.0,0.0,0.0,120.0,37.0,4.0,0.0 
 07/19  17:00:00,28.130142936473284,24.92911792492239,28.834604947258754,0.020236003431220492,0.1,0.0,0.23,18.0,0.0,1.0,0.0,0.0,120.0,37.0,4.0,0.0 
 07/19  18:00:00,27.613139060380732,25.30006690797765,28.516331118363354,0.0206958746804838,0.75,0.0,0.23,18.0,0.0,1.0,0.0,0.5,120.0,37.0,4.0,0.0 
 07/19  19:00:00,27.24240339496121,25.492285437147366,28.156408713864337,0.02093433446336112,0.75,0.0,0.23,18.0,0.0,1.0,0.0,0.5,80.0,37.0,4.0,0.0 
 07/19  20:00:00,26.86930209309,22.811354280570242,27.049676469671656,0.017728621938415588,0.9,1.0,0.23,18.0,0.0,1.0,1.0,0.5,80.0,27.0,4.0,0.0 
 07/19  21:00:00,26.18678457463765,20.12022244182033,27.000018101991664,0.014964484653892978,0.9,1.0,1.0,18.0,0.0,1.0,1.0,0.5,80.0,27.0,4.0,0.0 
 07/19  22:00:00,26.1198521382768715,19.468257551501485,27.000011259737677,0.014366307847298797,0.9,1,1,18,0,1,1,0.5,80,27,4,0
 07/19  23:00:00,26.052919701916093,18.81629266118264,27.00000441748369,0.013768131040704616,0.9,1.0,1.0,18.0,0.0,1.0,1.0,0.5,80.0,27.0,4.0,0.0 
 07/19  24:00:00,26.016370909438344,18.43467611279011,27.001655910648463,0.01343127539229577,0.95,1.0,1.0,18.0,0.0,1.0,1.0,0.5,80.0,27.0,4.0,0.0 
 07/20  01:00:00,25.671730001946152,19.66533224038946,26.604203075054272,0.014518341388003255,0.98,0.0,0.23,18.0,0.0,1.0,1.0,0.5,80.0,27.0,4.0,0.0 
 07/20  02:00:00,25.135560686525267,21.12020010892601,26.046850440092882,0.01591243097398526,0.98,0.0,0.23,18.0,0.0,1.0,1.0,0.5,80.0,27.0,4.0,0.0 
 07/20  03:00:00,24.656011991230024,21.58851570761623,25.551082765680835,0.01638238763759839,0.98,0.0,0.23,18.0,0.0,1.0,1.0,0.5,80.0,27.0,4.0,0.0 
 07/20  04:00:00,24.229074794072876,21.737355619019244,25.096978808591338,0.016530428841505733,0.98,0.0,0.23,18.0,0.0,1.0,1.0,0.5,80.0,27.0,4.0,0.0 
 07/20  05:00:00,23.8309913163455,21.728207084306472,24.699435891820244,0.016515040107876938,0.98,0.0,0.23,18.0,0.0,1.0,1.0,0.5,80.0,27.0,4.0,0.0 
 07/20  06:00:00,23.802926003812686,21.5886751183679,24.593087717781312,0.016365337287219558,0.98,0.0,0.23,18.0,0.0,1.0,1.0,0.5,80.0,27.0,4.0,0.0 
 07/20  07:00:00,27.04872286426094,21.482859161474963,26.57299825564154,0.01625127452358376,0.85,0.0,0.23,18.0,0.0,1.0,1.0,0.5,80.0,27.0,4.0,0.0 
 07/20  08:00:00,31.000222658819343,21.85937250126452,29.628024358296734,0.016633978911721713,0.65,0.0,0.23,12.0,0.0,1.0,0.0,0.5,80.0,37.0,4.0,0.0 
 07/20  09:00:00,34.31190865210951,21.947872981762128,33.21885643008063,0.016720707892294646,0.1,0.0,0.23,18.0,0.0,1.0,0.0,0.0,120.0,37.0,4.0,0.0 
 07/20  10:00:00,38.030208745509185,22.17450216216565,36.93517927822248,0.016953808880170538,0.1,0.0,0.23,18.0,0.0,1.0,0.0,0.0,120.0,37.0,4.0,0.0 
 07/20  11:00:00,40.522526296183095,22.303587058497698,39.596278374590916,0.01708515786788931,0.1,0.0,0.23,18.0,0.0,1.0,0.0,0.0,120.0,37.0,4.0,0.0 
 07/20  12:00:00,41.86539681531928,22.431554893198754,41.06645956472669,0.017216389745924786,0.1,0.0,0.23,18.0,0.0,1.0,0.0,0.0,120.0,37.0,4.0,0.0 
 07/20  13:00:00,42.15141456291587,22.557111418530972,42.37087164505006,0.017345734561075448,0.1,0.0,0.69,18.0,0.0,1.0,0.0,0.0,120.0,37.0,4.0,0.0 
 07/20  14:00:00,43.72395090973335,22.822314754756288,43.85106417041406,0.0176331083872511,0.1,0.0,0.69,18.0,0.0,1.0,0.0,0.0,120.0,37.0,4.0,0.0 
 07/20  15:00:00,44.30545509206894,22.90648081332968,43.82908509176879,0.017723847714547922,0.1,0.0,0.23,18.0,0.0,1.0,0.0,0.0,120.0,37.0,4.0,0.0 
 07/20  16:00:00,43.20735752382151,23.17366726262687,43.40503464899429,0.018019088446142792,0.1,0.0,0.23,18.0,0.0,1.0,0.0,0.0,120.0,37.0,4.0,0.0 
 07/20  17:00:00,41.13933980005129,23.27678480269865,41.97260045096422,0.0181327820991028,0.1,0.0,0.23,18.0,0.0,1.0,0.0,0.0,120.0,37.0,4.0,0.0 
 07/20  18:00:00,38.319906194126375,23.11529195456254,38.47734739330545,0.01794955616768591,0.75,0.0,0.23,18.0,0.0,1.0,0.0,0.5,120.0,37.0,4.0,0.0 
 07/20  19:00:00,35.07538565705519,22.718251901881235,35.129496565536165,0.017509070999872985,0.75,0.0,0.23,18.0,0.0,1.0,0.0,0.5,80.0,37.0,4.0,0.0 
 07/20  20:00:00,31.928077528590016,18.010022634007424,27.44772244825336,0.01299633415501357,0.9,1.0,0.23,18.0,0.0,1.0,1.0,0.5,80.0,27.0,4.0,0.0 
 07/20  21:00:00,28.20016123945609,16.539775461363995,27.041627421440253,0.011818690417699618,0.9,1.0,1.0,18.0,0.0,1.0,1.0,0.5,80.0,27.0,4.0,0.0 
 07/20  22:00:00,27.7874643623037335,16.19294141451391,27.0223880504762605,0.011557579141152562,0.9,1,1,18,0,1,1,0.5,80,27,4,0
 07/20  23:00:00,27.374767485151377,15.846107367663825,27.003148679512268,0.011296467864605506,0.9,1.0,1.0,18.0,0.0,1.0,1.0,0.5,80.0,27.0,4.0,0.0 
 07/20  24:00:00,26.905497852733152,15.616180685512774,27.002248117134553,0.011127064465044348,0.95,1.0,1.0,18.0,0.0,1.0,1.0,0.5,80.0,27.0,4.0,0.0 
 07/21  01:00:00,26.20186304632961,16.960915373299553,26.718534635933096,0.01213989196196609,0.98,0.0,0.23,18.0,0.0,1.0,1.0,0.5,80.0,27.0,4.0,0.0 
 07/21  02:00:00,25.771239200579004,17.64365362453239,26.3229293748209,0.012685041275682749,0.98,0.0,0.23,18.0,0.0,1.0,1.0,0.5,80.0,27.0,4.0,0.0 
 07/21  03:00:00,25.293790129612816,18.881270716132637,25.843864676842994,0.013731105856159128,0.98,0.0,0.23,18.0,0.0,1.0,1.0,0.5,80.0,27.0,4.0,0.0 
 07/21  04:00:00,24.847582739513783,19.58096816256456,25.482272136253115,0.014355562237433572,0.98,0.0,0.23,18.0,0.0,1.0,1.0,0.5,80.0,27.0,4.0,0.0 
 07/21  05:00:00,24.486374064925908,19.917629589273545,25.11051971978665,0.014664185281273532,0.98,0.0,0.23,18.0,0.0,1.0,1.0,0.5,80.0,27.0,4.0,0.0 
 07/21  06:00:00,24.487674456334233,20.119569087845118,25.055055255769894,0.014851345522821293,0.98,0.0,0.23,18.0,0.0,1.0,1.0,0.5,80.0,27.0,4.0,0.0 
 07/21  07:00:00,29.265490841695097,19.4323384872685,26.849066662915664,0.014215586154562504,0.85,0.0,0.23,18.0,0.0,1.0,1.0,0.5,80.0,27.0,4.0,0.0 
 07/21  08:00:00,31.889764796609605,19.66654576859813,31.09548122266552,0.014427285884737543,0.65,0.0,0.23,12.0,0.0,1.0,0.0,0.5,80.0,37.0,4.0,0.0 
 07/21  09:00:00,37.31399779389765,19.781317699118706,35.63337023236609,0.014531086414669972,0.1,0.0,0.23,18.0,0.0,1.0,0.0,0.0,120.0,37.0,4.0,0.0 
 07/21  10:00:00,41.077009605603685,19.931344523249656,39.57471876323759,0.014668477981230624,0.1,0.0,0.23,18.0,0.0,1.0,0.0,0.0,120.0,37.0,4.0,0.0 
 07/21  11:00:00,43.589589866161035,20.078881988489993,42.520235651146045,0.014804700570191997,0.1,0.0,0.23,18.0,0.0,1.0,0.0,0.0,120.0,37.0,4.0,0.0 
 07/21  12:00:00,44.536595803237034,20.219769908530296,43.91145288283895,0.014935616561000911,0.1,0.0,0.23,18.0,0.0,1.0,0.0,0.0,120.0,37.0,4.0,0.0 
 07/21  13:00:00,44.73130650328688,20.35411727063568,45.04034030036587,0.01506149022794575,0.1,0.0,0.69,18.0,0.0,1.0,0.0,0.0,120.0,37.0,4.0,0.0 
 07/21  14:00:00,46.83012136973448,20.493336695423444,46.67867755045243,0.015194226221047144,0.1,0.0,0.69,18.0,0.0,1.0,0.0,0.0,120.0,37.0,4.0,0.0 
 07/21  15:00:00,49.219186104662256,20.791666919254492,48.242127702316154,0.015482757487126571,0.1,0.0,0.23,18.0,0.0,1.0,0.0,0.0,120.0,37.0,4.0,0.0 
 07/21  16:00:00,50.19808825490281,21.08565394282452,49.89090098545745,0.015772065422537465,0.1,0.0,0.23,18.0,0.0,1.0,0.0,0.0,120.0,37.0,4.0,0.0 
 07/21  17:00:00,50.761660579300475,21.183367985362175,50.299689740242414,0.01586892262587853,0.1,0.0,0.23,18.0,0.0,1.0,0.0,0.0,120.0,37.0,4.0,0.0 
 07/21  18:00:00,49.23200761211844,21.605303782487873,48.04202652021307,0.01629499163602111,0.75,0.0,0.23,18.0,0.0,1.0,0.0,0.5,120.0,37.0,4.0,0.0 
 07/21  19:00:00,45.37132480117008,21.4629621503863,44.94354101786504,0.016149458217090674,0.75,0.0,0.23,18.0,0.0,1.0,0.0,0.5,80.0,37.0,4.0,0.0 
 07/21  20:00:00,39.795139722686976,15.856819608853424,28.73376451925704,0.011282729953145882,0.9,1.0,0.23,18.0,0.0,1.0,1.0,0.5,80.0,27.0,4.0,0.0 
 07/21  21:00:00,30.122187281616988,14.176478172687773,27.060345241749655,0.010106603466405437,0.9,1.0,1.0,18.0,0.0,1.0,1.0,0.5,80.0,27.0,4.0,0.0 
 07/21  22:00:00,29.44961975285117,13.93115870421709,27.031254168569186,0.0099454779704908475,0.9,1,1,18,0,1,1,0.5,80,27,4,0
 07/21  23:00:00,28.777052224085352,13.685839235746407,27.002163095388717,0.009784352474576258,0.9,1.0,1.0,18.0,0.0,1.0,1.0,0.5,80.0,27.0,4.0,0.0 
 07/21  24:00:00,28.249218006419625,13.694436427412091,27.00226165092146,0.009789618717423032,0.95,1.0,1.0,18.0,0.0,1.0,1.0,0.5,80.0,27.0,4.0,0.0 
 07/22  01:00:00,27.421364184615054,14.890649481683706,27.000844305340912,0.010590948287338479,0.95,0.0,0.23,5.0,0.0,1.0,1.0,0.5,80.0,27.0,4.0,0.0 
 07/22  02:00:00,27.020368919272517,16.0392181391526,27.000410686041345,0.011415647440690666,0.95,0.0,0.23,5.0,0.0,1.0,1.0,0.5,80.0,27.0,4.0,0.0 
 07/22  03:00:00,26.689182691855507,16.92563332496744,27.00012986249784,0.012090862528046907,0.95,0.0,0.23,5.0,0.0,1.0,1.0,0.5,80.0,27.0,4.0,0.0 
 07/22  04:00:00,26.371944790992544,17.643427464263777,26.846602947682825,0.012663616234007377,0.95,0.0,0.23,5.0,0.0,1.0,1.0,0.5,80.0,27.0,4.0,0.0 
 07/22  05:00:00,25.997521546798357,17.727287725213387,26.526946306663937,0.01273175697703514,0.95,0.0,0.23,5.0,0.0,1.0,1.0,0.5,80.0,27.0,4.0,0.0 
 07/22  06:00:00,25.876533656819507,18.022947346510946,26.381046489255088,0.012975623135194498,0.95,0.0,0.23,5.0,0.0,1.0,1.0,0.5,80.0,27.0,4.0,0.0 
 07/22  07:00:00,31.555813278846653,16.810539942257677,26.96065614502915,0.01199983449111677,0.95,0.0,0.23,5.0,0.0,1.0,1.0,0.5,80.0,27.0,4.0,0.0 
 07/22  08:00:00,32.714222727719076,14.408778200483692,26.999884755274252,0.010259128461204326,0.95,0.0,0.23,5.0,0.0,1.0,1.0,0.5,80.0,27.0,4.0,0.0 
 07/22  09:00:00,33.874129546791444,12.86431493246261,27.001555889801605,0.009262936975981574,0.95,0.0,0.23,5.0,0.0,1.0,1.0,0.5,80.0,27.0,4.0,0.0 
 07/22  10:00:00,34.70665811635848,12.045936443193877,27.00179352283146,0.008770895821396972,0.6,0.0,0.23,5.0,0.0,1.0,1.0,0.5,80.0,27.0,4.0,0.0 
 07/22  11:00:00,34.965476759409654,11.817294279342644,27.001726793208082,0.00863749141999348,0.6,0.0,0.23,5.0,0.0,1.0,1.0,0.5,80.0,27.0,4.0,0.0 
 07/22  12:00:00,34.48571641578679,11.994970838856705,27.001771657618583,0.008740621107022763,0.6,0.0,0.23,5.0,0.0,1.0,1.0,0.5,80.0,27.0,4.0,0.0 
 07/22  13:00:00,34.17326964091526,12.260565753509319,27.00180712373848,0.008896836412898264,0.6,0.0,0.69,5.0,0.0,1.0,1.0,0.5,80.0,27.0,4.0,0.0 
 07/22  14:00:00,35.58444718363666,12.446811437968462,27.00147545900643,0.009008237365671337,0.6,0.0,0.69,5.0,0.0,1.0,1.0,0.5,80.0,27.0,4.0,0.0 
 07/22  15:00:00,36.26164951567625,12.606318551398129,27.001007511902095,0.00910466313677506,0.6,0.0,0.23,5.0,0.0,1.0,1.0,0.5,80.0,27.0,4.0,0.0 
 07/22  16:00:00,36.26561505176766,12.64888726779965,27.000750750812415,0.009130778600084337,0.6,0.0,0.23,5.0,0.0,1.0,1.0,0.5,80.0,27.0,4.0,0.0 
 07/22  17:00:00,35.81021717859906,12.647906322334228,27.000852847013125,0.00913036550979244,0.6,0.0,0.23,5.0,0.0,1.0,1.0,0.5,80.0,27.0,4.0,0.0 
 07/22  18:00:00,34.16682197654396,12.689631348307051,27.001474728596637,0.009155941194858859,0.6,0.0,0.23,5.0,0.0,1.0,1.0,0.5,80.0,27.0,4.0,0.0 
 07/22  19:00:00,32.04596748921085,13.055860547475886,27.00201367938956,0.009381735508833393,0.9,0.0,0.23,5.0,0.0,1.0,1.0,0.5,80.0,27.0,4.0,0.0 
 07/22  20:00:00,29.646788427684186,13.628276608763231,27.002098420605318,0.00974454843625735,0.9,1.0,0.23,5.0,0.0,1.0,1.0,0.5,80.0,27.0,4.0,0.0 
 07/22  21:00:00,29.092948305285482,14.226531985363643,27.002383100919165,0.010137226149867673,0.9,1.0,1.0,5.0,0.0,1.0,1.0,0.5,80.0,27.0,4.0,0.0 
 07/22  22:00:00,28.914516059953666,14.4022004244117995,27.002403952554085,0.010255821466445104,0.9,1,1,5,0,1,1,0.5,80,27,4,0
 07/22  23:00:00,28.73608381462185,14.577868863459956,27.002424804189005,0.010374416783022535,0.9,1.0,1.0,5.0,0.0,1.0,1.0,0.5,80.0,27.0,4.0,0.0 
 07/22  24:00:00,28.31395791814782,14.833997555583627,27.00239956373296,0.010550513437021496,0.9,1.0,1.0,5.0,0.0,1.0,1.0,0.5,80.0,27.0,4.0,0.0 
 07/23  01:00:00,27.51575415887509,16.412908106009056,27.00109334229563,0.011695617463304104,0.95,0.0,0.23,5.0,0.0,1.0,1.0,0.5,80.0,27.0,4.0,0.0 
 07/23  02:00:00,27.1557111837733,17.898433375737362,27.000661226672662,0.012873548749834795,0.95,0.0,0.23,5.0,0.0,1.0,1.0,0.5,80.0,27.0,4.0,0.0 
 07/23  03:00:00,26.83394482889932,18.987821280810653,27.00001742757373,0.013804009380436712,0.95,0.0,0.23,5.0,0.0,1.0,1.0,0.5,80.0,27.0,4.0,0.0 
 07/23  04:00:00,26.51409140706737,19.76455126875589,27.000000269471396,0.014504021526084404,0.95,0.0,0.23,5.0,0.0,1.0,1.0,0.5,80.0,27.0,4.0,0.0 
 07/23  05:00:00,26.21822643028915,20.32048938539416,26.87337225522711,0.015024604886333701,0.95,0.0,0.23,5.0,0.0,1.0,1.0,0.5,80.0,27.0,4.0,0.0 
 07/23  06:00:00,26.296038892443388,21.08785109108011,26.858628304324256,0.01577089047560768,0.95,0.0,0.23,5.0,0.0,1.0,1.0,0.5,80.0,27.0,4.0,0.0 
 07/23  07:00:00,30.291978059659456,20.08628830434459,26.97669672125504,0.01480415515215664,0.95,0.0,0.23,5.0,0.0,1.0,1.0,0.5,80.0,27.0,4.0,0.0 
 07/23  08:00:00,31.404449552468314,17.633343892871462,26.996672177586216,0.012657569579698923,0.95,0.0,0.23,5.0,0.0,1.0,1.0,0.5,80.0,27.0,4.0,0.0 
 07/23  09:00:00,33.36310118603392,15.61351539748735,27.00074889494297,0.011104864200722906,0.95,0.0,0.23,5.0,0.0,1.0,1.0,0.5,80.0,27.0,4.0,0.0 
 07/23  10:00:00,34.19362559875121,14.420998766871897,27.001551921445618,0.010270679705882333,0.6,0.0,0.23,5.0,0.0,1.0,1.0,0.5,80.0,27.0,4.0,0.0 
 07/23  11:00:00,34.48973922007518,14.084385362625447,27.001659055494258,0.010045861920291985,0.6,0.0,0.23,5.0,0.0,1.0,1.0,0.5,80.0,27.0,4.0,0.0 
 07/23  12:00:00,34.51089663147745,14.117548137125258,27.001625961004795,0.010068045166029188,0.6,0.0,0.23,5.0,0.0,1.0,1.0,0.5,80.0,27.0,4.0,0.0 
 07/23  13:00:00,34.33039368928637,14.254484783874554,27.001537422737197,0.010159473905354396,0.6,0.0,0.69,5.0,0.0,1.0,1.0,0.5,80.0,27.0,4.0,0.0 
 07/23  14:00:00,35.42784700884851,14.100761811790191,27.001156118922875,0.010060046802937376,0.6,0.0,0.69,5.0,0.0,1.0,1.0,0.5,80.0,27.0,4.0,0.0 
 07/23  15:00:00,36.172836123769535,13.819211100431234,27.00069639093173,0.009877791326690357,0.6,0.0,0.23,5.0,0.0,1.0,1.0,0.5,80.0,27.0,4.0,0.0 
 07/23  16:00:00,36.67324414771656,13.753972649964574,27.067743853167578,0.009838186841032421,0.6,0.0,0.23,5.0,0.0,1.0,1.0,0.5,80.0,27.0,4.0,0.0 
 07/23  17:00:00,36.34019643366488,13.944341050456913,27.02419943143176,0.009965424754054873,0.6,0.0,0.23,5.0,0.0,1.0,1.0,0.5,80.0,27.0,4.0,0.0 
 07/23  18:00:00,35.34955805166059,14.203479365882083,27.00855328379126,0.010140082285402478,0.6,0.0,0.23,5.0,0.0,1.0,1.0,0.5,80.0,27.0,4.0,0.0 
 07/23  19:00:00,33.375547666912645,14.487823259668584,27.003688029521147,0.010334603831349666,0.9,0.0,0.23,5.0,0.0,1.0,1.0,0.5,80.0,27.0,4.0,0.0 
 07/23  20:00:00,30.10964239648847,15.295192696528463,27.002493028781945,0.010899526214388422,0.9,1.0,0.23,5.0,0.0,1.0,1.0,0.5,80.0,27.0,4.0,0.0 
 07/23  21:00:00,29.621321967846274,16.293621299473422,27.002599087881748,0.011635629386856156,0.9,1.0,1.0,5.0,0.0,1.0,1.0,0.5,80.0,27.0,4.0,0.0 
 07/23  22:00:00,29.509991817268482,16.622024698106161,27.002634144838599,0.0118903898865555715,0.9,1,1,5,0,1,1,0.5,80,27,4,0
 07/23  23:00:00,29.39866166669069,16.9504280967389,27.00266920179545,0.012145150386254987,0.9,1.0,1.0,5.0,0.0,1.0,1.0,0.5,80.0,27.0,4.0,0.0 
 07/23  24:00:00,29.13063290416634,17.156974725732795,27.002688640114528,0.012311955105130928,0.9,1.0,1.0,5.0,0.0,1.0,1.0,0.5,80.0,27.0,4.0,0.0 
 07/24  01:00:00,28.74858525772002,17.996220930045233,27.001897046932754,0.01300323379020094,0.98,0.0,0.23,18.0,0.0,1.0,1.0,0.5,80.0,27.0,4.0,0.0 
 07/24  02:00:00,28.59014593980246,19.09051678490947,27.001784589258897,0.013950722950222124,0.98,0.0,0.23,18.0,0.0,1.0,1.0,0.5,80.0,27.0,4.0,0.0 
 07/24  03:00:00,28.43044123463894,19.871851500388463,27.000219600834587,0.014666079052466302,0.98,0.0,0.23,18.0,0.0,1.0,1.0,0.5,80.0,27.0,4.0,0.0 
 07/24  04:00:00,28.32635415866463,20.38839045282829,27.000028858976787,0.015158522804062966,0.98,0.0,0.23,18.0,0.0,1.0,1.0,0.5,80.0,27.0,4.0,0.0 
 07/24  05:00:00,28.200031837333302,20.75343467908098,27.00000525581122,0.015516844098797795,0.98,0.0,0.23,18.0,0.0,1.0,1.0,0.5,80.0,27.0,4.0,0.0 
 07/24  06:00:00,28.208739787149597,21.336604548739395,27.000002550811402,0.01610220423529917,0.98,0.0,0.23,18.0,0.0,1.0,1.0,0.5,80.0,27.0,4.0,0.0 
 07/24  07:00:00,28.716895461491504,21.623726356606742,27.000002498480615,0.01640022608236952,0.85,0.0,0.23,18.0,0.0,1.0,1.0,0.5,80.0,27.0,4.0,0.0 
 07/24  08:00:00,29.249499293979447,23.94067120832418,29.361375651362597,0.018954889750754853,0.65,0.0,0.23,12.0,0.0,1.0,0.0,0.5,80.0,37.0,4.0,0.0 
 07/24  09:00:00,32.13241875091873,23.89844566358373,31.56193655861709,0.018911000196500185,0.1,0.0,0.23,18.0,0.0,1.0,0.0,0.0,120.0,37.0,4.0,0.0 
 07/24  10:00:00,35.875476474834514,23.99267954545047,34.434317119294185,0.019027337436691643,0.1,0.0,0.23,18.0,0.0,1.0,0.0,0.0,120.0,37.0,4.0,0.0 
 07/24  11:00:00,37.569492222442086,24.102856734826666,36.80277254541394,0.019163228296640206,0.1,0.0,0.23,18.0,0.0,1.0,0.0,0.0,120.0,37.0,4.0,0.0 
 07/24  12:00:00,39.16848889678512,24.209507503192757,38.41686778704116,0.019295802495907673,0.1,0.0,0.23,18.0,0.0,1.0,0.0,0.0,120.0,37.0,4.0,0.0 
 07/24  13:00:00,40.373314090307964,24.31753279473335,40.6024225292334,0.019430669807745896,0.1,0.0,0.69,18.0,0.0,1.0,0.0,0.0,120.0,37.0,4.0,0.0 
 07/24  14:00:00,42.29889321199133,24.5566196997742,42.814748316512265,0.019718876640637945,0.1,0.0,0.69,18.0,0.0,1.0,0.0,0.0,120.0,37.0,4.0,0.0 
 07/24  15:00:00,43.77608196040227,24.646403539279966,43.460185134953576,0.019827391874328873,0.1,0.0,0.23,18.0,0.0,1.0,0.0,0.0,120.0,37.0,4.0,0.0 
 07/24  16:00:00,44.130373171273284,24.749330455742257,44.07402622230181,0.019952811403492157,0.1,0.0,0.23,18.0,0.0,1.0,0.0,0.0,120.0,37.0,4.0,0.0 
 07/24  17:00:00,42.463128900238345,24.9847991307008,43.330461658579665,0.02024330728091761,0.1,0.0,0.23,18.0,0.0,1.0,0.0,0.0,120.0,37.0,4.0,0.0 
 07/24  18:00:00,40.34397984724602,26.66078486844939,40.9637577640359,0.022431747030514926,0.75,0.0,0.23,18.0,0.0,1.0,0.0,0.5,120.0,37.0,4.0,0.0 
 07/24  19:00:00,37.40115614283636,27.861653392685977,38.50879814863109,0.024129389803038435,0.75,0.0,0.23,18.0,0.0,1.0,0.0,0.5,80.0,37.0,4.0,0.0 
 07/24  20:00:00,35.33733926443199,22.5614527944311,28.463140660862372,0.017417190511572152,0.9,1.0,0.23,18.0,0.0,1.0,1.0,0.5,80.0,27.0,4.0,0.0 
 07/24  21:00:00,29.95843969057651,19.866811086615204,27.107759038305545,0.014699030436389236,0.9,1.0,1.0,18.0,0.0,1.0,1.0,0.5,80.0,27.0,4.0,0.0 
 07/24  22:00:00,29.685396511743769,19.357566866896912,27.0551034849840725,0.014237226924879208,0.9,1,1,18,0,1,1,0.5,80,27,4,0
 07/24  23:00:00,29.412353332911028,18.84832264717862,27.0024479316626,0.01377542341336918,0.9,1.0,1.0,18.0,0.0,1.0,1.0,0.5,80.0,27.0,4.0,0.0 
 07/24  24:00:00,29.152888660236588,18.73895874072203,27.0027546911475,0.01367878791212667,0.95,1.0,1.0,18.0,0.0,1.0,1.0,0.5,80.0,27.0,4.0,0.0 
 07/25  01:00:00,28.705405285444716,19.547784644200256,27.000391722067057,0.014401440765259175,0.98,0.0,0.23,18.0,0.0,1.0,1.0,0.5,80.0,27.0,4.0,0.0 
 07/25  02:00:00,28.48512946032526,20.286994994252073,27.000052192493833,0.015092422809146475,0.98,0.0,0.23,18.0,0.0,1.0,1.0,0.5,80.0,27.0,4.0,0.0 
 07/25  03:00:00,28.307754635718943,20.91169518367619,27.000008307606393,0.015699252785732552,0.98,0.0,0.23,18.0,0.0,1.0,1.0,0.5,80.0,27.0,4.0,0.0 
 07/25  04:00:00,28.064477160754233,21.309133685618654,27.000002736275963,0.016096555460606243,0.98,0.0,0.23,18.0,0.0,1.0,1.0,0.5,80.0,27.0,4.0,0.0 
 07/25  05:00:00,27.86589363925874,21.567866845447156,27.00000213128843,0.01635965216588838,0.98,0.0,0.23,18.0,0.0,1.0,1.0,0.5,80.0,27.0,4.0,0.0 
 07/25  06:00:00,27.934215772230832,21.593719857720178,27.0000022708529,0.01638556791583073,0.98,0.0,0.23,18.0,0.0,1.0,1.0,0.5,80.0,27.0,4.0,0.0 
 07/25  07:00:00,32.68254746430123,20.15285659291129,27.00260584087728,0.014961242588359062,0.85,0.0,0.23,18.0,0.0,1.0,1.0,0.5,80.0,27.0,4.0,0.0 
 07/25  08:00:00,31.572109962470616,21.249653881928914,31.18758936537366,0.01603348046715333,0.65,0.0,0.23,12.0,0.0,1.0,0.0,0.5,80.0,37.0,4.0,0.0 
 07/25  09:00:00,36.253975482464035,21.32382442474101,34.5624672319226,0.016107656315883293,0.1,0.0,0.23,18.0,0.0,1.0,0.0,0.0,120.0,37.0,4.0,0.0 
 07/25  10:00:00,40.80191178012763,21.571159738794037,39.31988223673734,0.01635936110950445,0.1,0.0,0.23,18.0,0.0,1.0,0.0,0.0,120.0,37.0,4.0,0.0 
 07/25  11:00:00,43.8643533594863,21.702076905612703,42.579658683164006,0.01649353768310678,0.1,0.0,0.23,18.0,0.0,1.0,0.0,0.0,120.0,37.0,4.0,0.0 
 07/25  12:00:00,44.73514418796702,21.831844860072806,44.01262023636442,0.01662750714481254,0.1,0.0,0.23,18.0,0.0,1.0,0.0,0.0,120.0,37.0,4.0,0.0 
 07/25  13:00:00,44.29595977134177,21.95356207077149,44.96078987005417,0.01675417542243745,0.1,0.0,0.69,18.0,0.0,1.0,0.0,0.0,120.0,37.0,4.0,0.0 
 07/25  14:00:00,42.124470936212,22.226478186753212,43.74581575396204,0.01704344671999245,0.1,0.0,0.69,18.0,0.0,1.0,0.0,0.0,120.0,37.0,4.0,0.0 
 07/25  15:00:00,38.819758594073896,22.347603397990003,40.53701026825346,0.017173388813428277,0.1,0.0,0.23,18.0,0.0,1.0,0.0,0.0,120.0,37.0,4.0,0.0 
 07/25  16:00:00,40.36054459402786,22.458713219536193,40.68689162879228,0.017293580934184285,0.1,0.0,0.23,18.0,0.0,1.0,0.0,0.0,120.0,37.0,4.0,0.0 
 07/25  17:00:00,40.971843789868295,22.56102992822719,41.19179258987794,0.017404797824931508,0.1,0.0,0.23,18.0,0.0,1.0,0.0,0.0,120.0,37.0,4.0,0.0 
 07/25  18:00:00,37.72855419376732,23.69884874848201,38.471274527012945,0.01868231769847493,0.75,0.0,0.23,18.0,0.0,1.0,0.0,0.5,120.0,37.0,4.0,0.0 
 07/25  19:00:00,35.84487736574245,25.779189764143187,36.271520247166215,0.02123939064491495,0.75,0.0,0.23,18.0,0.0,1.0,0.0,0.5,80.0,37.0,4.0,0.0 
 07/25  20:00:00,33.99253087996554,21.095687791990557,27.848453873640004,0.015877994092311002,0.9,1.0,0.23,18.0,0.0,1.0,1.0,0.5,80.0,27.0,4.0,0.0 
 07/25  21:00:00,29.493907766777852,19.127278438406353,27.080436197684012,0.014016183730635514,0.9,1.0,1.0,18.0,0.0,1.0,1.0,0.5,80.0,27.0,4.0,0.0 
 07/25  22:00:00,29.1622506891470295,18.7119468194927465,27.042114790183975,0.013653822803475472,0.9,1,1,18,0,1,1,0.5,80,27,4,0
 07/25  23:00:00,28.830593611516207,18.29661520057914,27.003793382683938,0.01329146187631543,0.9,1.0,1.0,18.0,0.0,1.0,1.0,0.5,80.0,27.0,4.0,0.0 
 07/25  24:00:00,28.620631623963668,18.150757065172968,27.00302142033959,0.01316810023270046,0.95,1.0,1.0,18.0,0.0,1.0,1.0,0.5,80.0,27.0,4.0,0.0 
 07/26  01:00:00,28.201538198431418,19.12468415341039,27.000303540040587,0.014015290061695935,0.98,0.0,0.23,18.0,0.0,1.0,1.0,0.5,80.0,27.0,4.0,0.0 
 07/26  02:00:00,28.01747393262354,20.22568173172812,27.000033126331946,0.015031491471471078,0.98,0.0,0.23,18.0,0.0,1.0,1.0,0.5,80.0,27.0,4.0,0.0 
 07/26  03:00:00,27.869013498488336,21.056571308578718,27.000005230878045,0.01584182375416645,0.98,0.0,0.23,18.0,0.0,1.0,1.0,0.5,80.0,27.0,4.0,0.0 
 07/26  04:00:00,27.719672127827643,21.489977799263926,27.000002325134464,0.01628029247490521,0.98,0.0,0.23,18.0,0.0,1.0,1.0,0.5,80.0,27.0,4.0,0.0 
 07/26  05:00:00,27.555182631921728,21.717666891657938,27.000001926328522,0.01651507839668041,0.98,0.0,0.23,18.0,0.0,1.0,1.0,0.5,80.0,27.0,4.0,0.0 
 07/26  06:00:00,27.543113190082284,21.787177095287625,27.000001894916966,0.016587767082363383,0.98,0.0,0.23,18.0,0.0,1.0,1.0,0.5,80.0,27.0,4.0,0.0 
 07/26  07:00:00,28.46889166326317,21.268471351383397,27.000002331604083,0.016056411031356424,0.85,0.0,0.23,18.0,0.0,1.0,1.0,0.5,80.0,27.0,4.0,0.0 
 07/26  08:00:00,29.607772929959715,22.602719734946685,29.529125568711272,0.017457116129754462,0.65,0.0,0.23,12.0,0.0,1.0,0.0,0.5,80.0,37.0,4.0,0.0 
 07/26  09:00:00,32.627651433458034,22.627930105560175,31.75668793503183,0.01748514365845234,0.1,0.0,0.23,18.0,0.0,1.0,0.0,0.0,120.0,37.0,4.0,0.0 
 07/26  10:00:00,35.749914685647376,22.733344425349358,34.59091988802668,0.01760088120621635,0.1,0.0,0.23,18.0,0.0,1.0,0.0,0.0,120.0,37.0,4.0,0.0 
 07/26  11:00:00,38.41697385808552,22.967790858731217,37.83513620623377,0.0178605138921011,0.1,0.0,0.23,18.0,0.0,1.0,0.0,0.0,120.0,37.0,4.0,0.0 
 07/26  12:00:00,41.040432370373225,23.0823958777989,39.9557805465337,0.017988785778615728,0.1,0.0,0.23,18.0,0.0,1.0,0.0,0.0,120.0,37.0,4.0,0.0 
 07/26  13:00:00,41.814291805788834,23.202314308214632,42.01726350830348,0.01812406713970409,0.1,0.0,0.69,18.0,0.0,1.0,0.0,0.0,120.0,37.0,4.0,0.0 
 07/26  14:00:00,42.92463872560901,23.314429810389488,43.16082612733499,0.01825403332173598,0.1,0.0,0.69,18.0,0.0,1.0,0.0,0.0,120.0,37.0,4.0,0.0 
 07/26  15:00:00,42.803737880479304,23.500458293808336,43.137738563626876,0.018469434478289953,0.1,0.0,0.23,18.0,0.0,1.0,0.0,0.0,120.0,37.0,4.0,0.0 
 07/26  16:00:00,41.76520444952744,23.59123638904467,42.397907758821084,0.01857704188531914,0.1,0.0,0.23,18.0,0.0,1.0,0.0,0.0,120.0,37.0,4.0,0.0 
 07/26  17:00:00,40.09689662046555,23.702805157888957,41.0939826426889,0.018709331171768623,0.1,0.0,0.23,18.0,0.0,1.0,0.0,0.0,120.0,37.0,4.0,0.0 
 07/26  18:00:00,37.92285731774405,24.501630931207654,38.60718094044839,0.019660747476045293,0.75,0.0,0.23,18.0,0.0,1.0,0.0,0.5,120.0,37.0,4.0,0.0 
 07/26  19:00:00,35.42617731869997,25.30180050266513,36.09907165062576,0.020657813442852006,0.75,0.0,0.23,18.0,0.0,1.0,0.0,0.5,80.0,37.0,4.0,0.0 
 07/26  20:00:00,33.536111197447404,20.213304166078068,27.739242965004337,0.015042398282199517,0.9,1.0,0.23,18.0,0.0,1.0,1.0,0.5,80.0,27.0,4.0,0.0 
 07/26  21:00:00,29.403650302914784,18.82181135572083,27.067014682914834,0.013770461840910183,0.9,1.0,1.0,18.0,0.0,1.0,1.0,0.5,80.0,27.0,4.0,0.0 
 07/26  22:00:00,29.105185166026809,18.610221440765835,27.035283136224002,0.0135876993788670525,0.9,1,1,18,0,1,1,0.5,80,27,4,0
 07/26  23:00:00,28.806720029138834,18.39863152581084,27.00355158953317,0.013404936916823922,0.9,1.0,1.0,18.0,0.0,1.0,1.0,0.5,80.0,27.0,4.0,0.0 
 07/26  24:00:00,28.598385629530323,18.191943879526733,27.002972495842993,0.013230769001157834,0.95,1.0,1.0,18.0,0.0,1.0,1.0,0.5,80.0,27.0,4.0,0.0 
 07/27  01:00:00,28.163851966207652,19.082750857622585,27.000294053785957,0.014011495411133272,0.98,0.0,0.23,18.0,0.0,1.0,1.0,0.5,80.0,27.0,4.0,0.0 
 07/27  02:00:00,27.967528885415295,20.233392973747364,27.00003074271182,0.015077243324287016,0.98,0.0,0.23,18.0,0.0,1.0,1.0,0.5,80.0,27.0,4.0,0.0 
 07/27  03:00:00,27.78728006156548,21.036270835227207,27.000004821326257,0.015864465136987624,0.98,0.0,0.23,18.0,0.0,1.0,1.0,0.5,80.0,27.0,4.0,0.0 
 07/27  04:00:00,27.479534668004124,21.711498376808205,27.00000189043604,0.016555527246239966,0.98,0.0,0.23,18.0,0.0,1.0,1.0,0.5,80.0,27.0,4.0,0.0 
 07/27  05:00:00,27.545928873471777,21.967022562715606,27.00000184555915,0.016825885847888914,0.98,0.0,0.23,18.0,0.0,1.0,1.0,0.5,80.0,27.0,4.0,0.0 
 07/27  06:00:00,27.493028735987128,21.85441986341985,27.00000185451869,0.016710450601100636,0.98,0.0,0.23,18.0,0.0,1.0,1.0,0.5,80.0,27.0,4.0,0.0 
 07/27  07:00:00,27.71958021084137,21.71574628932258,27.000001939227147,0.016568596888951126,0.85,0.0,0.23,18.0,0.0,1.0,1.0,0.5,80.0,27.0,4.0,0.0 
 07/27  08:00:00,28.004218158216588,22.948575911419614,28.489897241287686,0.017899434916926887,0.65,0.0,0.23,12.0,0.0,1.0,0.0,0.5,80.0,37.0,4.0,0.0 
 07/27  09:00:00,28.981669806419788,22.88169826305828,29.143287799149114,0.017828296500374763,0.1,0.0,0.23,18.0,0.0,1.0,0.0,0.0,120.0,37.0,4.0,0.0 
 07/27  10:00:00,29.775658404104114,22.97062714623034,29.858994652469413,0.017930486069220486,0.1,0.0,0.23,18.0,0.0,1.0,0.0,0.0,120.0,37.0,4.0,0.0 
 07/27  11:00:00,30.552556271575046,23.138206536900647,30.790547339444622,0.018121708441186123,0.1,0.0,0.23,18.0,0.0,1.0,0.0,0.0,120.0,37.0,4.0,0.0 
 07/27  12:00:00,31.18370082460614,23.31383806727297,31.42565735262967,0.018323954599751842,0.1,0.0,0.23,18.0,0.0,1.0,0.0,0.0,120.0,37.0,4.0,0.0 
 07/27  13:00:00,31.59816905164691,23.38372356374381,32.5034328518807,0.0184069374605358,0.1,0.0,0.69,18.0,0.0,1.0,0.0,0.0,120.0,37.0,4.0,0.0 
 07/27  14:00:00,32.23082126216112,23.479181220450585,33.04385270280715,0.018511654182978676,0.1,0.0,0.69,18.0,0.0,1.0,0.0,0.0,120.0,37.0,4.0,0.0 
 07/27  15:00:00,32.22206671145921,23.642616030115033,32.81582675416907,0.018695606023981112,0.1,0.0,0.23,18.0,0.0,1.0,0.0,0.0,120.0,37.0,4.0,0.0 
 07/27  16:00:00,31.64515956914346,23.716408352996694,32.37747676646462,0.018776550437171555,0.1,0.0,0.23,18.0,0.0,1.0,0.0,0.0,120.0,37.0,4.0,0.0 
 07/27  17:00:00,30.837940978625628,23.80483561749205,31.74046868499465,0.018874925152242195,0.1,0.0,0.23,18.0,0.0,1.0,0.0,0.0,120.0,37.0,4.0,0.0 
 07/27  18:00:00,30.013964766407398,24.34566128569,30.824520067740085,0.019512357653186783,0.75,0.0,0.23,18.0,0.0,1.0,0.0,0.5,120.0,37.0,4.0,0.0 
 07/27  19:00:00,29.29596660504404,25.167124149895077,30.171503020959598,0.020520849328742277,0.75,0.0,0.23,18.0,0.0,1.0,0.0,0.5,80.0,37.0,4.0,0.0 
 07/27  20:00:00,28.792784780865066,21.648995562150954,27.108363181771807,0.016487323654384812,0.9,1.0,0.23,18.0,0.0,1.0,1.0,0.5,80.0,27.0,4.0,0.0 
 07/27  21:00:00,27.496460568664386,18.804530243098977,27.001920071232203,0.013765640333385756,0.9,1.0,1.0,18.0,0.0,1.0,1.0,0.5,80.0,27.0,4.0,0.0 
 07/27  22:00:00,27.289522561850065,18.3039082713532485,27.0023660937158465,0.0133360792362373545,0.9,1,1,18,0,1,1,0.5,80,27,4,0
 07/27  23:00:00,27.082584555035744,17.80328629960752,27.00281211619949,0.012906518139088953,0.9,1.0,1.0,18.0,0.0,1.0,1.0,0.5,80.0,27.0,4.0,0.0 
 07/27  24:00:00,26.903371201255922,17.960360754929155,27.002892712774564,0.01303418099149099,0.95,1.0,1.0,18.0,0.0,1.0,1.0,0.5,80.0,27.0,4.0,0.0 
 07/28  01:00:00,26.402409295720094,19.60858621412015,27.000065183851905,0.0144747683578697,0.98,0.0,0.23,18.0,0.0,1.0,1.0,0.5,80.0,27.0,4.0,0.0 
 07/28  02:00:00,26.12155034743598,21.1674448114247,26.972566128617647,0.015971093706177268,0.98,0.0,0.23,18.0,0.0,1.0,1.0,0.5,80.0,27.0,4.0,0.0 
 07/28  03:00:00,25.9174921155339,22.175664620359868,26.749779584313334,0.017010202564329526,0.98,0.0,0.23,18.0,0.0,1.0,1.0,0.5,80.0,27.0,4.0,0.0 
 07/28  04:00:00,25.618541632767055,22.042308308693944,26.448809603016315,0.01686446374215506,0.98,0.0,0.23,18.0,0.0,1.0,1.0,0.5,80.0,27.0,4.0,0.0 
 07/28  05:00:00,25.267269473254583,22.193906944955568,26.08937815704922,0.017021099075050915,0.98,0.0,0.23,18.0,0.0,1.0,1.0,0.5,80.0,27.0,4.0,0.0 
 07/28  06:00:00,25.117248809281207,22.29304290191945,25.900183271630407,0.017122603704109243,0.98,0.0,0.23,18.0,0.0,1.0,1.0,0.5,80.0,27.0,4.0,0.0 
 07/28  07:00:00,26.66691645340213,22.188814937625608,26.816273712560502,0.017006980651911457,0.85,0.0,0.23,18.0,0.0,1.0,1.0,0.5,80.0,27.0,4.0,0.0 
 07/28  08:00:00,30.449387894967604,22.441239768890334,29.437047975141667,0.017273122494739578,0.65,0.0,0.23,12.0,0.0,1.0,0.0,0.5,80.0,37.0,4.0,0.0 
 07/28  09:00:00,32.89531819021979,22.524924693259894,31.904949230846064,0.017359214036653196,0.1,0.0,0.23,18.0,0.0,1.0,0.0,0.0,120.0,37.0,4.0,0.0 
 07/28  10:00:00,36.30322228942831,22.634638312121705,34.69860795538262,0.017474051454533488,0.1,0.0,0.23,18.0,0.0,1.0,0.0,0.0,120.0,37.0,4.0,0.0 
 07/28  11:00:00,38.463207443277064,22.876655953484395,38.00128748641513,0.017735247176372853,0.1,0.0,0.23,18.0,0.0,1.0,0.0,0.0,120.0,37.0,4.0,0.0 
 07/28  12:00:00,40.936637226993504,22.994403889200754,39.55064578661883,0.01786124968747593,0.1,0.0,0.23,18.0,0.0,1.0,0.0,0.0,120.0,37.0,4.0,0.0 
 07/28  13:00:00,41.394606680941926,23.118396045296276,41.53097967828845,0.017995044731209466,0.1,0.0,0.69,18.0,0.0,1.0,0.0,0.0,120.0,37.0,4.0,0.0 
 07/28  14:00:00,43.04774209773603,23.23453125703129,43.04062002469661,0.01812718236597112,0.1,0.0,0.69,18.0,0.0,1.0,0.0,0.0,120.0,37.0,4.0,0.0 
 07/28  15:00:00,42.024017687541075,23.330229069744323,42.20694662653148,0.018236837754251042,0.1,0.0,0.23,18.0,0.0,1.0,0.0,0.0,120.0,37.0,4.0,0.0 
 07/28  16:00:00,39.641902857756634,23.447601362733405,40.584089559571005,0.0183718112400882,0.1,0.0,0.23,18.0,0.0,1.0,0.0,0.0,120.0,37.0,4.0,0.0 
 07/28  17:00:00,38.87312910609616,23.55874669266355,39.54905057929704,0.018500540380917533,0.1,0.0,0.23,18.0,0.0,1.0,0.0,0.0,120.0,37.0,4.0,0.0 
 07/28  18:00:00,38.26749496909522,23.766296689961578,37.76345215256319,0.018741791137773377,0.75,0.0,0.23,18.0,0.0,1.0,0.0,0.5,120.0,37.0,4.0,0.0 
 07/28  19:00:00,36.53036354057871,23.752951741131277,36.1605150528564,0.01872782622465438,0.75,0.0,0.23,18.0,0.0,1.0,0.0,0.5,80.0,37.0,4.0,0.0 
 07/28  20:00:00,32.90256727251832,18.416452884162947,27.58751531880885,0.013381417592831625,0.9,1.0,0.23,18.0,0.0,1.0,1.0,0.5,80.0,27.0,4.0,0.0 
 07/28  21:00:00,28.381478930383754,16.845152128276343,27.05738788761304,0.012094868546273441,0.9,1.0,1.0,18.0,0.0,1.0,1.0,0.5,80.0,27.0,4.0,0.0 
 07/28  22:00:00,27.957965080242284,16.418522735400904,27.0306301278085325,0.0117695663132889445,0.9,1,1,18,0,1,1,0.5,80,27,4,0
 07/28  23:00:00,27.534451230100814,15.991893342525465,27.003872368004025,0.011444264080304448,0.9,1.0,1.0,18.0,0.0,1.0,1.0,0.5,80.0,27.0,4.0,0.0 
 07/28  24:00:00,27.136685134521162,15.52664591797354,27.00264388372189,0.01110343347545842,0.95,1.0,1.0,18.0,0.0,1.0,1.0,0.5,80.0,27.0,4.0,0.0 
 07/29  01:00:00,26.650497991799885,16.90265524009777,27.000344760602246,0.012144013767937292,0.95,0.0,0.23,5.0,0.0,1.0,1.0,0.5,80.0,27.0,4.0,0.0 
 07/29  02:00:00,26.46274513542747,18.532434164245398,27.000004462112482,0.01348787869141444,0.95,0.0,0.23,5.0,0.0,1.0,1.0,0.5,80.0,27.0,4.0,0.0 
 07/29  03:00:00,26.28320030474872,19.663576647295468,27.000000060380376,0.014498107453632798,0.95,0.0,0.23,5.0,0.0,1.0,1.0,0.5,80.0,27.0,4.0,0.0 
 07/29  04:00:00,26.186027960620894,20.572821183586285,26.94400001466622,0.015359297852173682,0.95,0.0,0.23,5.0,0.0,1.0,1.0,0.5,80.0,27.0,4.0,0.0 
 07/29  05:00:00,26.046935071639325,21.249778420721665,26.82128338500754,0.016030498769066058,0.95,0.0,0.23,5.0,0.0,1.0,1.0,0.5,80.0,27.0,4.0,0.0 
 07/29  06:00:00,25.939464860821023,21.70774884802247,26.72467509315122,0.016499914844827535,0.95,0.0,0.23,5.0,0.0,1.0,1.0,0.5,80.0,27.0,4.0,0.0 
 07/29  07:00:00,26.443314714339213,21.906608735924554,26.99893120875005,0.016708359352974603,0.95,0.0,0.23,5.0,0.0,1.0,1.0,0.5,80.0,27.0,4.0,0.0 
 07/29  08:00:00,27.042340926215658,21.566007214991185,26.99994428004716,0.01635657205128305,0.95,0.0,0.23,5.0,0.0,1.0,1.0,0.5,80.0,27.0,4.0,0.0 
 07/29  09:00:00,29.4929018152629,20.509662084766557,26.999993875925348,0.015304499188547732,0.95,0.0,0.23,5.0,0.0,1.0,1.0,0.5,80.0,27.0,4.0,0.0 
 07/29  10:00:00,29.218896052023315,19.241650467557523,27.00000073840076,0.014122193683762446,0.6,0.0,0.23,5.0,0.0,1.0,1.0,0.5,80.0,27.0,4.0,0.0 
 07/29  11:00:00,31.87314004887816,17.72834713488688,27.002095808333497,0.012819008890917886,0.6,0.0,0.23,5.0,0.0,1.0,1.0,0.5,80.0,27.0,4.0,0.0 
 07/29  12:00:00,32.45246078688898,15.92915357467725,27.002293482131545,0.01141078953083316,0.6,0.0,0.23,5.0,0.0,1.0,1.0,0.5,80.0,27.0,4.0,0.0 
 07/29  13:00:00,31.083260475475782,15.04091565698373,27.002270225790603,0.01076862258797894,0.6,0.0,0.69,5.0,0.0,1.0,1.0,0.5,80.0,27.0,4.0,0.0 
 07/29  14:00:00,32.28040662523262,14.611534954325762,27.002433745679735,0.010467979598516239,0.6,0.0,0.69,5.0,0.0,1.0,1.0,0.5,80.0,27.0,4.0,0.0 
 07/29  15:00:00,32.20652303080787,15.138064387586722,27.002346691440152,0.010834047334620749,0.6,0.0,0.23,5.0,0.0,1.0,1.0,0.5,80.0,27.0,4.0,0.0 
 07/29  16:00:00,32.18321137449903,16.00772077284386,27.002344085004882,0.011464994712476074,0.6,0.0,0.23,5.0,0.0,1.0,1.0,0.5,80.0,27.0,4.0,0.0 
 07/29  17:00:00,32.22576659417417,15.742445532908533,27.002352413023665,0.01126689475189924,0.6,0.0,0.23,5.0,0.0,1.0,1.0,0.5,80.0,27.0,4.0,0.0 
 07/29  18:00:00,31.98696441151057,15.124796314897502,27.002341042936067,0.010819713174926965,0.6,0.0,0.23,5.0,0.0,1.0,1.0,0.5,80.0,27.0,4.0,0.0 
 07/29  19:00:00,30.778421097252878,15.229572807684606,27.002221712903033,0.010892606601271507,0.9,0.0,0.23,5.0,0.0,1.0,1.0,0.5,80.0,27.0,4.0,0.0 
 07/29  20:00:00,28.462570074442187,15.888374836622683,27.001966524360405,0.011369468363153348,0.9,1.0,0.23,5.0,0.0,1.0,1.0,0.5,80.0,27.0,4.0,0.0 
 07/29  21:00:00,27.960761101378854,16.31809531197923,27.002427066162223,0.011689901563179025,0.9,1.0,1.0,5.0,0.0,1.0,1.0,0.5,80.0,27.0,4.0,0.0 
 07/29  22:00:00,27.7953948879934285,16.5007968799090525,27.002602623814809,0.011829175020430035,0.9,1,1,5,0,1,1,0.5,80,27,4,0
 07/29  23:00:00,27.630028674608003,16.683498447838875,27.002778181467395,0.011968448477681045,0.9,1.0,1.0,5.0,0.0,1.0,1.0,0.5,80.0,27.0,4.0,0.0 
 07/29  24:00:00,27.29293633882257,16.93833293478027,27.002691297716257,0.012165657340895033,0.9,1.0,1.0,5.0,0.0,1.0,1.0,0.5,80.0,27.0,4.0,0.0 
 07/30  01:00:00,26.65877726741954,18.607669834203914,27.000053744966795,0.013540593370049443,0.95,0.0,0.23,5.0,0.0,1.0,1.0,0.5,80.0,27.0,4.0,0.0 
 07/30  02:00:00,26.31764601455084,20.501523256419116,26.97794595485707,0.015271406127687029,0.95,0.0,0.23,5.0,0.0,1.0,1.0,0.5,80.0,27.0,4.0,0.0 
 07/30  03:00:00,26.02944344465374,20.775475088049053,26.666171907509234,0.015535598177893538,0.95,0.0,0.23,5.0,0.0,1.0,1.0,0.5,80.0,27.0,4.0,0.0 
 07/30  04:00:00,25.606219531195848,21.678644749980595,26.238910231892614,0.016441767263310512,0.95,0.0,0.23,5.0,0.0,1.0,1.0,0.5,80.0,27.0,4.0,0.0 
 07/30  05:00:00,25.199933849204257,21.97886995860577,25.849370356880492,0.016751675797092115,0.95,0.0,0.23,5.0,0.0,1.0,1.0,0.5,80.0,27.0,4.0,0.0 
 07/30  06:00:00,24.995944244216187,22.059457456845003,25.62104795992344,0.016833870528059656,0.95,0.0,0.23,5.0,0.0,1.0,1.0,0.5,80.0,27.0,4.0,0.0 
 07/30  07:00:00,27.69355348287352,21.71667038596449,26.86300751046469,0.016473494037777914,0.95,0.0,0.23,5.0,0.0,1.0,1.0,0.5,80.0,27.0,4.0,0.0 
 07/30  08:00:00,30.28313611057801,19.781992665488097,27.002105310119802,0.014577466774631963,0.95,0.0,0.23,5.0,0.0,1.0,1.0,0.5,80.0,27.0,4.0,0.0 
 07/30  09:00:00,31.315542072111924,17.34401394868302,27.002387704061352,0.012469678147363408,0.95,0.0,0.23,5.0,0.0,1.0,1.0,0.5,80.0,27.0,4.0,0.0 
 07/30  10:00:00,32.248860463769184,15.350130996263397,27.002404126732266,0.010953869900431552,0.6,0.0,0.23,5.0,0.0,1.0,1.0,0.5,80.0,27.0,4.0,0.0 
 07/30  11:00:00,32.98751927948647,14.162082780028799,27.00234034870072,0.010130820423822772,0.6,0.0,0.23,5.0,0.0,1.0,1.0,0.5,80.0,27.0,4.0,0.0 
 07/30  12:00:00,33.23808939087843,13.600892968118243,27.002262240281073,0.009760922819215116,0.6,0.0,0.23,5.0,0.0,1.0,1.0,0.5,80.0,27.0,4.0,0.0 
 07/30  13:00:00,33.30580116398017,13.312895884848006,27.002201983299646,0.009575233411865433,0.6,0.0,0.69,5.0,0.0,1.0,1.0,0.5,80.0,27.0,4.0,0.0 
 07/30  14:00:00,33.88202176734384,13.04064341428135,27.002128947902165,0.00940529196427437,0.6,0.0,0.69,5.0,0.0,1.0,1.0,0.5,80.0,27.0,4.0,0.0 
 07/30  15:00:00,34.22707439896177,12.865764877180775,27.002049659569344,0.009298155256519119,0.6,0.0,0.23,5.0,0.0,1.0,1.0,0.5,80.0,27.0,4.0,0.0 
 07/30  16:00:00,33.54513867635298,12.798738641213953,27.002086173325473,0.00925830214869978,0.6,0.0,0.23,5.0,0.0,1.0,1.0,0.5,80.0,27.0,4.0,0.0 
 07/30  17:00:00,33.11582957996464,12.864145595564846,27.002179940074086,0.009300151030147261,0.6,0.0,0.23,5.0,0.0,1.0,1.0,0.5,80.0,27.0,4.0,0.0 
 07/30  18:00:00,31.521183576865177,13.179401806696557,27.002153940028574,0.009498322423517645,0.6,0.0,0.23,5.0,0.0,1.0,1.0,0.5,80.0,27.0,4.0,0.0 
 07/30  19:00:00,29.895090966176376,14.03453395905582,27.001862369694535,0.010052593673085142,0.9,0.0,0.23,5.0,0.0,1.0,1.0,0.5,80.0,27.0,4.0,0.0 
 07/30  20:00:00,28.285688430086672,15.171257341004269,27.001798460603226,0.01083369890659265,0.9,1.0,0.23,5.0,0.0,1.0,1.0,0.5,80.0,27.0,4.0,0.0 
 07/30  21:00:00,27.884394692093686,16.066514721107303,27.00234043714367,0.011487169326379982,0.9,1.0,1.0,5.0,0.0,1.0,1.0,0.5,80.0,27.0,4.0,0.0 
 07/30  22:00:00,27.724577431371307,16.3015470350121505,27.002513612091923,0.011666175493458185,0.9,1,1,5,0,1,1,0.5,80,27,4,0
 07/30  23:00:00,27.564760170648928,16.536579348916998,27.002686787040176,0.011845181660536388,0.9,1.0,1.0,5.0,0.0,1.0,1.0,0.5,80.0,27.0,4.0,0.0 
 07/30  24:00:00,27.316999028885103,16.897230450285548,27.002567603856033,0.012126967338743508,0.9,1.0,1.0,5.0,0.0,1.0,1.0,0.5,80.0,27.0,4.0,0.0 
 07/31  01:00:00,26.897069299490795,18.659418973005376,27.000086144798,0.013586870698856977,0.98,0.0,0.23,18.0,0.0,1.0,1.0,0.5,80.0,27.0,4.0,0.0 
 07/31  02:00:00,26.669982367581937,20.094242499792774,27.000002359256257,0.014888937385462405,0.98,0.0,0.23,18.0,0.0,1.0,1.0,0.5,80.0,27.0,4.0,0.0 
 07/31  03:00:00,26.42195740754272,21.000402070262105,27.000000148251505,0.015768956801309075,0.98,0.0,0.23,18.0,0.0,1.0,1.0,0.5,80.0,27.0,4.0,0.0 
 07/31  04:00:00,26.25515828275529,21.71195440822644,26.9261471111294,0.016493322909198773,0.98,0.0,0.23,18.0,0.0,1.0,1.0,0.5,80.0,27.0,4.0,0.0 
 07/31  05:00:00,26.31567323345972,22.49786397717199,26.99923878624349,0.017327953618663818,0.98,0.0,0.23,18.0,0.0,1.0,1.0,0.5,80.0,27.0,4.0,0.0 
 07/31  06:00:00,26.348416394982483,23.078790734867493,26.999986594270258,0.017970029454597608,0.98,0.0,0.23,18.0,0.0,1.0,1.0,0.5,80.0,27.0,4.0,0.0 
 07/31  07:00:00,27.35665939887979,22.789802505606517,27.000000439518914,0.01765212052080595,0.85,0.0,0.23,18.0,0.0,1.0,1.0,0.5,80.0,27.0,4.0,0.0 
 07/31  08:00:00,28.93848908593161,23.41282328685547,28.875144853120705,0.018353006837032754,0.65,0.0,0.23,12.0,0.0,1.0,0.0,0.5,80.0,37.0,4.0,0.0 
 07/31  09:00:00,31.509641572072557,23.45376984400088,30.921704703726096,0.01840275960360359,0.1,0.0,0.23,18.0,0.0,1.0,0.0,0.0,120.0,37.0,4.0,0.0 
 07/31  10:00:00,34.03191907668178,23.627100993094977,33.42653458883644,0.018604883321633545,0.1,0.0,0.23,18.0,0.0,1.0,0.0,0.0,120.0,37.0,4.0,0.0 
 07/31  11:00:00,36.42248396856557,23.72641237736056,35.48868661312467,0.018722911284658306,0.1,0.0,0.23,18.0,0.0,1.0,0.0,0.0,120.0,37.0,4.0,0.0 
 07/31  12:00:00,37.77891781446508,23.838337451665723,37.09765360429442,0.01885616223807777,0.1,0.0,0.23,18.0,0.0,1.0,0.0,0.0,120.0,37.0,4.0,0.0 
 07/31  13:00:00,38.82439798673556,24.078309985821893,39.38334554021386,0.019141604952414355,0.1,0.0,0.69,18.0,0.0,1.0,0.0,0.0,120.0,37.0,4.0,0.0 
 07/31  14:00:00,40.15238920079981,24.178794174682075,40.543083935653506,0.01926116443255249,0.1,0.0,0.69,18.0,0.0,1.0,0.0,0.0,120.0,37.0,4.0,0.0 
 07/31  15:00:00,40.3171674179331,24.32969654788165,40.55694271022362,0.019441887111525898,0.1,0.0,0.23,18.0,0.0,1.0,0.0,0.0,120.0,37.0,4.0,0.0 
 07/31  16:00:00,39.42490065376222,24.42290945148611,39.99523063326819,0.0195543634114966,0.1,0.0,0.23,18.0,0.0,1.0,0.0,0.0,120.0,37.0,4.0,0.0 
 07/31  17:00:00,38.05689327286366,24.52850048844264,38.963054983943366,0.019682461532070667,0.1,0.0,0.23,18.0,0.0,1.0,0.0,0.0,120.0,37.0,4.0,0.0 
 07/31  18:00:00,36.07185053281712,25.6172488060746,36.73907207147077,0.02104642600060488,0.75,0.0,0.23,18.0,0.0,1.0,0.0,0.5,120.0,37.0,4.0,0.0 
 07/31  19:00:00,33.807393294972755,27.221410329587393,34.47399448344145,0.023212970181927292,0.75,0.0,0.23,18.0,0.0,1.0,0.0,0.5,80.0,37.0,4.0,0.0 
 07/31  20:00:00,31.899693621513844,22.046432308624524,27.648837301997375,0.016868475931952693,0.9,1.0,0.23,18.0,0.0,1.0,1.0,0.5,80.0,27.0,4.0,0.0 
 07/31  21:00:00,28.666078086486255,20.011801060230983,27.05455050328197,0.014838497147167356,0.9,1.0,1.0,18.0,0.0,1.0,1.0,0.5,80.0,27.0,4.0,0.0 
 07/31  22:00:00,28.3430905909992745,19.4156509888023615,27.028841591883795,0.014296317671700771,0.9,1,1,18,0,1,1,0.5,80,27,4,0
 07/31  23:00:00,28.020103095512294,18.81950091737374,27.00313268048562,0.013754138196234186,0.9,1.0,1.0,18.0,0.0,1.0,1.0,0.5,80.0,27.0,4.0,0.0 
 07/31  24:00:00,27.80884078004964,18.24378114884873,27.00300234013627,0.01325661281146959,0.95,1.0,1.0,18.0,0.0,1.0,1.0,0.5,80.0,27.0,4.0,0.0 
 08/01  01:00:00,27.15202931601989,19.021015998203325,27.000181593701058,0.013940635960936303,0.98,0.0,0.23,18.0,0.0,1.0,1.0,0.5,80.0,27.0,4.0,0.0 
 08/01  02:00:00,26.8594585632761,19.99964778624257,27.000008115180343,0.01483628905682406,0.98,0.0,0.23,18.0,0.0,1.0,1.0,0.5,80.0,27.0,4.0,0.0 
 08/01  03:00:00,26.598836906432364,20.98242456850491,27.000000647346813,0.01578762106063227,0.98,0.0,0.23,18.0,0.0,1.0,1.0,0.5,80.0,27.0,4.0,0.0 
 08/01  04:00:00,26.370895984950003,21.613550668744235,27.00000028779983,0.016427289194677588,0.98,0.0,0.23,18.0,0.0,1.0,1.0,0.5,80.0,27.0,4.0,0.0 
 08/01  05:00:00,26.225020922369133,22.20913337740646,26.981835974708165,0.017052144355533715,0.98,0.0,0.23,18.0,0.0,1.0,1.0,0.5,80.0,27.0,4.0,0.0 
 08/01  06:00:00,26.16599156259759,22.69603567802882,26.921401718333303,0.017579033876077874,0.98,0.0,0.23,18.0,0.0,1.0,1.0,0.5,80.0,27.0,4.0,0.0 
 08/01  07:00:00,27.15071958276917,22.456478429414826,26.996700746663937,0.017318255580509524,0.85,0.0,0.23,18.0,0.0,1.0,1.0,0.5,80.0,27.0,4.0,0.0 
 08/01  08:00:00,28.649765423950623,22.74304439178142,28.55525864701839,0.01763101864628445,0.65,0.0,0.23,12.0,0.0,1.0,0.0,0.5,80.0,37.0,4.0,0.0 
 08/01  09:00:00,31.22593337397232,22.80454325862425,30.133266529499302,0.017698944068722973,0.1,0.0,0.23,18.0,0.0,1.0,0.0,0.0,120.0,37.0,4.0,0.0 
 08/01  10:00:00,33.16569657113673,22.894786338015834,32.428414021595856,0.017798961905436807,0.1,0.0,0.23,18.0,0.0,1.0,0.0,0.0,120.0,37.0,4.0,0.0 
 08/01  11:00:00,35.404507730697986,22.998940836391117,34.30033040700156,0.01791500479192256,0.1,0.0,0.23,18.0,0.0,1.0,0.0,0.0,120.0,37.0,4.0,0.0 
 08/01  12:00:00,36.50186967210541,23.114349515100695,35.86351449626975,0.018044367820658755,0.1,0.0,0.23,18.0,0.0,1.0,0.0,0.0,120.0,37.0,4.0,0.0 
 08/01  13:00:00,37.41677361394528,23.362501338644606,37.99745266550027,0.018325174922490948,0.1,0.0,0.69,18.0,0.0,1.0,0.0,0.0,120.0,37.0,4.0,0.0 
 08/01  14:00:00,38.67273155556538,23.4645453318627,39.074311337809206,0.018439822312059893,0.1,0.0,0.69,18.0,0.0,1.0,0.0,0.0,120.0,37.0,4.0,0.0 
 08/01  15:00:00,38.800856097997126,23.620722380295444,39.021368259591576,0.01861755438027004,0.1,0.0,0.23,18.0,0.0,1.0,0.0,0.0,120.0,37.0,4.0,0.0 
 08/01  16:00:00,37.72580242853104,23.71911948208364,38.28771777983049,0.01872980596880784,0.1,0.0,0.23,18.0,0.0,1.0,0.0,0.0,120.0,37.0,4.0,0.0 
 08/01  17:00:00,36.33034950147687,23.8327544081389,37.153377595686315,0.018860277362600656,0.1,0.0,0.23,18.0,0.0,1.0,0.0,0.0,120.0,37.0,4.0,0.0 
 08/01  18:00:00,34.24190184595304,24.17645312798692,34.72032124611449,0.01926391155694983,0.75,0.0,0.23,18.0,0.0,1.0,0.0,0.5,120.0,37.0,4.0,0.0 
 08/01  19:00:00,32.012977766792616,24.723098184237443,32.87705465954308,0.01992323004683114,0.75,0.0,0.23,18.0,0.0,1.0,0.0,0.5,80.0,37.0,4.0,0.0 
 08/01  20:00:00,30.231854939309567,20.352410549463833,27.310301324581673,0.015162614414297414,0.9,1.0,0.23,18.0,0.0,1.0,1.0,0.5,80.0,27.0,4.0,0.0 
 08/01  21:00:00,27.83144520581195,18.730432418203584,27.030844337656962,0.01367495038796435,0.9,1.0,1.0,18.0,0.0,1.0,1.0,0.5,80.0,27.0,4.0,0.0 
 08/01  22:00:00,27.4928476670743385,18.271533413197975,27.017300578602051,0.0132835277799408565,0.9,1,1,18,0,1,1,0.5,80,27,4,0
 08/01  23:00:00,27.154250128336727,17.812634408192366,27.00375681954714,0.012892105171917363,0.9,1.0,1.0,18.0,0.0,1.0,1.0,0.5,80.0,27.0,4.0,0.0 
 08/01  24:00:00,26.816813695938883,17.554422693942843,27.00260988208684,0.01267845916147745,0.95,1.0,1.0,18.0,0.0,1.0,1.0,0.5,80.0,27.0,4.0,0.0 
 08/02  01:00:00,26.32757900706076,19.109913386862832,27.000006503001615,0.014004801846837492,0.98,0.0,0.23,18.0,0.0,1.0,1.0,0.5,80.0,27.0,4.0,0.0 
 08/02  02:00:00,26.116560497450248,20.652963763102807,26.83453226396766,0.015444189359148763,0.98,0.0,0.23,18.0,0.0,1.0,1.0,0.5,80.0,27.0,4.0,0.0 
 08/02  03:00:00,25.909784372238658,21.86210124845261,26.620091457647888,0.016663677272935766,0.98,0.0,0.23,18.0,0.0,1.0,1.0,0.5,80.0,27.0,4.0,0.0 
 08/02  04:00:00,25.65665018122422,22.655071097020212,26.391700046281585,0.01750923120658633,0.98,0.0,0.23,18.0,0.0,1.0,1.0,0.5,80.0,27.0,4.0,0.0 
 08/02  05:00:00,25.427619919374408,23.235622882699488,26.18296654121197,0.018152169115559887,0.98,0.0,0.23,18.0,0.0,1.0,1.0,0.5,80.0,27.0,4.0,0.0 
 08/02  06:00:00,25.304266127640336,23.42861090420307,26.062458670142668,0.01836950957997503,0.98,0.0,0.23,18.0,0.0,1.0,1.0,0.5,80.0,27.0,4.0,0.0 
 08/02  07:00:00,27.595402472687507,22.886587313544123,26.92360269148059,0.01775857045134717,0.85,0.0,0.23,18.0,0.0,1.0,1.0,0.5,80.0,27.0,4.0,0.0 
 08/02  08:00:00,28.92197723783218,23.092065289485017,28.694297488767408,0.017985435160949293,0.65,0.0,0.23,12.0,0.0,1.0,0.0,0.5,80.0,37.0,4.0,0.0 
 08/02  09:00:00,31.64939638197546,23.161844615022865,30.54000417111281,0.018061849718771,0.1,0.0,0.23,18.0,0.0,1.0,0.0,0.0,120.0,37.0,4.0,0.0 
 08/02  10:00:00,34.923876024850145,23.255906839653942,33.586778705445745,0.018166150788231226,0.1,0.0,0.23,18.0,0.0,1.0,0.0,0.0,120.0,37.0,4.0,0.0 
 08/02  11:00:00,38.00322509335339,23.47243955417178,36.79227688391341,0.018410342674886792,0.1,0.0,0.23,18.0,0.0,1.0,0.0,0.0,120.0,37.0,4.0,0.0 
 08/02  12:00:00,39.627218944296416,23.58635293386485,38.96589233329616,0.01853909432137876,0.1,0.0,0.23,18.0,0.0,1.0,0.0,0.0,120.0,37.0,4.0,0.0 
 08/02  13:00:00,41.02773368142495,23.70478932183551,40.92467007086448,0.01867389516298913,0.1,0.0,0.69,18.0,0.0,1.0,0.0,0.0,120.0,37.0,4.0,0.0 
 08/02  14:00:00,42.138082451280724,23.81972670783592,42.20751155103866,0.018805886803902504,0.1,0.0,0.69,18.0,0.0,1.0,0.0,0.0,120.0,37.0,4.0,0.0 
 08/02  15:00:00,42.940192464881605,23.915161080082378,42.46026496155972,0.018915664628628107,0.1,0.0,0.23,18.0,0.0,1.0,0.0,0.0,120.0,37.0,4.0,0.0 
 08/02  16:00:00,42.21173414076871,24.08879931292705,42.24472888911007,0.01911832894547651,0.1,0.0,0.23,18.0,0.0,1.0,0.0,0.0,120.0,37.0,4.0,0.0 
 08/02  17:00:00,40.56828278655297,24.189524186801663,41.253137495878924,0.01923604455342426,0.1,0.0,0.23,18.0,0.0,1.0,0.0,0.0,120.0,37.0,4.0,0.0 
 08/02  18:00:00,38.0259234203273,24.232338703602572,38.46829171225109,0.019285454242049527,0.75,0.0,0.23,18.0,0.0,1.0,0.0,0.5,120.0,37.0,4.0,0.0 
 08/02  19:00:00,35.34647825333889,24.034832813627176,36.1801432426214,0.019049513101067582,0.75,0.0,0.23,18.0,0.0,1.0,0.0,0.5,80.0,37.0,4.0,0.0 
 08/02  20:00:00,32.48399162010946,19.27199112916447,27.613534730739342,0.014124653925594817,0.9,1.0,0.23,18.0,0.0,1.0,1.0,0.5,80.0,27.0,4.0,0.0 
 08/02  21:00:00,28.510764313438777,17.5521318952526,27.042667954977233,0.012649995401435233,0.9,1.0,1.0,18.0,0.0,1.0,1.0,0.5,80.0,27.0,4.0,0.0 
 08/02  22:00:00,28.127156408517491,17.035507304545561,27.0226677999864685,0.0122409154950730735,0.9,1,1,18,0,1,1,0.5,80,27,4,0
 08/02  23:00:00,27.743548503596205,16.518882713838522,27.002667644995704,0.011831835588710914,0.9,1.0,1.0,18.0,0.0,1.0,1.0,0.5,80.0,27.0,4.0,0.0 
 08/02  24:00:00,27.31001196810777,16.09681954302226,27.002681219510727,0.011510881342195044,0.95,1.0,1.0,18.0,0.0,1.0,1.0,0.5,80.0,27.0,4.0,0.0 
 08/03  01:00:00,26.633806918438395,17.482836044590726,27.00004657522829,0.012589177120806773,0.98,0.0,0.23,18.0,0.0,1.0,1.0,0.5,80.0,27.0,4.0,0.0 
 08/03  02:00:00,26.282500478227046,19.309250077798982,26.981420057323497,0.014150741917231919,0.98,0.0,0.23,18.0,0.0,1.0,1.0,0.5,80.0,27.0,4.0,0.0 
 08/03  03:00:00,25.99114555535348,19.58586223637904,26.663150662653017,0.014400723528266622,0.98,0.0,0.23,18.0,0.0,1.0,1.0,0.5,80.0,27.0,4.0,0.0 
 08/03  04:00:00,25.555487250906115,20.343958243658935,26.238756926437915,0.015108743317332713,0.98,0.0,0.23,18.0,0.0,1.0,1.0,0.5,80.0,27.0,4.0,0.0 
 08/03  05:00:00,25.14306765820535,20.51951243822532,25.843765152179436,0.015276034028859842,0.98,0.0,0.23,18.0,0.0,1.0,1.0,0.5,80.0,27.0,4.0,0.0 
 08/03  06:00:00,24.970576983352878,20.432268373171595,25.65014007387551,0.015190762774191274,0.98,0.0,0.23,18.0,0.0,1.0,1.0,0.5,80.0,27.0,4.0,0.0 
 08/03  07:00:00,29.127756801747307,19.52546017252305,26.935408835794544,0.014340416211605358,0.85,0.0,0.23,18.0,0.0,1.0,1.0,0.5,80.0,27.0,4.0,0.0 
 08/03  08:00:00,30.912983107193504,19.730217060319205,30.291026096337657,0.014526952354711438,0.65,0.0,0.23,12.0,0.0,1.0,0.0,0.5,80.0,37.0,4.0,0.0 
 08/03  09:00:00,35.78922544433085,19.835413503130983,33.5124420847345,0.01462298379743744,0.1,0.0,0.23,18.0,0.0,1.0,0.0,0.0,120.0,37.0,4.0,0.0 
 08/03  10:00:00,38.8410374884136,19.980087276024854,37.78037953809093,0.014756640640188591,0.1,0.0,0.23,18.0,0.0,1.0,0.0,0.0,120.0,37.0,4.0,0.0 
 08/03  11:00:00,41.876977616630626,20.126346003572227,40.526831850506476,0.014892738566219633,0.1,0.0,0.23,18.0,0.0,1.0,0.0,0.0,120.0,37.0,4.0,0.0 
 08/03  12:00:00,42.95347546203513,20.26764669645583,42.33928507116275,0.015025247959873764,0.1,0.0,0.23,18.0,0.0,1.0,0.0,0.0,120.0,37.0,4.0,0.0 
 08/03  13:00:00,43.68834719035988,20.406928164842686,43.85744309809535,0.015156880499835192,0.1,0.0,0.69,18.0,0.0,1.0,0.0,0.0,120.0,37.0,4.0,0.0 
 08/03  14:00:00,45.4859771969333,20.705186427943307,45.69426228220886,0.015444337144791804,0.1,0.0,0.69,18.0,0.0,1.0,0.0,0.0,120.0,37.0,4.0,0.0 
 08/03  15:00:00,46.84814990697705,20.816803981186595,46.2655839759454,0.015552417160305431,0.1,0.0,0.23,18.0,0.0,1.0,0.0,0.0,120.0,37.0,4.0,0.0 
 08/03  16:00:00,46.41261857971668,20.99395083521949,46.34242717490511,0.015726166048096315,0.1,0.0,0.23,18.0,0.0,1.0,0.0,0.0,120.0,37.0,4.0,0.0 
 08/03  17:00:00,44.396267782762536,21.121742781156627,44.96247097982571,0.015852159142949216,0.1,0.0,0.23,18.0,0.0,1.0,0.0,0.0,120.0,37.0,4.0,0.0 
 08/03  18:00:00,42.19527310511691,21.40331977897548,41.87086674555235,0.016134369873689124,0.75,0.0,0.23,18.0,0.0,1.0,0.0,0.5,120.0,37.0,4.0,0.0 
 08/03  19:00:00,39.09108459016573,21.59121089306004,38.85982217975363,0.016324974924619994,0.75,0.0,0.23,18.0,0.0,1.0,0.0,0.5,80.0,37.0,4.0,0.0 
 08/03  20:00:00,35.029234526740204,16.683764211019735,27.80843886321186,0.011937453002315267,0.9,1.0,0.23,18.0,0.0,1.0,1.0,0.5,80.0,27.0,4.0,0.0 
 08/03  21:00:00,29.078567607265025,15.237308984024969,27.055284751578984,0.010864152568251465,0.9,1.0,1.0,18.0,0.0,1.0,1.0,0.5,80.0,27.0,4.0,0.0 
 08/03  22:00:00,28.5886399906760825,14.987092389837013,27.028907351418107,0.0106885713058805285,0.9,1,1,18,0,1,1,0.5,80,27,4,0
 08/03  23:00:00,28.09871237408714,14.736875795649057,27.00252995125723,0.010512990043509592,0.9,1.0,1.0,18.0,0.0,1.0,1.0,0.5,80.0,27.0,4.0,0.0 
 08/03  24:00:00,27.581037438720514,14.717918743528745,27.002240385527493,0.010499177479103448,0.95,1.0,1.0,18.0,0.0,1.0,1.0,0.5,80.0,27.0,4.0,0.0 
 08/04  01:00:00,26.70670011730703,16.152500406454806,27.000129194232795,0.011529074159024292,0.98,0.0,0.23,18.0,0.0,1.0,1.0,0.5,80.0,27.0,4.0,0.0 
 08/04  02:00:00,26.320102978325114,17.754444052957815,26.737885906868556,0.012786524884117426,0.98,0.0,0.23,18.0,0.0,1.0,1.0,0.5,80.0,27.0,4.0,0.0 
 08/04  03:00:00,25.855976848613988,17.855426472003337,26.30795692285752,0.012869047934644835,0.98,0.0,0.23,18.0,0.0,1.0,1.0,0.5,80.0,27.0,4.0,0.0 
 08/04  04:00:00,25.302933860415976,18.547368319418624,25.751579331816956,0.013452123110384039,0.98,0.0,0.23,18.0,0.0,1.0,1.0,0.5,80.0,27.0,4.0,0.0 
 08/04  05:00:00,24.84569023315398,19.152971221884595,25.343892257379782,0.013981845251120298,0.98,0.0,0.23,18.0,0.0,1.0,1.0,0.5,80.0,27.0,4.0,0.0 
 08/04  06:00:00,24.60334293106125,19.763737537180603,25.114349254845145,0.014534888393244967,0.98,0.0,0.23,18.0,0.0,1.0,1.0,0.5,80.0,27.0,4.0,0.0 
 08/04  07:00:00,28.551903838916235,19.528828994887242,26.809070459377214,0.014318485741256614,0.85,0.0,0.23,18.0,0.0,1.0,1.0,0.5,80.0,27.0,4.0,0.0 
 08/04  08:00:00,31.439668093594275,19.850314399955693,30.570694397764456,0.014613077688276249,0.65,0.0,0.23,12.0,0.0,1.0,0.0,0.5,80.0,37.0,4.0,0.0 
 08/04  09:00:00,36.369573281503726,19.955506995044516,34.60891012920721,0.014709897382526435,0.1,0.0,0.23,18.0,0.0,1.0,0.0,0.0,120.0,37.0,4.0,0.0 
 08/04  10:00:00,40.431006678441875,20.21987170163896,39.52109670817527,0.014957528713002415,0.1,0.0,0.23,18.0,0.0,1.0,0.0,0.0,120.0,37.0,4.0,0.0 
 08/04  11:00:00,43.03189107251677,20.358581189246927,42.00274639735982,0.015088364881329754,0.1,0.0,0.23,18.0,0.0,1.0,0.0,0.0,120.0,37.0,4.0,0.0 
 08/04  12:00:00,43.77889313139094,20.494351963313388,43.265869759191574,0.01521740225328434,0.1,0.0,0.23,18.0,0.0,1.0,0.0,0.0,120.0,37.0,4.0,0.0 
 08/04  13:00:00,44.23777007487473,20.79078134568207,44.61675215134225,0.01550404974619404,0.1,0.0,0.69,18.0,0.0,1.0,0.0,0.0,120.0,37.0,4.0,0.0 
 08/04  14:00:00,46.35320384924258,20.911730298912694,46.16226597505542,0.01562389656704369,0.1,0.0,0.69,18.0,0.0,1.0,0.0,0.0,120.0,37.0,4.0,0.0 
 08/04  15:00:00,48.4122238790623,21.043518965632924,47.222032974218045,0.01575549845636164,0.1,0.0,0.23,18.0,0.0,1.0,0.0,0.0,120.0,37.0,4.0,0.0 
 08/04  16:00:00,48.36940522877274,21.17013370251836,48.07431242854602,0.01588276722742101,0.1,0.0,0.23,18.0,0.0,1.0,0.0,0.0,120.0,37.0,4.0,0.0 
 08/04  17:00:00,47.095327691715134,21.29043029876997,47.157412812709914,0.016004765029607737,0.1,0.0,0.23,18.0,0.0,1.0,0.0,0.0,120.0,37.0,4.0,0.0 
 08/04  18:00:00,44.12718534289478,21.663160918088288,43.589858360186284,0.01638521109135516,0.75,0.0,0.23,18.0,0.0,1.0,0.0,0.5,120.0,37.0,4.0,0.0 
 08/04  19:00:00,40.394810386915545,21.91399370300172,40.06420625816796,0.016646375336043018,0.75,0.0,0.23,18.0,0.0,1.0,0.0,0.5,80.0,37.0,4.0,0.0 
 08/04  20:00:00,36.08920206245612,16.565473732338216,27.967497054630233,0.011839115960617475,0.9,1.0,0.23,18.0,0.0,1.0,1.0,0.5,80.0,27.0,4.0,0.0 
 08/04  21:00:00,29.330172348692287,14.941630345204063,27.047396063226614,0.01065092297651759,0.9,1.0,1.0,18.0,0.0,1.0,1.0,0.5,80.0,27.0,4.0,0.0 
 08/04  22:00:00,28.796153301132966,14.678804636380618,27.0247907361067395,0.0104706385895340245,0.9,1,1,18,0,1,1,0.5,80,27,4,0
 08/04  23:00:00,28.262134253573645,14.415978927557173,27.002185408986865,0.010290354202550459,0.9,1.0,1.0,18.0,0.0,1.0,1.0,0.5,80.0,27.0,4.0,0.0 
 08/04  24:00:00,27.776439884199288,14.254614866543411,27.00215166962095,0.010182381043002372,0.95,1.0,1.0,18.0,0.0,1.0,1.0,0.5,80.0,27.0,4.0,0.0 
 08/05  01:00:00,27.015680556629242,15.53912729243815,27.0003816757611,0.01107862761301399,0.95,0.0,0.23,5.0,0.0,1.0,1.0,0.5,80.0,27.0,4.0,0.0 
 08/05  02:00:00,26.679863829303102,17.131147626626078,27.000056594721592,0.012286093269607357,0.95,0.0,0.23,5.0,0.0,1.0,1.0,0.5,80.0,27.0,4.0,0.0 
 08/05  03:00:00,26.371094759815826,18.280461817343504,26.795723686860963,0.013230116946306911,0.95,0.0,0.23,5.0,0.0,1.0,1.0,0.5,80.0,27.0,4.0,0.0 
 08/05  04:00:00,25.994771716692537,18.202364825360373,26.465119530534075,0.013165091622554428,0.95,0.0,0.23,5.0,0.0,1.0,1.0,0.5,80.0,27.0,4.0,0.0 
 08/05  05:00:00,25.544482972025175,18.40293810579788,26.044195492958515,0.013336392680927617,0.95,0.0,0.23,5.0,0.0,1.0,1.0,0.5,80.0,27.0,4.0,0.0 
 08/05  06:00:00,25.258716705836793,18.534104840587833,25.77780186988725,0.01344996675432987,0.95,0.0,0.23,5.0,0.0,1.0,1.0,0.5,80.0,27.0,4.0,0.0 
 08/05  07:00:00,27.18191645428375,18.560213685251103,26.84519562962916,0.013473415798567808,0.95,0.0,0.23,5.0,0.0,1.0,1.0,0.5,80.0,27.0,4.0,0.0 
 08/05  08:00:00,29.82930151208446,17.60723047507862,27.001742115522696,0.012674923898734904,0.95,0.0,0.23,5.0,0.0,1.0,1.0,0.5,80.0,27.0,4.0,0.0 
 08/05  09:00:00,31.768780389988688,15.454500770687382,27.002320432894887,0.011024254793804186,0.95,0.0,0.23,5.0,0.0,1.0,1.0,0.5,80.0,27.0,4.0,0.0 
 08/05  10:00:00,32.95610182686687,13.364857696149745,27.002350335432848,0.009609320139780792,0.6,0.0,0.23,5.0,0.0,1.0,1.0,0.5,80.0,27.0,4.0,0.0 
 08/05  11:00:00,33.46434244825005,12.268047036992868,27.002258443341923,0.008934060086902751,0.6,0.0,0.23,5.0,0.0,1.0,1.0,0.5,80.0,27.0,4.0,0.0 
 08/05  12:00:00,33.735501703767085,11.846826579669584,27.002189443321335,0.008686708513112732,0.6,0.0,0.23,5.0,0.0,1.0,1.0,0.5,80.0,27.0,4.0,0.0 
 08/05  13:00:00,33.49907756546021,11.738582177338934,27.00214927734766,0.008624571514977097,0.6,0.0,0.69,5.0,0.0,1.0,1.0,0.5,80.0,27.0,4.0,0.0 
 08/05  14:00:00,34.134692223979414,11.728674098331414,27.002090208560077,0.008618934872148461,0.6,0.0,0.69,5.0,0.0,1.0,1.0,0.5,80.0,27.0,4.0,0.0 
 08/05  15:00:00,34.12230116624668,11.779761851902885,27.002053099063417,0.008648569106783749,0.6,0.0,0.23,5.0,0.0,1.0,1.0,0.5,80.0,27.0,4.0,0.0 
 08/05  16:00:00,33.82809078074322,11.887378344523889,27.002078867367484,0.008711195756052439,0.6,0.0,0.23,5.0,0.0,1.0,1.0,0.5,80.0,27.0,4.0,0.0 
 08/05  17:00:00,34.7228478693126,11.80444438219174,27.001993237395208,0.008663051453964652,0.6,0.0,0.23,5.0,0.0,1.0,1.0,0.5,80.0,27.0,4.0,0.0 
 08/05  18:00:00,33.2913657445232,11.714061296867284,27.00206037547489,0.0086108464565906,0.6,0.0,0.23,5.0,0.0,1.0,1.0,0.5,80.0,27.0,4.0,0.0 
 08/05  19:00:00,31.193238667344257,11.957280092911756,27.002074230497204,0.008752386919157784,0.9,0.0,0.23,5.0,0.0,1.0,1.0,0.5,80.0,27.0,4.0,0.0 
 08/05  20:00:00,28.763812424921895,12.744621780478148,27.00185610496758,0.009224478400308855,0.9,1.0,0.23,5.0,0.0,1.0,1.0,0.5,80.0,27.0,4.0,0.0 
 08/05  21:00:00,28.319888635627034,13.848078360035604,27.00225138391202,0.009924469450070887,0.9,1.0,1.0,5.0,0.0,1.0,1.0,0.5,80.0,27.0,4.0,0.0 
 08/05  22:00:00,28.1391185614268995,14.326075312618442,27.002288575079658,0.010246750818486119,0.9,1,1,5,0,1,1,0.5,80,27,4,0
 08/05  23:00:00,27.958348487226765,14.80407226520128,27.002325766247296,0.010569032186901351,0.9,1.0,1.0,5.0,0.0,1.0,1.0,0.5,80.0,27.0,4.0,0.0 
 08/05  24:00:00,27.566708491918366,15.378257992842844,27.002401680401388,0.010974022948812119,0.9,1.0,1.0,5.0,0.0,1.0,1.0,0.5,80.0,27.0,4.0,0.0 
 08/06  01:00:00,26.88974011870006,17.013878927561553,27.000405994918825,0.012205068626703801,0.95,0.0,0.23,5.0,0.0,1.0,1.0,0.5,80.0,27.0,4.0,0.0 
 08/06  02:00:00,26.58175761236464,18.75917984243266,27.00000210455031,0.013654122241859523,0.95,0.0,0.23,5.0,0.0,1.0,1.0,0.5,80.0,27.0,4.0,0.0 
 08/06  03:00:00,26.319208249374515,20.171298061866537,26.858988597017536,0.01493794587377894,0.95,0.0,0.23,5.0,0.0,1.0,1.0,0.5,80.0,27.0,4.0,0.0 
 08/06  04:00:00,25.978245125423797,20.139910467783253,26.545878436459674,0.014908421728806867,0.95,0.0,0.23,5.0,0.0,1.0,1.0,0.5,80.0,27.0,4.0,0.0 
 08/06  05:00:00,25.546202364363822,20.466650384522502,26.14051529240519,0.015220113445880435,0.95,0.0,0.23,5.0,0.0,1.0,1.0,0.5,80.0,27.0,4.0,0.0 
 08/06  06:00:00,25.326130912885045,20.782101661536352,25.903189476689217,0.015526763391090265,0.95,0.0,0.23,5.0,0.0,1.0,1.0,0.5,80.0,27.0,4.0,0.0 
 08/06  07:00:00,27.542554534345673,20.433753851958635,26.897616609330566,0.015188946908817658,0.95,0.0,0.23,5.0,0.0,1.0,1.0,0.5,80.0,27.0,4.0,0.0 
 08/06  08:00:00,29.777001347868598,18.749498491351847,27.001880525037155,0.013646643810261806,0.95,0.0,0.23,5.0,0.0,1.0,1.0,0.5,80.0,27.0,4.0,0.0 
 08/06  09:00:00,31.273673664140976,16.41055188899012,27.00232996401717,0.0117384011081895,0.95,0.0,0.23,5.0,0.0,1.0,1.0,0.5,80.0,27.0,4.0,0.0 
 08/06  10:00:00,32.20980464100219,14.37573011910697,27.002375114517527,0.010277122290268321,0.6,0.0,0.23,5.0,0.0,1.0,1.0,0.5,80.0,27.0,4.0,0.0 
 08/06  11:00:00,33.116280452459414,13.103180059076038,27.002334452583476,0.009448410954232598,0.6,0.0,0.23,5.0,0.0,1.0,1.0,0.5,80.0,27.0,4.0,0.0 
 08/06  12:00:00,33.163933023671156,12.655628137021377,27.00225544304914,0.009171578074635218,0.6,0.0,0.23,5.0,0.0,1.0,1.0,0.5,80.0,27.0,4.0,0.0 
 08/06  13:00:00,33.46516680423412,12.401688325245859,27.0022073852574,0.009017795142599499,0.6,0.0,0.69,5.0,0.0,1.0,1.0,0.5,80.0,27.0,4.0,0.0 
 08/06  14:00:00,34.24812852927546,12.199647466985033,27.002074764651685,0.008897561489348785,0.6,0.0,0.69,5.0,0.0,1.0,1.0,0.5,80.0,27.0,4.0,0.0 
 08/06  15:00:00,34.52335710028303,12.116259045212251,27.001964925166803,0.008848581738342824,0.6,0.0,0.23,5.0,0.0,1.0,1.0,0.5,80.0,27.0,4.0,0.0 
 08/06  16:00:00,34.36929117186858,12.180397315407093,27.001934912506737,0.008887113908805087,0.6,0.0,0.23,5.0,0.0,1.0,1.0,0.5,80.0,27.0,4.0,0.0 
 08/06  17:00:00,33.83090409468947,12.320158412093775,27.002015729602448,0.008970871209751437,0.6,0.0,0.23,5.0,0.0,1.0,1.0,0.5,80.0,27.0,4.0,0.0 
 08/06  18:00:00,33.10311667414002,12.485930029220201,27.002140704200645,0.009071140353131904,0.6,0.0,0.23,5.0,0.0,1.0,1.0,0.5,80.0,27.0,4.0,0.0 
 08/06  19:00:00,31.28321708609393,12.94748009569097,27.002130511154437,0.009354530164211715,0.9,0.0,0.23,5.0,0.0,1.0,1.0,0.5,80.0,27.0,4.0,0.0 
 08/06  20:00:00,28.798849116094445,13.752095906860264,27.001908056754203,0.009867223491319575,0.9,1.0,0.23,5.0,0.0,1.0,1.0,0.5,80.0,27.0,4.0,0.0 
 08/06  21:00:00,28.285304454838297,14.31102861134065,27.002308967922065,0.01023831364174973,0.9,1.0,1.0,5.0,0.0,1.0,1.0,0.5,80.0,27.0,4.0,0.0 
 08/06  22:00:00,28.114595206292725,14.4145087546151905,27.0023364579829525,0.010308734602703251,0.9,1,1,5,0,1,1,0.5,80,27,4,0
 08/06  23:00:00,27.943885957747153,14.517988897889731,27.00236394804384,0.010379155563656772,0.9,1.0,1.0,5.0,0.0,1.0,1.0,0.5,80.0,27.0,4.0,0.0 
 08/06  24:00:00,27.569768187352974,14.501630894459185,27.002436427835104,0.010368629585621644,0.9,1.0,1.0,5.0,0.0,1.0,1.0,0.5,80.0,27.0,4.0,0.0 
 08/07  01:00:00,26.99646342443747,15.873631298857982,27.000580852644664,0.011343741446077098,0.98,0.0,0.23,18.0,0.0,1.0,1.0,0.5,80.0,27.0,4.0,0.0 
 08/07  02:00:00,26.739921525248157,17.586271172325837,27.000326014966028,0.012675014972366441,0.98,0.0,0.23,18.0,0.0,1.0,1.0,0.5,80.0,27.0,4.0,0.0 
 08/07  03:00:00,26.50463326431224,19.093521881445522,27.00000335988123,0.01396133077282113,0.98,0.0,0.23,18.0,0.0,1.0,1.0,0.5,80.0,27.0,4.0,0.0 
 08/07  04:00:00,26.276416204818002,20.224787276937935,26.9588688370288,0.01500281717171352,0.98,0.0,0.23,18.0,0.0,1.0,1.0,0.5,80.0,27.0,4.0,0.0 
 08/07  05:00:00,26.082066466318622,20.947005808585114,26.762021565751844,0.01570428665034621,0.98,0.0,0.23,18.0,0.0,1.0,1.0,0.5,80.0,27.0,4.0,0.0 
 08/07  06:00:00,25.93428991916951,21.33082296463838,26.60477472056004,0.016089297578223166,0.98,0.0,0.23,18.0,0.0,1.0,1.0,0.5,80.0,27.0,4.0,0.0 
 08/07  07:00:00,27.438344271344967,20.85952042899682,26.9944015060329,0.015619473502779875,0.85,0.0,0.23,18.0,0.0,1.0,1.0,0.5,80.0,27.0,4.0,0.0 
 08/07  08:00:00,29.0815653683318,21.271244758867034,28.829868306973427,0.016030904173243397,0.65,0.0,0.23,12.0,0.0,1.0,0.0,0.5,80.0,37.0,4.0,0.0 
 08/07  09:00:00,31.945865583977856,21.336413247115388,30.753575867901667,0.016097580006445684,0.1,0.0,0.23,18.0,0.0,1.0,0.0,0.0,120.0,37.0,4.0,0.0 
 08/07  10:00:00,34.07180018294899,21.43907775833249,33.2048843383156,0.016202819946878992,0.1,0.0,0.23,18.0,0.0,1.0,0.0,0.0,120.0,37.0,4.0,0.0 
 08/07  11:00:00,37.402397876929555,21.559529482955814,35.747755331377256,0.016326747129959185,0.1,0.0,0.23,18.0,0.0,1.0,0.0,0.0,120.0,37.0,4.0,0.0 
 08/07  12:00:00,39.00235526560604,21.821505217873906,38.69745482327777,0.01659842338391049,0.1,0.0,0.23,18.0,0.0,1.0,0.0,0.0,120.0,37.0,4.0,0.0 
 08/07  13:00:00,40.213875652156624,21.94075413357383,40.36933526090574,0.016723823275128082,0.1,0.0,0.69,18.0,0.0,1.0,0.0,0.0,120.0,37.0,4.0,0.0 
 08/07  14:00:00,42.668413582190226,22.21050507880402,42.773042573900845,0.01700991113265048,0.1,0.0,0.69,18.0,0.0,1.0,0.0,0.0,120.0,37.0,4.0,0.0 
 08/07  15:00:00,44.57023157297062,22.321712799767763,43.86201553668805,0.01712985675231395,0.1,0.0,0.23,18.0,0.0,1.0,0.0,0.0,120.0,37.0,4.0,0.0 
 08/07  16:00:00,45.81941336684911,22.443152012219606,45.3050637204857,0.017261600257151608,0.1,0.0,0.23,18.0,0.0,1.0,0.0,0.0,120.0,37.0,4.0,0.0 
 08/07  17:00:00,45.77112080708072,22.545837052978705,45.4372395158172,0.017373906401019212,0.1,0.0,0.23,18.0,0.0,1.0,0.0,0.0,120.0,37.0,4.0,0.0 
 08/07  18:00:00,43.9765205247258,23.428665296050088,43.230808358035915,0.01835716517575946,0.75,0.0,0.23,18.0,0.0,1.0,0.0,0.5,120.0,37.0,4.0,0.0 
 08/07  19:00:00,40.337032348336876,23.809476217701345,40.29664466047332,0.01879740779536374,0.75,0.0,0.23,18.0,0.0,1.0,0.0,0.5,80.0,37.0,4.0,0.0 
 08/07  20:00:00,35.871222187497075,18.269054283897876,28.123033718221897,0.013258162373124216,0.9,1.0,0.23,18.0,0.0,1.0,1.0,0.5,80.0,27.0,4.0,0.0 
 08/07  21:00:00,29.364024987002807,16.820899682453568,27.06288362186417,0.012078101969988791,0.9,1.0,1.0,18.0,0.0,1.0,1.0,0.5,80.0,27.0,4.0,0.0 
 08/07  22:00:00,28.8990565361044975,16.707635870402603,27.032653047014211,0.0119906211890445815,0.9,1,1,18,0,1,1,0.5,80,27,4,0
 08/07  23:00:00,28.434088085206188,16.594372058351638,27.002422472164252,0.011903140408100372,0.9,1.0,1.0,18.0,0.0,1.0,1.0,0.5,80.0,27.0,4.0,0.0 
 08/07  24:00:00,28.153262799276725,16.901329838597864,27.00258461697116,0.012142972492518894,0.95,1.0,1.0,18.0,0.0,1.0,1.0,0.5,80.0,27.0,4.0,0.0 
 08/08  01:00:00,27.550778950854138,18.322159870752134,27.000208830403864,0.013308241261043428,0.98,0.0,0.23,18.0,0.0,1.0,1.0,0.5,80.0,27.0,4.0,0.0 
 08/08  02:00:00,27.24898053336045,19.631176806434375,27.000013705974954,0.014469018271312261,0.98,0.0,0.23,18.0,0.0,1.0,1.0,0.5,80.0,27.0,4.0,0.0 
 08/08  03:00:00,27.009522876544402,20.747044912134328,27.000001531718492,0.015529877193111802,0.98,0.0,0.23,18.0,0.0,1.0,1.0,0.5,80.0,27.0,4.0,0.0 
 08/08  04:00:00,26.79463070140579,21.541660583036453,27.000000780269485,0.016327908840236362,0.98,0.0,0.23,18.0,0.0,1.0,1.0,0.5,80.0,27.0,4.0,0.0 
 08/08  05:00:00,26.587165068230295,22.153502538140938,27.000000596231427,0.01696770530523932,0.98,0.0,0.23,18.0,0.0,1.0,1.0,0.5,80.0,27.0,4.0,0.0 
 08/08  06:00:00,26.509628035006898,22.906206060609595,27.00000053105192,0.017785569173838854,0.98,0.0,0.23,18.0,0.0,1.0,1.0,0.5,80.0,27.0,4.0,0.0 
 08/08  07:00:00,29.587323564318577,21.982089010656992,27.000002512615204,0.0167889506897625,0.85,0.0,0.23,18.0,0.0,1.0,1.0,0.5,80.0,27.0,4.0,0.0 
 08/08  08:00:00,32.839828534233604,23.050496798035947,31.997788542080084,0.01794869069637531,0.65,0.0,0.23,12.0,0.0,1.0,0.0,0.5,80.0,37.0,4.0,0.0 
 08/08  09:00:00,39.434855512949234,23.130163215689194,37.11210395426939,0.01803920188692496,0.1,0.0,0.23,18.0,0.0,1.0,0.0,0.0,120.0,37.0,4.0,0.0 
 08/08  10:00:00,41.28024891401463,23.25262478068812,40.22931905267663,0.01817844125415857,0.1,0.0,0.23,18.0,0.0,1.0,0.0,0.0,120.0,37.0,4.0,0.0 
 08/08  11:00:00,40.29217312287581,23.351477637501123,39.994144528097166,0.01829180220043168,0.1,0.0,0.23,18.0,0.0,1.0,0.0,0.0,120.0,37.0,4.0,0.0 
 08/08  12:00:00,39.56010082773838,23.600795103018488,40.099254451257096,0.01857853866769726,0.1,0.0,0.23,18.0,0.0,1.0,0.0,0.0,120.0,37.0,4.0,0.0 
 08/08  13:00:00,40.32516925033809,23.682355306075685,40.98085150032295,0.01867412265633799,0.1,0.0,0.69,18.0,0.0,1.0,0.0,0.0,120.0,37.0,4.0,0.0 
 08/08  14:00:00,42.36937604585996,23.799241807969786,42.4319513730682,0.018809565315677016,0.1,0.0,0.69,18.0,0.0,1.0,0.0,0.0,120.0,37.0,4.0,0.0 
 08/08  15:00:00,42.035979016933986,23.992160876939586,42.48068763840133,0.019035508808849928,0.1,0.0,0.23,18.0,0.0,1.0,0.0,0.0,120.0,37.0,4.0,0.0 
 08/08  16:00:00,39.559719885702194,24.097882556836797,40.61235684743228,0.019160083286695447,0.1,0.0,0.23,18.0,0.0,1.0,0.0,0.0,120.0,37.0,4.0,0.0 
 08/08  17:00:00,36.489067217710605,24.21271160231927,38.0772526715834,0.019296457037403476,0.1,0.0,0.23,18.0,0.0,1.0,0.0,0.0,120.0,37.0,4.0,0.0 
 08/08  18:00:00,34.07117345012278,24.980224261850267,35.04638393882536,0.020231783983882486,0.75,0.0,0.23,18.0,0.0,1.0,0.0,0.5,120.0,37.0,4.0,0.0 
 08/08  19:00:00,32.481197762566254,25.589182609880044,33.346508165412885,0.02100308596234312,0.75,0.0,0.23,18.0,0.0,1.0,0.0,0.5,80.0,37.0,4.0,0.0 
 08/08  20:00:00,31.1012001109674,20.798777426035905,27.413345703649156,0.015590045571656913,0.9,1.0,0.23,18.0,0.0,1.0,1.0,0.5,80.0,27.0,4.0,0.0 
 08/08  21:00:00,28.40980459580325,19.00799942580704,27.047324906705803,0.013915172273264916,0.9,1.0,1.0,18.0,0.0,1.0,1.0,0.5,80.0,27.0,4.0,0.0 
 08/08  22:00:00,28.144575872625837,18.52454856033792,27.02594746008109,0.013497445672954989,0.9,1,1,18,0,1,1,0.5,80,27,4,0
 08/08  23:00:00,27.879347149448424,18.0410976948688,27.004570013456377,0.013079719072645062,0.9,1.0,1.0,18.0,0.0,1.0,1.0,0.5,80.0,27.0,4.0,0.0 
 08/08  24:00:00,27.555490044056093,17.799276365228547,27.00336801251565,0.012877764238024893,0.95,1.0,1.0,18.0,0.0,1.0,1.0,0.5,80.0,27.0,4.0,0.0 
 08/09  01:00:00,27.079333839831484,19.90118458267405,27.000142659999284,0.014727980765093627,0.98,0.0,0.23,18.0,0.0,1.0,1.0,0.5,80.0,27.0,4.0,0.0 
 08/09  02:00:00,26.841030067777083,21.57974734417145,27.00000631954077,0.016374204934490794,0.98,0.0,0.23,18.0,0.0,1.0,1.0,0.5,80.0,27.0,4.0,0.0 
 08/09  03:00:00,26.648605112511632,22.82544263033664,27.000000820579295,0.0177011626251323,0.98,0.0,0.23,18.0,0.0,1.0,1.0,0.5,80.0,27.0,4.0,0.0 
 08/09  04:00:00,26.421709402266096,23.60103627007954,27.000000449816437,0.018575770081903205,0.98,0.0,0.23,18.0,0.0,1.0,1.0,0.5,80.0,27.0,4.0,0.0 
 08/09  05:00:00,26.249459832029107,24.17983250787315,27.000000029973137,0.019253509335452217,0.98,0.0,0.23,18.0,0.0,1.0,1.0,0.5,80.0,27.0,4.0,0.0 
 08/09  06:00:00,26.213811757009598,24.501655727596503,26.98665591878248,0.019639991247842416,0.98,0.0,0.23,18.0,0.0,1.0,1.0,0.5,80.0,27.0,4.0,0.0 
 08/09  07:00:00,28.941379978713304,23.084815170344825,26.998009072504917,0.017988363878466463,0.85,0.0,0.23,18.0,0.0,1.0,1.0,0.5,80.0,27.0,4.0,0.0 
 08/09  08:00:00,28.67089447649245,23.793360810867444,28.603123558236497,0.018797313926721678,0.65,0.0,0.23,12.0,0.0,1.0,0.0,0.5,80.0,37.0,4.0,0.0 
 08/09  09:00:00,29.176637732335326,23.785651993691825,29.176597079790074,0.018788141443698197,0.1,0.0,0.23,18.0,0.0,1.0,0.0,0.0,120.0,37.0,4.0,0.0 
 08/09  10:00:00,33.4112443492503,23.866033915711583,31.719648848860572,0.018881579343363694,0.1,0.0,0.23,18.0,0.0,1.0,0.0,0.0,120.0,37.0,4.0,0.0 
 08/09  11:00:00,32.72666382935009,23.959162046638543,32.65128308965363,0.018990616888208883,0.1,0.0,0.23,18.0,0.0,1.0,0.0,0.0,120.0,37.0,4.0,0.0 
 08/09  12:00:00,35.03643090450903,24.16188033427648,34.378477780193826,0.01922997402143095,0.1,0.0,0.23,18.0,0.0,1.0,0.0,0.0,120.0,37.0,4.0,0.0 
 08/09  13:00:00,36.29280312190622,24.26367562655309,36.483049050382654,0.019351196561544503,0.1,0.0,0.69,18.0,0.0,1.0,0.0,0.0,120.0,37.0,4.0,0.0 
 08/09  14:00:00,38.43666493655464,24.496346544450844,38.83508519768602,0.019630532461282185,0.1,0.0,0.69,18.0,0.0,1.0,0.0,0.0,120.0,37.0,4.0,0.0 
 08/09  15:00:00,42.51565454603378,24.60215036173924,41.223125941613375,0.019758522416752126,0.1,0.0,0.23,18.0,0.0,1.0,0.0,0.0,120.0,37.0,4.0,0.0 
 08/09  16:00:00,44.81416752972227,24.715658814049327,43.98996825380737,0.019896511316614324,0.1,0.0,0.23,18.0,0.0,1.0,0.0,0.0,120.0,37.0,4.0,0.0 
 08/09  17:00:00,45.64422695615027,24.822541833679093,45.06176795333379,0.0200271968792038,0.1,0.0,0.23,18.0,0.0,1.0,0.0,0.0,120.0,37.0,4.0,0.0 
 08/09  18:00:00,43.16998851497337,24.70469367616629,42.62844757633823,0.019881635946796553,0.75,0.0,0.23,18.0,0.0,1.0,0.0,0.5,120.0,37.0,4.0,0.0 
 08/09  19:00:00,39.251998184902384,24.48932486275058,39.4359993442803,0.019618400904422427,0.75,0.0,0.23,18.0,0.0,1.0,0.0,0.5,80.0,37.0,4.0,0.0 
 08/09  20:00:00,34.89596670066256,18.697883762507324,28.022626759799422,0.013635285190125725,0.9,1.0,0.23,18.0,0.0,1.0,1.0,0.5,80.0,27.0,4.0,0.0 
 08/09  21:00:00,29.095126359198492,16.82092966499529,27.055405850095177,0.012083881634575548,0.9,1.0,1.0,18.0,0.0,1.0,1.0,0.5,80.0,27.0,4.0,0.0 
 08/09  22:00:00,28.650475620259891,16.504269402544274,27.0289022322071835,0.011840545802612639,0.9,1,1,18,0,1,1,0.5,80,27,4,0
 08/09  23:00:00,28.20582488132129,16.187609140093258,27.00239861431919,0.01159720997064973,0.9,1.0,1.0,18.0,0.0,1.0,1.0,0.5,80.0,27.0,4.0,0.0 
 08/09  24:00:00,27.908097687191997,16.18974995523128,27.002602091640195,0.01159835348759067,0.95,1.0,1.0,18.0,0.0,1.0,1.0,0.5,80.0,27.0,4.0,0.0 
 08/10  01:00:00,27.382864007100068,17.623716164444872,27.001195541510917,0.012724826110021435,0.98,0.0,0.23,18.0,0.0,1.0,1.0,0.5,80.0,27.0,4.0,0.0 
 08/10  02:00:00,27.111788430764356,18.868837027184167,27.00006694723614,0.013781990217192277,0.98,0.0,0.23,18.0,0.0,1.0,1.0,0.5,80.0,27.0,4.0,0.0 
 08/10  03:00:00,26.9248713948503,19.6773175173581,27.000003906276692,0.014510035073496198,0.98,0.0,0.23,18.0,0.0,1.0,1.0,0.5,80.0,27.0,4.0,0.0 
 08/10  04:00:00,26.718873744246427,20.093062234978117,27.00000076543533,0.014897373726660269,0.98,0.0,0.23,18.0,0.0,1.0,1.0,0.5,80.0,27.0,4.0,0.0 
 08/10  05:00:00,26.55789273162576,20.33314596384355,27.00000054558713,0.015125166806851002,0.98,0.0,0.23,18.0,0.0,1.0,1.0,0.5,80.0,27.0,4.0,0.0 
 08/10  06:00:00,26.468237248393404,20.546473074432644,27.00000041091255,0.015329994117109067,0.98,0.0,0.23,18.0,0.0,1.0,1.0,0.5,80.0,27.0,4.0,0.0 
 08/10  07:00:00,26.86281530015675,20.622282874792685,27.000000667803196,0.015403134931420981,0.85,0.0,0.23,18.0,0.0,1.0,1.0,0.5,80.0,27.0,4.0,0.0 
 08/10  08:00:00,29.043235372039963,20.96091900807178,28.82598280156383,0.01573521150099826,0.65,0.0,0.23,12.0,0.0,1.0,0.0,0.5,80.0,37.0,4.0,0.0 
 08/10  09:00:00,34.45965766646917,21.041855728935186,32.071567583224194,0.01581503957947633,0.1,0.0,0.23,18.0,0.0,1.0,0.0,0.0,120.0,37.0,4.0,0.0 
 08/10  10:00:00,38.65360066851132,21.165834269375296,37.2919224515335,0.015938536239298827,0.1,0.0,0.23,18.0,0.0,1.0,0.0,0.0,120.0,37.0,4.0,0.0 
 08/10  11:00:00,40.74994048137023,21.302287205761644,39.69902354986048,0.016075348073473522,0.1,0.0,0.23,18.0,0.0,1.0,0.0,0.0,120.0,37.0,4.0,0.0 
 08/10  12:00:00,40.545862510171624,21.425492694738036,40.344203513995545,0.016199887818054405,0.1,0.0,0.23,18.0,0.0,1.0,0.0,0.0,120.0,37.0,4.0,0.0 
 08/10  13:00:00,42.427503576820996,21.55714788290594,42.446831684881744,0.016333797404833615,0.1,0.0,0.69,18.0,0.0,1.0,0.0,0.0,120.0,37.0,4.0,0.0 
 08/10  14:00:00,45.16632368193115,21.690192627153195,44.8526206583697,0.01647014113901003,0.1,0.0,0.69,18.0,0.0,1.0,0.0,0.0,120.0,37.0,4.0,0.0 
 08/10  15:00:00,44.503099033998915,21.902344573467055,45.088016142988344,0.01668991338916896,0.1,0.0,0.23,18.0,0.0,1.0,0.0,0.0,120.0,37.0,4.0,0.0 
 08/10  16:00:00,41.608233995005136,22.026642756552935,42.80050652133933,0.01681971887261352,0.1,0.0,0.23,18.0,0.0,1.0,0.0,0.0,120.0,37.0,4.0,0.0 
 08/10  17:00:00,45.82949834666638,22.147411352459144,44.668000647968526,0.016946690982730633,0.1,0.0,0.23,18.0,0.0,1.0,0.0,0.0,120.0,37.0,4.0,0.0 
 08/10  18:00:00,40.9157079786474,23.405750360184616,41.027629403171034,0.01832899056466209,0.75,0.0,0.23,18.0,0.0,1.0,0.0,0.5,120.0,37.0,4.0,0.0 
 08/10  19:00:00,36.46453210769374,23.905138734321266,37.47605371787661,0.018904892926241867,0.75,0.0,0.23,18.0,0.0,1.0,0.0,0.5,80.0,37.0,4.0,0.0 
 08/10  20:00:00,33.924637548714216,19.11121405799541,27.787449495255668,0.013987034716521449,0.9,1.0,0.23,18.0,0.0,1.0,1.0,0.5,80.0,27.0,4.0,0.0 
 08/10  21:00:00,29.328565129819456,17.927962735075155,27.06550620929717,0.01296603833138277,0.9,1.0,1.0,18.0,0.0,1.0,1.0,0.5,80.0,27.0,4.0,0.0 
 08/10  22:00:00,28.995393103801696,17.8249049355522755,27.0343614302372035,0.0128804219649388405,0.9,1,1,18,0,1,1,0.5,80,27,4,0
 08/10  23:00:00,28.662221077783936,17.721847136029396,27.003216651177237,0.012794805598494911,0.9,1.0,1.0,18.0,0.0,1.0,1.0,0.5,80.0,27.0,4.0,0.0 
 08/10  24:00:00,28.354240562465883,17.76954693462152,27.002785099333952,0.012833479652750935,0.95,1.0,1.0,18.0,0.0,1.0,1.0,0.5,80.0,27.0,4.0,0.0 
 08/11  01:00:00,27.79174630151919,18.840986929851624,27.000227071745073,0.013744779720494512,0.98,0.0,0.23,18.0,0.0,1.0,1.0,0.5,80.0,27.0,4.0,0.0 
 08/11  02:00:00,27.452758425263635,19.95411303238775,27.000018072764572,0.014753326318948488,0.98,0.0,0.23,18.0,0.0,1.0,1.0,0.5,80.0,27.0,4.0,0.0 
 08/11  03:00:00,27.221192407153094,20.69800484042201,27.000002152965077,0.015463899047025984,0.98,0.0,0.23,18.0,0.0,1.0,1.0,0.5,80.0,27.0,4.0,0.0 
 08/11  04:00:00,26.99535481048547,21.169754232030233,27.000000995692055,0.015930124908255208,0.98,0.0,0.23,18.0,0.0,1.0,1.0,0.5,80.0,27.0,4.0,0.0 
 08/11  05:00:00,26.802071250718733,21.53297186472785,27.000000782207024,0.016297372385032927,0.98,0.0,0.23,18.0,0.0,1.0,1.0,0.5,80.0,27.0,4.0,0.0 
 08/11  06:00:00,26.670433311170473,21.869159897466588,27.000000691960615,0.016644188213537997,0.98,0.0,0.23,18.0,0.0,1.0,1.0,0.5,80.0,27.0,4.0,0.0 
 08/11  07:00:00,28.119150200346372,21.5087130907759,27.00000175061035,0.016271226024091118,0.85,0.0,0.23,18.0,0.0,1.0,1.0,0.5,80.0,27.0,4.0,0.0 
 08/11  08:00:00,29.704544148495614,22.397385419412476,29.43707877174925,0.017202116389802107,0.65,0.0,0.23,12.0,0.0,1.0,0.0,0.5,80.0,37.0,4.0,0.0 
 08/11  09:00:00,33.76029738290619,22.44871672719007,32.04623709542478,0.01725667395733879,0.1,0.0,0.23,18.0,0.0,1.0,0.0,0.0,120.0,37.0,4.0,0.0 
 08/11  10:00:00,37.09764866328243,22.560885200115216,35.72615235027155,0.017377099356619456,0.1,0.0,0.23,18.0,0.0,1.0,0.0,0.0,120.0,37.0,4.0,0.0 
 08/11  11:00:00,41.07245490174069,22.804476080461676,39.482091552936446,0.017642473313235353,0.1,0.0,0.23,18.0,0.0,1.0,0.0,0.0,120.0,37.0,4.0,0.0 
 08/11  12:00:00,42.78935739036014,22.92279375566858,42.07188238042624,0.017772315637684548,0.1,0.0,0.23,18.0,0.0,1.0,0.0,0.0,120.0,37.0,4.0,0.0 
 08/11  13:00:00,44.4365006313397,23.046487277881393,44.20929364270652,0.017908829609018576,0.1,0.0,0.69,18.0,0.0,1.0,0.0,0.0,120.0,37.0,4.0,0.0 
 08/11  14:00:00,46.24225253657958,23.168441445977507,46.07897994953774,0.018043416896156253,0.1,0.0,0.69,18.0,0.0,1.0,0.0,0.0,120.0,37.0,4.0,0.0 
 08/11  15:00:00,46.95911423464236,23.277684054530507,46.5345024982546,0.01816474128947615,0.1,0.0,0.23,18.0,0.0,1.0,0.0,0.0,120.0,37.0,4.0,0.0 
 08/11  16:00:00,46.21852214858881,23.465021722014132,46.36154660930702,0.018375531983188947,0.1,0.0,0.23,18.0,0.0,1.0,0.0,0.0,120.0,37.0,4.0,0.0 
 08/11  17:00:00,43.981517487110395,23.574258627943983,44.862699427208526,0.018498674148046308,0.1,0.0,0.23,18.0,0.0,1.0,0.0,0.0,120.0,37.0,4.0,0.0 
 08/11  18:00:00,40.893718381703714,23.87903495187321,41.4730811127877,0.018849642184669804,0.75,0.0,0.23,18.0,0.0,1.0,0.0,0.5,120.0,37.0,4.0,0.0 
 08/11  19:00:00,37.425831962422656,24.205251066946424,38.11443619822136,0.019232104651176512,0.75,0.0,0.23,18.0,0.0,1.0,0.0,0.5,80.0,37.0,4.0,0.0 
 08/11  20:00:00,34.755606576665954,19.010008899595867,27.900990185244087,0.013876718585103922,0.9,1.0,0.23,18.0,0.0,1.0,1.0,0.5,80.0,27.0,4.0,0.0 
 08/11  21:00:00,29.517284143152384,17.269684832740925,27.076436067884934,0.012409270279515737,0.9,1.0,1.0,18.0,0.0,1.0,1.0,0.5,80.0,27.0,4.0,0.0 
 08/11  22:00:00,29.159455381027097,16.8575870227363485,27.0398619912358205,0.0120864430670621525,0.9,1,1,18,0,1,1,0.5,80,27,4,0
 08/11  23:00:00,28.80162661890181,16.445489212731772,27.003287914586707,0.011763615854608568,0.9,1.0,1.0,18.0,0.0,1.0,1.0,0.5,80.0,27.0,4.0,0.0 
 08/11  24:00:00,28.424577300666634,16.26436462853394,27.002690128419538,0.01162492417467653,0.95,1.0,1.0,18.0,0.0,1.0,1.0,0.5,80.0,27.0,4.0,0.0 
 08/12  01:00:00,27.608711598310062,18.135387487875683,27.00114263572467,0.013114882605964266,0.95,0.0,0.23,5.0,0.0,1.0,1.0,0.5,80.0,27.0,4.0,0.0 
 08/12  02:00:00,27.18843990867799,19.56765147701679,27.000057192560046,0.014369900813958,0.95,0.0,0.23,5.0,0.0,1.0,1.0,0.5,80.0,27.0,4.0,0.0 
 08/12  03:00:00,26.87444768077424,20.531034136271625,27.00000226295567,0.015273494382639662,0.95,0.0,0.23,5.0,0.0,1.0,1.0,0.5,80.0,27.0,4.0,0.0 
 08/12  04:00:00,26.593599539870223,21.250745379239607,27.00000025340348,0.015981091265506172,0.95,0.0,0.23,5.0,0.0,1.0,1.0,0.5,80.0,27.0,4.0,0.0 
 08/12  05:00:00,26.303536970045318,21.77581615691348,26.930763834123855,0.016515381617018536,0.95,0.0,0.23,5.0,0.0,1.0,1.0,0.5,80.0,27.0,4.0,0.0 
 08/12  06:00:00,26.19325166672441,22.197991942221382,26.788458114861758,0.01695626754032906,0.95,0.0,0.23,5.0,0.0,1.0,1.0,0.5,80.0,27.0,4.0,0.0 
 08/12  07:00:00,28.660722185327828,21.255820822792312,26.978251895433832,0.015981319872227204,0.95,0.0,0.23,5.0,0.0,1.0,1.0,0.5,80.0,27.0,4.0,0.0 
 08/12  08:00:00,30.87924679422616,18.711973054497186,26.99754270818045,0.013598778218401815,0.95,0.0,0.23,5.0,0.0,1.0,1.0,0.5,80.0,27.0,4.0,0.0 
 08/12  09:00:00,32.685770616695464,16.036901749928287,27.00119159071561,0.011442843587263295,0.95,0.0,0.23,5.0,0.0,1.0,1.0,0.5,80.0,27.0,4.0,0.0 
 08/12  10:00:00,33.83427632839427,14.019139873660032,27.001872899132984,0.010025303807983395,0.6,0.0,0.23,5.0,0.0,1.0,1.0,0.5,80.0,27.0,4.0,0.0 
 08/12  11:00:00,34.4640300896346,13.023837185348054,27.001878136840784,0.00938535288109688,0.6,0.0,0.23,5.0,0.0,1.0,1.0,0.5,80.0,27.0,4.0,0.0 
 08/12  12:00:00,34.42899072314421,12.612343219350699,27.001845686446877,0.009131117540880298,0.6,0.0,0.23,5.0,0.0,1.0,1.0,0.5,80.0,27.0,4.0,0.0 
 08/12  13:00:00,34.35676784031504,12.567083455914714,27.00178208707224,0.00910272057596216,0.6,0.0,0.69,5.0,0.0,1.0,1.0,0.5,80.0,27.0,4.0,0.0 
 08/12  14:00:00,35.30874585221451,12.59547215373438,27.001520183954938,0.009119764480316992,0.6,0.0,0.69,5.0,0.0,1.0,1.0,0.5,80.0,27.0,4.0,0.0 
 08/12  15:00:00,35.719917357890026,12.652805249868566,27.001265223704774,0.009154552709730276,0.6,0.0,0.23,5.0,0.0,1.0,1.0,0.5,80.0,27.0,4.0,0.0 
 08/12  16:00:00,35.09390497136734,12.689594263949594,27.001342561605576,0.00917681234442404,0.6,0.0,0.23,5.0,0.0,1.0,1.0,0.5,80.0,27.0,4.0,0.0 
 08/12  17:00:00,34.16547068759599,12.756040567852699,27.001681398623052,0.00921728875841248,0.6,0.0,0.23,5.0,0.0,1.0,1.0,0.5,80.0,27.0,4.0,0.0 
 08/12  18:00:00,32.41123715028949,13.153543461972498,27.002056409845743,0.009463829701869332,0.6,0.0,0.23,5.0,0.0,1.0,1.0,0.5,80.0,27.0,4.0,0.0 
 08/12  19:00:00,30.769484331730702,13.885351232235696,27.002112124119556,0.009933199427462376,0.9,0.0,0.23,5.0,0.0,1.0,1.0,0.5,80.0,27.0,4.0,0.0 
 08/12  20:00:00,29.259729209841982,14.57334511956938,27.002140583810373,0.010393373892351539,0.9,1.0,0.23,5.0,0.0,1.0,1.0,0.5,80.0,27.0,4.0,0.0 
 08/12  21:00:00,28.857744234531364,15.241742550127244,27.00242255964503,0.010858760112221772,0.9,1.0,1.0,5.0,0.0,1.0,1.0,0.5,80.0,27.0,4.0,0.0 
 08/12  22:00:00,28.645320182030837,15.5073836668764095,27.002435161953335,0.011050272657068081,0.9,1,1,5,0,1,1,0.5,80,27,4,0
 08/12  23:00:00,28.43289612953031,15.773024783625575,27.00244776426164,0.01124178520191439,0.9,1.0,1.0,5.0,0.0,1.0,1.0,0.5,80.0,27.0,4.0,0.0 
 08/12  24:00:00,27.99935853386155,16.067345726735553,27.002403224587447,0.011459049878367968,0.9,1.0,1.0,5.0,0.0,1.0,1.0,0.5,80.0,27.0,4.0,0.0 
 08/13  01:00:00,27.18195531422223,17.719321981506198,27.000659962676714,0.012751088578936216,0.95,0.0,0.23,5.0,0.0,1.0,1.0,0.5,80.0,27.0,4.0,0.0 
 08/13  02:00:00,26.835828131757133,19.64840657724711,27.00001099975943,0.014424831283752456,0.95,0.0,0.23,5.0,0.0,1.0,1.0,0.5,80.0,27.0,4.0,0.0 
 08/13  03:00:00,26.524811719880528,21.354780045140608,26.95123846713073,0.01606755110560271,0.95,0.0,0.23,5.0,0.0,1.0,1.0,0.5,80.0,27.0,4.0,0.0 
 08/13  04:00:00,26.2231815349626,22.42352253377008,26.676272880778363,0.01718060372130638,0.95,0.0,0.23,5.0,0.0,1.0,1.0,0.5,80.0,27.0,4.0,0.0 
 08/13  05:00:00,25.834181324967254,22.34419440278386,26.346589944662785,0.01709529371084734,0.95,0.0,0.23,5.0,0.0,1.0,1.0,0.5,80.0,27.0,4.0,0.0 
 08/13  06:00:00,25.50558705068694,22.566528771956214,26.008968606973554,0.017334026116124016,0.95,0.0,0.23,5.0,0.0,1.0,1.0,0.5,80.0,27.0,4.0,0.0 
 08/13  07:00:00,28.515348064541453,21.817923101366308,26.966484415094722,0.016540701455214198,0.95,0.0,0.23,5.0,0.0,1.0,1.0,0.5,80.0,27.0,4.0,0.0 
 08/13  08:00:00,30.934780899175717,19.015624692012707,27.002108312341868,0.01385372347337561,0.95,0.0,0.23,5.0,0.0,1.0,1.0,0.5,80.0,27.0,4.0,0.0 
 08/13  09:00:00,32.755655711541195,16.050483335815052,27.002370468809804,0.011444525201880074,0.95,0.0,0.23,5.0,0.0,1.0,1.0,0.5,80.0,27.0,4.0,0.0 
 08/13  10:00:00,33.85983456266649,14.004620111590702,27.0022018352863,0.0100091568654977,0.6,0.0,0.23,5.0,0.0,1.0,1.0,0.5,80.0,27.0,4.0,0.0 
 08/13  11:00:00,34.53815033348867,13.05989358331213,27.00198016465738,0.009402455631012436,0.6,0.0,0.23,5.0,0.0,1.0,1.0,0.5,80.0,27.0,4.0,0.0 
 08/13  12:00:00,34.293274578214636,12.65014293516052,27.001913855166045,0.009149619182096598,0.6,0.0,0.23,5.0,0.0,1.0,1.0,0.5,80.0,27.0,4.0,0.0 
 08/13  13:00:00,34.1973454797687,12.381020950549235,27.00188842366817,0.008986917738954648,0.6,0.0,0.69,5.0,0.0,1.0,1.0,0.5,80.0,27.0,4.0,0.0 
 08/13  14:00:00,35.17660577756441,12.130235436217168,27.001686612279315,0.008838166889393387,0.6,0.0,0.69,5.0,0.0,1.0,1.0,0.5,80.0,27.0,4.0,0.0 
 08/13  15:00:00,35.63618733075967,12.139749165638342,27.001463892300436,0.008844319274715094,0.6,0.0,0.23,5.0,0.0,1.0,1.0,0.5,80.0,27.0,4.0,0.0 
 08/13  16:00:00,35.36380835297386,12.139543087973145,27.001425972667658,0.008844641697933859,0.6,0.0,0.23,5.0,0.0,1.0,1.0,0.5,80.0,27.0,4.0,0.0 
 08/13  17:00:00,34.18530028220011,12.1631847993197,27.001737012667025,0.008859155027081497,0.6,0.0,0.23,5.0,0.0,1.0,1.0,0.5,80.0,27.0,4.0,0.0 
 08/13  18:00:00,32.616102439820246,12.327638645321944,27.00207157543938,0.00895749205859529,0.6,0.0,0.23,5.0,0.0,1.0,1.0,0.5,80.0,27.0,4.0,0.0 
 08/13  19:00:00,30.83475520148809,12.909906276011531,27.002064838578452,0.00931206525151832,0.9,0.0,0.23,5.0,0.0,1.0,1.0,0.5,80.0,27.0,4.0,0.0 
 08/13  20:00:00,29.010416771419543,13.645685618077442,27.00199366443202,0.00977805569858378,0.9,1.0,0.23,5.0,0.0,1.0,1.0,0.5,80.0,27.0,4.0,0.0 
 08/13  21:00:00,28.520480670183776,14.153596363100965,27.002313443785955,0.010112006068489063,0.9,1.0,1.0,5.0,0.0,1.0,1.0,0.5,80.0,27.0,4.0,0.0 
 08/13  22:00:00,28.344777005321436,14.422750673462611,27.002317104301186,0.0102944706173392315,0.9,1,1,5,0,1,1,0.5,80,27,4,0
 08/13  23:00:00,28.169073340459096,14.691904983824257,27.002320764816417,0.0104769351661894,0.9,1.0,1.0,5.0,0.0,1.0,1.0,0.5,80.0,27.0,4.0,0.0 
 08/13  24:00:00,27.76548229980892,15.003234649117642,27.00224581612633,0.010693678347078885,0.9,1.0,1.0,5.0,0.0,1.0,1.0,0.5,80.0,27.0,4.0,0.0 
 08/14  01:00:00,26.966156850102326,16.659722956088714,27.000365103012538,0.011913578183474586,0.98,0.0,0.23,18.0,0.0,1.0,1.0,0.5,80.0,27.0,4.0,0.0 
 08/14  02:00:00,26.543120664061497,18.31081243004111,26.92623449997894,0.013251857809951384,0.98,0.0,0.23,18.0,0.0,1.0,1.0,0.5,80.0,27.0,4.0,0.0 
 08/14  03:00:00,26.191892570028656,18.742990308091716,26.597586061886652,0.013624251391737643,0.98,0.0,0.23,18.0,0.0,1.0,1.0,0.5,80.0,27.0,4.0,0.0 
 08/14  04:00:00,25.698735080065116,19.719766222973302,26.126474692628,0.014500084241476044,0.98,0.0,0.23,18.0,0.0,1.0,1.0,0.5,80.0,27.0,4.0,0.0 
 08/14  05:00:00,25.19598468281686,20.058529270067393,25.6790860485881,0.014815923145236803,0.98,0.0,0.23,18.0,0.0,1.0,1.0,0.5,80.0,27.0,4.0,0.0 
 08/14  06:00:00,24.814876426289437,20.007123285111057,25.35411322262783,0.0147686127349103,0.98,0.0,0.23,18.0,0.0,1.0,1.0,0.5,80.0,27.0,4.0,0.0 
 08/14  07:00:00,27.424631047667845,19.622072335209932,26.731001448126563,0.014412831224204127,0.85,0.0,0.23,18.0,0.0,1.0,1.0,0.5,80.0,27.0,4.0,0.0 
 08/14  08:00:00,31.2558691798254,19.51879354604703,29.98161153870788,0.014319217365761715,0.65,0.0,0.23,12.0,0.0,1.0,0.0,0.5,80.0,37.0,4.0,0.0 
 08/14  09:00:00,35.94261378759194,19.632883660723053,34.603896609298225,0.014424348614619276,0.1,0.0,0.23,18.0,0.0,1.0,0.0,0.0,120.0,37.0,4.0,0.0 
 08/14  10:00:00,41.0568911035181,19.896328561076125,39.58306934291138,0.014668604968302381,0.1,0.0,0.23,18.0,0.0,1.0,0.0,0.0,120.0,37.0,4.0,0.0 
 08/14  11:00:00,44.13070962717994,20.03868845604913,43.06481439074,0.014802406936778843,0.1,0.0,0.23,18.0,0.0,1.0,0.0,0.0,120.0,37.0,4.0,0.0 
 08/14  12:00:00,45.80573197482137,20.180733687142858,44.93463854368921,0.014937163454220066,0.1,0.0,0.23,18.0,0.0,1.0,0.0,0.0,120.0,37.0,4.0,0.0 
 08/14  13:00:00,45.003255876854425,20.2950855990652,45.16302065351576,0.015046477510304562,0.1,0.0,0.69,18.0,0.0,1.0,0.0,0.0,120.0,37.0,4.0,0.0 
 08/14  14:00:00,45.13377197288225,20.50646575306779,45.3332114292862,0.01524824405369327,0.1,0.0,0.69,18.0,0.0,1.0,0.0,0.0,120.0,37.0,4.0,0.0 
 08/14  15:00:00,44.03232611111069,20.62911820705676,44.22319342938138,0.015365948794196789,0.1,0.0,0.23,18.0,0.0,1.0,0.0,0.0,120.0,37.0,4.0,0.0 
 08/14  16:00:00,41.2717004568574,20.76858185800759,42.03730300881043,0.015501066830980653,0.1,0.0,0.23,18.0,0.0,1.0,0.0,0.0,120.0,37.0,4.0,0.0 
 08/14  17:00:00,37.57842516697966,20.907491755374938,39.003931508193716,0.015636549022991466,0.1,0.0,0.23,18.0,0.0,1.0,0.0,0.0,120.0,37.0,4.0,0.0 
 08/14  18:00:00,36.25864853160346,21.259964327883623,35.92021035783535,0.015986786814020285,0.75,0.0,0.23,18.0,0.0,1.0,0.0,0.5,120.0,37.0,4.0,0.0 
 08/14  19:00:00,34.244900233155775,21.119504528336737,34.237629767779026,0.01584509125878255,0.75,0.0,0.23,18.0,0.0,1.0,0.0,0.5,80.0,37.0,4.0,0.0 
 08/14  20:00:00,31.157988159847434,17.136983651312384,27.332134478605827,0.012290600494613484,0.9,1.0,0.23,18.0,0.0,1.0,1.0,0.5,80.0,27.0,4.0,0.0 
 08/14  21:00:00,27.854273481577355,15.695285672385616,27.027248244817475,0.011192295697247938,0.9,1.0,1.0,18.0,0.0,1.0,1.0,0.5,80.0,27.0,4.0,0.0 
 08/14  22:00:00,27.4223307758211425,15.154045523321665,27.0149358089787165,0.010809263102491964,0.9,1,1,18,0,1,1,0.5,80,27,4,0
 08/14  23:00:00,26.99038807006493,14.612805374257714,27.002623373139958,0.01042623050773599,0.9,1.0,1.0,18.0,0.0,1.0,1.0,0.5,80.0,27.0,4.0,0.0 
 08/14  24:00:00,26.589673927896214,14.28148760579561,27.001901314807927,0.010201027942819475,0.95,1.0,1.0,18.0,0.0,1.0,1.0,0.5,80.0,27.0,4.0,0.0 
 08/15  01:00:00,25.894862877430462,15.372891266631399,26.3828760577929,0.01095678906572053,0.98,0.0,0.23,18.0,0.0,1.0,1.0,0.5,80.0,27.0,4.0,0.0 
 08/15  02:00:00,25.257199765829775,15.995390097687526,25.87626988591431,0.011410020527009117,0.98,0.0,0.23,18.0,0.0,1.0,1.0,0.5,80.0,27.0,4.0,0.0 
 08/15  03:00:00,24.73710152532918,16.71632370098536,25.441241412180652,0.011956131004724231,0.98,0.0,0.23,18.0,0.0,1.0,1.0,0.5,80.0,27.0,4.0,0.0 
 08/15  04:00:00,24.33216137994393,18.057745056710328,24.851442821579745,0.013035560675024805,0.98,0.0,0.23,18.0,0.0,1.0,1.0,0.5,80.0,27.0,4.0,0.0 
 08/15  05:00:00,23.887022294880126,18.882321348922506,24.484008897123687,0.013741483325894324,0.98,0.0,0.23,18.0,0.0,1.0,1.0,0.5,80.0,27.0,4.0,0.0 
 08/15  06:00:00,23.64802551209487,19.356404560565704,24.24187430081625,0.014162523019874999,0.98,0.0,0.23,18.0,0.0,1.0,1.0,0.5,80.0,27.0,4.0,0.0 
 08/15  07:00:00,26.860270271103467,19.63213058899448,26.309712689732002,0.014412254055589609,0.85,0.0,0.23,18.0,0.0,1.0,1.0,0.5,80.0,27.0,4.0,0.0 
 08/15  08:00:00,30.872593877638796,19.94218784771324,29.10302548281068,0.014698070728797401,0.65,0.0,0.23,12.0,0.0,1.0,0.0,0.5,80.0,37.0,4.0,0.0 
 08/15  09:00:00,35.164281520655834,20.0377289948631,34.08579664988295,0.014786496364796115,0.1,0.0,0.23,18.0,0.0,1.0,0.0,0.0,120.0,37.0,4.0,0.0 
 08/15  10:00:00,39.63379116468505,20.183568616773865,38.00925389171505,0.014923025762102603,0.1,0.0,0.23,18.0,0.0,1.0,0.0,0.0,120.0,37.0,4.0,0.0 
 08/15  11:00:00,43.18647661418535,20.328933364392505,41.922271152391666,0.015060084594195656,0.1,0.0,0.23,18.0,0.0,1.0,0.0,0.0,120.0,37.0,4.0,0.0 
 08/15  12:00:00,44.541185845701555,20.46995851825431,43.74084421647599,0.015194105949758296,0.1,0.0,0.23,18.0,0.0,1.0,0.0,0.0,120.0,37.0,4.0,0.0 
 08/15  13:00:00,44.876471938209896,20.604900853287194,45.03693611822963,0.01532346575444775,0.1,0.0,0.69,18.0,0.0,1.0,0.0,0.0,120.0,37.0,4.0,0.0 
 08/15  14:00:00,46.70795569206524,20.741233364040834,46.459657169170264,0.01545611422835728,0.1,0.0,0.69,18.0,0.0,1.0,0.0,0.0,120.0,37.0,4.0,0.0 
 08/15  15:00:00,46.90813336814477,20.963328183672058,46.75811130089248,0.015674167347820674,0.1,0.0,0.23,18.0,0.0,1.0,0.0,0.0,120.0,37.0,4.0,0.0 
 08/15  16:00:00,47.25269002878679,21.23622466100538,46.92586690488901,0.015946060038293488,0.1,0.0,0.23,18.0,0.0,1.0,0.0,0.0,120.0,37.0,4.0,0.0 
 08/15  17:00:00,45.71767688891808,21.34517437407323,45.83962434641721,0.01605589095003196,0.1,0.0,0.23,18.0,0.0,1.0,0.0,0.0,120.0,37.0,4.0,0.0 
 08/15  18:00:00,43.26327377578303,21.330949108412504,42.595425915502354,0.01604169588305506,0.75,0.0,0.23,18.0,0.0,1.0,0.0,0.5,120.0,37.0,4.0,0.0 
 08/15  19:00:00,39.36123295906828,21.07421928831919,39.26547237605358,0.015784717998958055,0.75,0.0,0.23,18.0,0.0,1.0,0.0,0.5,80.0,37.0,4.0,0.0 
 08/15  20:00:00,34.90484939883606,16.03843228628086,27.804288840562435,0.01143555664797123,0.9,1.0,0.23,18.0,0.0,1.0,1.0,0.5,80.0,27.0,4.0,0.0 
 08/15  21:00:00,28.839800810355545,14.941895137183531,27.05144382543343,0.010645528607505093,0.9,1.0,1.0,18.0,0.0,1.0,1.0,0.5,80.0,27.0,4.0,0.0 
 08/15  22:00:00,28.321303553901691,14.746809273784603,27.026897388344897,0.010511028990401306,0.9,1,1,18,0,1,1,0.5,80,27,4,0
 08/15  23:00:00,27.802806297447837,14.551723410385675,27.002350951256364,0.010376529373297519,0.9,1.0,1.0,18.0,0.0,1.0,1.0,0.5,80.0,27.0,4.0,0.0 
 08/15  24:00:00,27.268388372553908,14.490053652298773,27.00232304613384,0.010334662083671994,0.95,1.0,1.0,18.0,0.0,1.0,1.0,0.5,80.0,27.0,4.0,0.0 
 08/16  01:00:00,26.525228054792667,16.259365033012244,26.983467130764524,0.011601452222352438,0.98,0.0,0.23,18.0,0.0,1.0,1.0,0.5,80.0,27.0,4.0,0.0 
 08/16  02:00:00,26.16729205040174,17.186017139782734,26.62234363393469,0.012319118598409375,0.98,0.0,0.23,18.0,0.0,1.0,1.0,0.5,80.0,27.0,4.0,0.0 
 08/16  03:00:00,25.64770325048302,18.562142496143313,26.12111324037692,0.013458580114243668,0.98,0.0,0.23,18.0,0.0,1.0,1.0,0.5,80.0,27.0,4.0,0.0 
 08/16  04:00:00,25.159284681458107,18.985850371219232,25.684267502657207,0.013828125928112337,0.98,0.0,0.23,18.0,0.0,1.0,1.0,0.5,80.0,27.0,4.0,0.0 
 08/16  05:00:00,24.739365171686828,19.231478512532025,25.307662716560834,0.014046575220931737,0.98,0.0,0.23,18.0,0.0,1.0,1.0,0.5,80.0,27.0,4.0,0.0 
 08/16  06:00:00,24.442904352747217,19.63110538775991,25.01087286050732,0.014408394040997377,0.98,0.0,0.23,18.0,0.0,1.0,1.0,0.5,80.0,27.0,4.0,0.0 
 08/16  07:00:00,25.541610403805024,19.8111722654687,25.69196440895367,0.014574299975968067,0.85,0.0,0.23,18.0,0.0,1.0,1.0,0.5,80.0,27.0,4.0,0.0 
 08/16  08:00:00,29.238804801597368,19.894580825324272,27.88622029770226,0.014651811248146098,0.65,0.0,0.23,12.0,0.0,1.0,0.0,0.5,80.0,37.0,4.0,0.0 
 08/16  09:00:00,33.30835392570847,19.98489206339338,32.19830352229138,0.014736143178556352,0.1,0.0,0.23,18.0,0.0,1.0,0.0,0.0,120.0,37.0,4.0,0.0 
 08/16  10:00:00,37.84811899245287,20.208485748027112,36.21901253751396,0.014946595316585508,0.1,0.0,0.23,18.0,0.0,1.0,0.0,0.0,120.0,37.0,4.0,0.0 
 08/16  11:00:00,40.1558855107816,20.347759788354736,39.32815255040795,0.015078954432653509,0.1,0.0,0.23,18.0,0.0,1.0,0.0,0.0,120.0,37.0,4.0,0.0 
 08/16  12:00:00,42.481253381186946,20.486935193033386,41.35398758984047,0.015212429264942425,0.1,0.0,0.23,18.0,0.0,1.0,0.0,0.0,120.0,37.0,4.0,0.0 
 08/16  13:00:00,43.42015528534953,20.781029823055672,43.68136933888056,0.015497815668786129,0.1,0.0,0.69,18.0,0.0,1.0,0.0,0.0,120.0,37.0,4.0,0.0 
 08/16  14:00:00,46.283026606207606,21.070260300694322,45.918709747451196,0.015784628688569165,0.1,0.0,0.69,18.0,0.0,1.0,0.0,0.0,120.0,37.0,4.0,0.0 
 08/16  15:00:00,48.68807438237192,21.19265474919603,47.748445236179194,0.015908532393092818,0.1,0.0,0.23,18.0,0.0,1.0,0.0,0.0,120.0,37.0,4.0,0.0 
 08/16  16:00:00,49.472405379577125,21.322298024216742,48.968347571925264,0.016040466038075872,0.1,0.0,0.23,18.0,0.0,1.0,0.0,0.0,120.0,37.0,4.0,0.0 
 08/16  17:00:00,48.78182806413832,21.536858579141636,48.835560183465084,0.01626007895413281,0.1,0.0,0.23,18.0,0.0,1.0,0.0,0.0,120.0,37.0,4.0,0.0 
 08/16  18:00:00,45.96494601404593,21.784714117809393,45.145492203747615,0.016516700190880033,0.75,0.0,0.23,18.0,0.0,1.0,0.0,0.5,120.0,37.0,4.0,0.0 
 08/16  19:00:00,41.46600542765619,21.659013039092045,41.350315296207675,0.01638877778135485,0.75,0.0,0.23,18.0,0.0,1.0,0.0,0.5,80.0,37.0,4.0,0.0 
 08/16  20:00:00,36.65050371537107,16.26145687895859,28.105399787626414,0.011612753147640324,0.9,1.0,0.23,18.0,0.0,1.0,1.0,0.5,80.0,27.0,4.0,0.0 
 08/16  21:00:00,29.351636779424748,14.971779976016236,27.05541485949727,0.010676829161404174,0.9,1.0,1.0,18.0,0.0,1.0,1.0,0.5,80.0,27.0,4.0,0.0 
 08/16  22:00:00,28.7750627450217975,14.741927175295903,27.0288154455299085,0.0105187071695848495,0.9,1,1,18,0,1,1,0.5,80,27,4,0
 08/16  23:00:00,28.198488710618847,14.51207437457557,27.002216031562547,0.010360585177765525,0.9,1.0,1.0,18.0,0.0,1.0,1.0,0.5,80.0,27.0,4.0,0.0 
 08/16  24:00:00,27.698719308264902,14.392374458686769,27.002188237603214,0.01028050023864572,0.95,1.0,1.0,18.0,0.0,1.0,1.0,0.5,80.0,27.0,4.0,0.0 
 08/17  01:00:00,26.878820727080853,15.787579969521662,27.000322657534067,0.011266200949979606,0.98,0.0,0.23,18.0,0.0,1.0,1.0,0.5,80.0,27.0,4.0,0.0 
 08/17  02:00:00,26.484388231169053,17.314214186993258,26.91768469220088,0.012439686988153285,0.98,0.0,0.23,18.0,0.0,1.0,1.0,0.5,80.0,27.0,4.0,0.0 
 08/17  03:00:00,26.1335182971435,17.866782916961416,26.597776719612263,0.012891616039653352,0.98,0.0,0.23,18.0,0.0,1.0,1.0,0.5,80.0,27.0,4.0,0.0 
 08/17  04:00:00,25.62949528584402,19.079348916328513,26.118229262196138,0.013934001870114968,0.98,0.0,0.23,18.0,0.0,1.0,1.0,0.5,80.0,27.0,4.0,0.0 
 08/17  05:00:00,25.134016599590456,19.676008047508095,25.689579548400985,0.01447494792476855,0.98,0.0,0.23,18.0,0.0,1.0,1.0,0.5,80.0,27.0,4.0,0.0 
 08/17  06:00:00,24.764207944399125,19.9941390105006,25.365545421630415,0.0147718978246388,0.98,0.0,0.23,18.0,0.0,1.0,1.0,0.5,80.0,27.0,4.0,0.0 
 08/17  07:00:00,27.703912843915596,19.765947955113937,26.79131930572934,0.01456099336046639,0.85,0.0,0.23,18.0,0.0,1.0,1.0,0.5,80.0,27.0,4.0,0.0 
 08/17  08:00:00,28.052517429710292,19.98167239489187,27.821115859969343,0.014763372370596576,0.65,0.0,0.23,12.0,0.0,1.0,0.0,0.5,80.0,37.0,4.0,0.0 
 08/17  09:00:00,31.466342289014634,20.056213010498457,30.406915554004925,0.014834823974527995,0.1,0.0,0.23,18.0,0.0,1.0,0.0,0.0,120.0,37.0,4.0,0.0 
 08/17  10:00:00,36.36532093282461,20.165199343174486,34.1897672737964,0.014939309426633757,0.1,0.0,0.23,18.0,0.0,1.0,0.0,0.0,120.0,37.0,4.0,0.0 
 08/17  11:00:00,38.569453996945256,20.307510192144765,37.6262149745875,0.015076077800061037,0.1,0.0,0.23,18.0,0.0,1.0,0.0,0.0,120.0,37.0,4.0,0.0 
 08/17  12:00:00,39.254007526039565,20.441075635179896,38.601237639143335,0.015205719205479858,0.1,0.0,0.23,18.0,0.0,1.0,0.0,0.0,120.0,37.0,4.0,0.0 
 08/17  13:00:00,39.127448790658526,20.568746513193382,39.585919826910974,0.015330502477306801,0.1,0.0,0.69,18.0,0.0,1.0,0.0,0.0,120.0,37.0,4.0,0.0 
 08/17  14:00:00,40.95603875442164,20.702292780215558,40.99349224265629,0.015459743895927427,0.1,0.0,0.69,18.0,0.0,1.0,0.0,0.0,120.0,37.0,4.0,0.0 
 08/17  15:00:00,44.0208220939122,20.83890507040807,42.77645022875894,0.015593140097823595,0.1,0.0,0.23,18.0,0.0,1.0,0.0,0.0,120.0,37.0,4.0,0.0 
 08/17  16:00:00,45.624611949026075,20.976412221410072,44.99074417470407,0.01572830101461157,0.1,0.0,0.23,18.0,0.0,1.0,0.0,0.0,120.0,37.0,4.0,0.0 
 08/17  17:00:00,46.34233888676841,21.104062075327217,45.779114215875,0.015854669478081417,0.1,0.0,0.23,18.0,0.0,1.0,0.0,0.0,120.0,37.0,4.0,0.0 
 08/17  18:00:00,44.18455186369551,21.517852993741467,43.15107332603202,0.01627211423091715,0.75,0.0,0.23,18.0,0.0,1.0,0.0,0.5,120.0,37.0,4.0,0.0 
 08/17  19:00:00,39.92478842994016,21.475002686642487,39.71507868239061,0.01622786470635699,0.75,0.0,0.23,18.0,0.0,1.0,0.0,0.5,80.0,37.0,4.0,0.0 
 08/17  20:00:00,35.20938699831454,16.56789202687899,27.87487431457966,0.011864211810278861,0.9,1.0,0.23,18.0,0.0,1.0,1.0,0.5,80.0,27.0,4.0,0.0 
 08/17  21:00:00,28.724374805043013,15.37537381865302,27.05539832451228,0.010977718727757976,0.9,1.0,1.0,18.0,0.0,1.0,1.0,0.5,80.0,27.0,4.0,0.0 
 08/17  22:00:00,28.1442204453044945,15.1919712555549,27.0288343166393535,0.010847342763291325,0.9,1,1,18,0,1,1,0.5,80,27,4,0
 08/17  23:00:00,27.564066085565976,15.00856869245678,27.002270308766427,0.010716966798824674,0.9,1.0,1.0,18.0,0.0,1.0,1.0,0.5,80.0,27.0,4.0,0.0 
 08/17  24:00:00,27.016776336645545,14.946606134210873,27.002129511128754,0.010673222149614808,0.95,1.0,1.0,18.0,0.0,1.0,1.0,0.5,80.0,27.0,4.0,0.0 
 08/18  01:00:00,26.2107015239103,15.83696284049082,26.6493058553943,0.011311647038770236,0.98,0.0,0.23,18.0,0.0,1.0,1.0,0.5,80.0,27.0,4.0,0.0 
 08/18  02:00:00,25.665706268178397,16.872978998331444,26.10220370587148,0.012098154588324838,0.98,0.0,0.23,18.0,0.0,1.0,1.0,0.5,80.0,27.0,4.0,0.0 
 08/18  03:00:00,25.14082408328961,17.463096519802004,25.6263920509425,0.01256769746676082,0.98,0.0,0.23,18.0,0.0,1.0,1.0,0.5,80.0,27.0,4.0,0.0 
 08/18  04:00:00,24.664282891639694,17.982481931610774,25.19624983767065,0.012994264840960026,0.98,0.0,0.23,18.0,0.0,1.0,1.0,0.5,80.0,27.0,4.0,0.0 
 08/18  05:00:00,24.238042170559723,18.416248999977864,24.790501968204644,0.013360352591196698,0.98,0.0,0.23,18.0,0.0,1.0,1.0,0.5,80.0,27.0,4.0,0.0 
 08/18  06:00:00,23.90589711677351,18.85495172984258,24.498841994576278,0.013740022959595989,0.98,0.0,0.23,18.0,0.0,1.0,1.0,0.5,80.0,27.0,4.0,0.0 
 08/18  07:00:00,28.008206191456527,18.78782263179805,26.647360994266847,0.013680803815392691,0.85,0.0,0.23,18.0,0.0,1.0,1.0,0.5,80.0,27.0,4.0,0.0 
 08/18  08:00:00,31.234482912750522,19.2412907627077,30.205565087624002,0.014081888688096691,0.65,0.0,0.23,12.0,0.0,1.0,0.0,0.5,80.0,37.0,4.0,0.0 
 08/18  09:00:00,34.150531752274915,19.338158799963335,33.17191025759453,0.014168474558638601,0.1,0.0,0.23,18.0,0.0,1.0,0.0,0.0,120.0,37.0,4.0,0.0 
 08/18  10:00:00,39.548707751435714,19.47736090870235,37.55725656618311,0.014294137046055897,0.1,0.0,0.23,18.0,0.0,1.0,0.0,0.0,120.0,37.0,4.0,0.0 
 08/18  11:00:00,42.2535852004505,19.628373553558145,41.249896035020484,0.01443148618202356,0.1,0.0,0.23,18.0,0.0,1.0,0.0,0.0,120.0,37.0,4.0,0.0 
 08/18  12:00:00,44.23413368826133,19.775505828529123,43.31073921109837,0.014566432490524047,0.1,0.0,0.23,18.0,0.0,1.0,0.0,0.0,120.0,37.0,4.0,0.0 
 08/18  13:00:00,44.75097884442099,19.91795853574058,44.818749617123935,0.014698148215333186,0.1,0.0,0.69,18.0,0.0,1.0,0.0,0.0,120.0,37.0,4.0,0.0 
 08/18  14:00:00,45.03795279000977,20.046385022037537,45.29402953213043,0.014818657017857017,0.1,0.0,0.69,18.0,0.0,1.0,0.0,0.0,120.0,37.0,4.0,0.0 
 08/18  15:00:00,43.624923491911254,20.184583355208577,43.94231975105812,0.01494930733039072,0.1,0.0,0.23,18.0,0.0,1.0,0.0,0.0,120.0,37.0,4.0,0.0 
 08/18  16:00:00,42.49446793426726,20.48434350491711,42.77110057059325,0.015235910411938372,0.1,0.0,0.23,18.0,0.0,1.0,0.0,0.0,120.0,37.0,4.0,0.0 
 08/18  17:00:00,38.230070154619405,20.616271698945813,39.797361250406325,0.015363630899027961,0.1,0.0,0.23,18.0,0.0,1.0,0.0,0.0,120.0,37.0,4.0,0.0 
 08/18  18:00:00,34.790758791758506,21.413489711861832,35.52460619675294,0.016155535084395805,0.75,0.0,0.23,18.0,0.0,1.0,0.0,0.5,120.0,37.0,4.0,0.0 
 08/18  19:00:00,31.93725545338625,21.503159090918537,32.84067792503338,0.01624716733418742,0.75,0.0,0.23,18.0,0.0,1.0,0.0,0.5,80.0,37.0,4.0,0.0 
 08/18  20:00:00,30.3620261818314,18.253784924681433,27.220271146956826,0.013219687023045983,0.9,1.0,0.23,18.0,0.0,1.0,1.0,0.5,80.0,27.0,4.0,0.0 
 08/18  21:00:00,27.907677369961092,15.94943044793906,27.001387508223235,0.011391228582844967,0.9,1.0,1.0,18.0,0.0,1.0,1.0,0.5,80.0,27.0,4.0,0.0 
 08/18  22:00:00,27.576187392019424,15.622951725885118,27.0017853265289015,0.0111538129496862195,0.9,1,1,18,0,1,1,0.5,80,27,4,0
 08/18  23:00:00,27.244697414077756,15.296473003831176,27.002183144834568,0.010916397316527472,0.9,1.0,1.0,18.0,0.0,1.0,1.0,0.5,80.0,27.0,4.0,0.0 
 08/18  24:00:00,26.860306262878314,15.551390461811314,27.002011407560826,0.01109992874882181,0.95,1.0,1.0,18.0,0.0,1.0,1.0,0.5,80.0,27.0,4.0,0.0 
 08/19  01:00:00,26.138169459135806,16.74312129241968,26.585293435212947,0.011994584869039973,0.95,0.0,0.23,5.0,0.0,1.0,1.0,0.5,80.0,27.0,4.0,0.0 
 08/19  02:00:00,25.60945325684544,17.99418610716288,26.055517512464576,0.013002588103888088,0.95,0.0,0.23,5.0,0.0,1.0,1.0,0.5,80.0,27.0,4.0,0.0 
 08/19  03:00:00,25.088812815235137,18.487973734531128,25.594001253888244,0.013421182184652304,0.95,0.0,0.23,5.0,0.0,1.0,1.0,0.5,80.0,27.0,4.0,0.0 
 08/19  04:00:00,24.58490712915044,18.54214861917767,25.13866434471197,0.013468080614789794,0.95,0.0,0.23,5.0,0.0,1.0,1.0,0.5,80.0,27.0,4.0,0.0 
 08/19  05:00:00,24.179004765176224,18.599595362371787,24.760945077269376,0.013517956340144684,0.95,0.0,0.23,5.0,0.0,1.0,1.0,0.5,80.0,27.0,4.0,0.0 
 08/19  06:00:00,23.877362216976607,18.8741127286406,24.485142883774696,0.013757407535673158,0.95,0.0,0.23,5.0,0.0,1.0,1.0,0.5,80.0,27.0,4.0,0.0 
 08/19  07:00:00,26.62256542327504,19.192707481099827,26.2678741554674,0.014040208033400947,0.95,0.0,0.23,5.0,0.0,1.0,1.0,0.5,80.0,27.0,4.0,0.0 
 08/19  08:00:00,32.0453752915916,18.601860639955902,26.99099716608039,0.013520601315694731,0.95,0.0,0.23,5.0,0.0,1.0,1.0,0.5,80.0,27.0,4.0,0.0 
 08/19  09:00:00,32.816492732925816,15.750137821225163,27.001920956578715,0.011246804634825714,0.95,0.0,0.23,5.0,0.0,1.0,1.0,0.5,80.0,27.0,4.0,0.0 
 08/19  10:00:00,34.266837409331345,13.296608162755435,27.002045613243695,0.009572036492982362,0.6,0.0,0.23,5.0,0.0,1.0,1.0,0.5,80.0,27.0,4.0,0.0 
 08/19  11:00:00,34.0674193327332,12.275570225609897,27.002012685793158,0.008943676694049697,0.6,0.0,0.23,5.0,0.0,1.0,1.0,0.5,80.0,27.0,4.0,0.0 
 08/19  12:00:00,33.848898237059664,12.137373871894033,27.002072775362556,0.008861698231357788,0.6,0.0,0.23,5.0,0.0,1.0,1.0,0.5,80.0,27.0,4.0,0.0 
 08/19  13:00:00,33.172514514023106,12.130434498918001,27.002139910738315,0.008857769114893456,0.6,0.0,0.69,5.0,0.0,1.0,1.0,0.5,80.0,27.0,4.0,0.0 
 08/19  14:00:00,33.725735966128745,12.176099844195019,27.002174898578595,0.008883937129536036,0.6,0.0,0.69,5.0,0.0,1.0,1.0,0.5,80.0,27.0,4.0,0.0 
 08/19  15:00:00,33.07127327191604,12.238332259516294,27.00218943500146,0.008920035462350121,0.6,0.0,0.23,5.0,0.0,1.0,1.0,0.5,80.0,27.0,4.0,0.0 
 08/19  16:00:00,32.08028269551409,12.56828858819333,27.002203252779722,0.009117565407245162,0.6,0.0,0.23,5.0,0.0,1.0,1.0,0.5,80.0,27.0,4.0,0.0 
 08/19  17:00:00,30.47098840517461,13.21062197274884,27.00196815706853,0.009514270958270286,0.6,0.0,0.23,5.0,0.0,1.0,1.0,0.5,80.0,27.0,4.0,0.0 
 08/19  18:00:00,28.846327022682743,14.379911369802208,27.001389666969835,0.010277150874018506,0.6,0.0,0.23,5.0,0.0,1.0,1.0,0.5,80.0,27.0,4.0,0.0 
 08/19  19:00:00,28.23429965938581,15.577117856265351,27.00118397910071,0.011114652917675829,0.9,0.0,0.23,5.0,0.0,1.0,1.0,0.5,80.0,27.0,4.0,0.0 
 08/19  20:00:00,27.62663155054206,16.04542640287441,27.001692086958844,0.011457864991557267,0.9,1.0,0.23,5.0,0.0,1.0,1.0,0.5,80.0,27.0,4.0,0.0 
 08/19  21:00:00,27.204932348348173,15.681001788017513,27.002221790267892,0.01118797180328192,0.9,1.0,1.0,5.0,0.0,1.0,1.0,0.5,80.0,27.0,4.0,0.0 
 08/19  22:00:00,27.0389677523737325,15.4698556550057055,27.002151271002633,0.0110352620302324345,0.9,1,1,5,0,1,1,0.5,80,27,4,0
 08/19  23:00:00,26.873003156399292,15.258709521993898,27.002080751737374,0.010882552257182949,0.9,1.0,1.0,5.0,0.0,1.0,1.0,0.5,80.0,27.0,4.0,0.0 
 08/19  24:00:00,26.55860991662982,15.299543472816312,27.00188537383312,0.010910547005167909,0.9,1.0,1.0,5.0,0.0,1.0,1.0,0.5,80.0,27.0,4.0,0.0 
 08/20  01:00:00,25.91572281927589,16.632879621648375,26.39716490580166,0.011897320147388162,0.95,0.0,0.23,5.0,0.0,1.0,1.0,0.5,80.0,27.0,4.0,0.0 
 08/20  02:00:00,25.30997342048144,17.336505584791823,25.88536094531679,0.012449778599595396,0.95,0.0,0.23,5.0,0.0,1.0,1.0,0.5,80.0,27.0,4.0,0.0 
 08/20  03:00:00,24.787399009780007,17.79587737741707,25.435189493705764,0.012822331579729427,0.95,0.0,0.23,5.0,0.0,1.0,1.0,0.5,80.0,27.0,4.0,0.0 
 08/20  04:00:00,24.308134136696935,18.41843934206642,24.815890146117948,0.013343695878522301,0.95,0.0,0.23,5.0,0.0,1.0,1.0,0.5,80.0,27.0,4.0,0.0 
 08/20  05:00:00,23.871844212867096,18.552800682819502,24.456578908026152,0.01345761757415136,0.95,0.0,0.23,5.0,0.0,1.0,1.0,0.5,80.0,27.0,4.0,0.0 
 08/20  06:00:00,23.569438255367487,18.58124607722628,24.166151842854212,0.013480771444641883,0.95,0.0,0.23,5.0,0.0,1.0,1.0,0.5,80.0,27.0,4.0,0.0 
 08/20  07:00:00,24.41573668874597,18.5835603782317,24.712932553317202,0.013481403124690667,0.95,0.0,0.23,5.0,0.0,1.0,1.0,0.5,80.0,27.0,4.0,0.0 
 08/20  08:00:00,26.73469540689139,18.60217609176014,26.31175950178671,0.013496103954381158,0.95,0.0,0.23,5.0,0.0,1.0,1.0,0.5,80.0,27.0,4.0,0.0 
 08/20  09:00:00,31.222253578118032,17.74931765984677,26.988995216516457,0.01277623606686756,0.95,0.0,0.23,5.0,0.0,1.0,1.0,0.5,80.0,27.0,4.0,0.0 
 08/20  10:00:00,32.34119377091435,15.023561731900019,27.002036415773738,0.010703395490252628,0.6,0.0,0.23,5.0,0.0,1.0,1.0,0.5,80.0,27.0,4.0,0.0 
 08/20  11:00:00,33.56864234587008,12.73842513506267,27.002227265458995,0.009203810202469583,0.6,0.0,0.23,5.0,0.0,1.0,1.0,0.5,80.0,27.0,4.0,0.0 
 08/20  12:00:00,33.73915680470927,11.758305064793777,27.002169065937775,0.008620021028820982,0.6,0.0,0.23,5.0,0.0,1.0,1.0,0.5,80.0,27.0,4.0,0.0 
 08/20  13:00:00,33.53508804176345,11.705052417358594,27.00213442163771,0.008588458948613839,0.6,0.0,0.69,5.0,0.0,1.0,1.0,0.5,80.0,27.0,4.0,0.0 
 08/20  14:00:00,34.720808080616806,11.890473037203042,27.001977215466724,0.008697338440327294,0.6,0.0,0.69,5.0,0.0,1.0,1.0,0.5,80.0,27.0,4.0,0.0 
 08/20  15:00:00,34.91224893882277,11.903443546325324,27.001823794439765,0.008706552241961235,0.6,0.0,0.23,5.0,0.0,1.0,1.0,0.5,80.0,27.0,4.0,0.0 
 08/20  16:00:00,34.835628348380084,11.808992098824575,27.001784596153914,0.008653329468837173,0.6,0.0,0.23,5.0,0.0,1.0,1.0,0.5,80.0,27.0,4.0,0.0 
 08/20  17:00:00,34.4362963726424,11.762020003212488,27.001860377508088,0.008627710024276938,0.6,0.0,0.23,5.0,0.0,1.0,1.0,0.5,80.0,27.0,4.0,0.0 
 08/20  18:00:00,32.82896018375384,12.104974615648542,27.002074975721108,0.008829647272335837,0.6,0.0,0.23,5.0,0.0,1.0,1.0,0.5,80.0,27.0,4.0,0.0 
 08/20  19:00:00,30.691896573740998,12.85388929452347,27.002001174834255,0.009283340219879768,0.9,0.0,0.23,5.0,0.0,1.0,1.0,0.5,80.0,27.0,4.0,0.0 
 08/20  20:00:00,28.52969138194012,14.257721969830461,27.001816103418033,0.010188672141541375,0.9,1.0,0.23,5.0,0.0,1.0,1.0,0.5,80.0,27.0,4.0,0.0 
 08/20  21:00:00,27.968681752390108,15.047005961511802,27.002226167541274,0.010732710513589906,0.9,1.0,1.0,5.0,0.0,1.0,1.0,0.5,80.0,27.0,4.0,0.0 
 08/20  22:00:00,27.808119787017389,15.263091246808871,27.0023269881887685,0.01088759531257097,0.9,1,1,5,0,1,1,0.5,80,27,4,0
 08/20  23:00:00,27.64755782164467,15.47917653210594,27.002427808836263,0.011042480111552034,0.9,1.0,1.0,5.0,0.0,1.0,1.0,0.5,80.0,27.0,4.0,0.0 
 08/20  24:00:00,27.295898388635933,15.743392787474825,27.00239807215782,0.01123663823278817,0.9,1.0,1.0,5.0,0.0,1.0,1.0,0.5,80.0,27.0,4.0,0.0 
 08/21  01:00:00,26.68700895500204,17.54399438032261,27.000037027656226,0.012631972613339933,0.98,0.0,0.23,18.0,0.0,1.0,1.0,0.5,80.0,27.0,4.0,0.0 
 08/21  02:00:00,26.370578858277266,19.249276630028337,26.97127891957835,0.014092917083328323,0.98,0.0,0.23,18.0,0.0,1.0,1.0,0.5,80.0,27.0,4.0,0.0 
 08/21  03:00:00,26.111088924899722,20.648945576158763,26.768532352083533,0.015404300102201163,0.98,0.0,0.23,18.0,0.0,1.0,1.0,0.5,80.0,27.0,4.0,0.0 
 08/21  04:00:00,25.81951016541021,20.840034125758173,26.499830053015106,0.015594250389303344,0.98,0.0,0.23,18.0,0.0,1.0,1.0,0.5,80.0,27.0,4.0,0.0 
 08/21  05:00:00,25.45779666319742,21.540280237653572,26.152360732635458,0.016300203582235287,0.98,0.0,0.23,18.0,0.0,1.0,1.0,0.5,80.0,27.0,4.0,0.0 
 08/21  06:00:00,25.207237822895305,22.39410959855289,25.913557468869126,0.01719912183752947,0.98,0.0,0.23,18.0,0.0,1.0,1.0,0.5,80.0,27.0,4.0,0.0 
 08/21  07:00:00,28.378287671986843,21.677429180414766,26.956103381864487,0.01644738637772473,0.85,0.0,0.23,18.0,0.0,1.0,1.0,0.5,80.0,27.0,4.0,0.0 
 08/21  08:00:00,31.56512232670225,21.880031985271174,30.71596483218954,0.016660974936261827,0.65,0.0,0.23,12.0,0.0,1.0,0.0,0.5,80.0,37.0,4.0,0.0 
 08/21  09:00:00,37.58746230162431,21.974726479887423,35.52947494741653,0.016763223592749173,0.1,0.0,0.23,18.0,0.0,1.0,0.0,0.0,120.0,37.0,4.0,0.0 
 08/21  10:00:00,39.740790079331106,22.102358807840545,38.68981695609938,0.01690103596173696,0.1,0.0,0.23,18.0,0.0,1.0,0.0,0.0,120.0,37.0,4.0,0.0 
 08/21  11:00:00,41.84176028152013,22.22629094543931,40.85147623186023,0.017035935284002802,0.1,0.0,0.23,18.0,0.0,1.0,0.0,0.0,120.0,37.0,4.0,0.0 
 08/21  12:00:00,41.970728742475664,22.3406895267558,41.61523984074878,0.017161407053950264,0.1,0.0,0.23,18.0,0.0,1.0,0.0,0.0,120.0,37.0,4.0,0.0 
 08/21  13:00:00,41.58055566857862,22.439990039084968,42.04501556173952,0.01727159735595293,0.1,0.0,0.69,18.0,0.0,1.0,0.0,0.0,120.0,37.0,4.0,0.0 
 08/21  14:00:00,41.81354284499605,22.6999395096147,42.53539389330341,0.017556160851477258,0.1,0.0,0.69,18.0,0.0,1.0,0.0,0.0,120.0,37.0,4.0,0.0 
 08/21  15:00:00,39.479793979121304,22.809712016112506,40.41560317182813,0.01767892716093797,0.1,0.0,0.23,18.0,0.0,1.0,0.0,0.0,120.0,37.0,4.0,0.0 
 08/21  16:00:00,36.567521284648834,22.93091458422385,37.997303447039116,0.017814974651146946,0.1,0.0,0.23,18.0,0.0,1.0,0.0,0.0,120.0,37.0,4.0,0.0 
 08/21  17:00:00,33.712329675807815,23.182646444661753,34.978764918935866,0.018098385834219098,0.1,0.0,0.23,18.0,0.0,1.0,0.0,0.0,120.0,37.0,4.0,0.0 
 08/21  18:00:00,31.775242482683723,24.18655187915317,32.25231697069262,0.019263488364609546,0.75,0.0,0.23,18.0,0.0,1.0,0.0,0.5,120.0,37.0,4.0,0.0 
 08/21  19:00:00,30.206499010287324,24.288969928758572,30.957161593981432,0.01938803953398182,0.75,0.0,0.23,18.0,0.0,1.0,0.0,0.5,80.0,37.0,4.0,0.0 
 08/21  20:00:00,29.225831006205137,20.655497685915307,27.153600227923302,0.01545249164327333,0.9,1.0,0.23,18.0,0.0,1.0,1.0,0.5,80.0,27.0,4.0,0.0 
 08/21  21:00:00,27.58423351511943,17.748086969339955,27.001623318784137,0.012839864252828875,0.9,1.0,1.0,18.0,0.0,1.0,1.0,0.5,80.0,27.0,4.0,0.0 
 08/21  22:00:00,27.314293173382753,17.1776600557097675,27.002020522484301,0.012384625106087615,0.9,1,1,18,0,1,1,0.5,80,27,4,0
 08/21  23:00:00,27.044352831646076,16.60723314207958,27.002417726184465,0.011929385959346355,0.9,1.0,1.0,18.0,0.0,1.0,1.0,0.5,80.0,27.0,4.0,0.0 
 08/21  24:00:00,26.746735249585985,16.5033435402974,27.00221859759331,0.011850620102034843,0.95,1.0,1.0,18.0,0.0,1.0,1.0,0.5,80.0,27.0,4.0,0.0 
 08/22  01:00:00,26.04581735052235,18.27584629784096,26.5635737013692,0.013288627689908496,0.98,0.0,0.23,18.0,0.0,1.0,1.0,0.5,80.0,27.0,4.0,0.0 
 08/22  02:00:00,25.777965102047922,20.092299219933423,26.34821776430766,0.014921874207333213,0.98,0.0,0.23,18.0,0.0,1.0,1.0,0.5,80.0,27.0,4.0,0.0 
 08/22  03:00:00,25.54907629175762,21.31753175946773,26.174495194522677,0.016123989139327784,0.98,0.0,0.23,18.0,0.0,1.0,1.0,0.5,80.0,27.0,4.0,0.0 
 08/22  04:00:00,25.33363370472825,21.710473821095356,25.999516203844184,0.016528897987578398,0.98,0.0,0.23,18.0,0.0,1.0,1.0,0.5,80.0,27.0,4.0,0.0 
 08/22  05:00:00,25.118800143287284,21.77824634001542,25.806613541882957,0.016601371887165223,0.98,0.0,0.23,18.0,0.0,1.0,1.0,0.5,80.0,27.0,4.0,0.0 
 08/22  06:00:00,24.908405348736938,21.735377119225063,25.623238430466316,0.0165586431026651,0.98,0.0,0.23,18.0,0.0,1.0,1.0,0.5,80.0,27.0,4.0,0.0 
 08/22  07:00:00,25.288746898973113,21.544093435904447,25.766508051933386,0.016362808303557467,0.85,0.0,0.23,18.0,0.0,1.0,1.0,0.5,80.0,27.0,4.0,0.0 
 08/22  08:00:00,26.501472840178913,21.531694135629653,26.58712629845326,0.016351906893471983,0.65,0.0,0.23,12.0,0.0,1.0,0.0,0.5,80.0,37.0,4.0,0.0 
 08/22  09:00:00,28.74663555283626,21.60313729362918,28.215336713320212,0.01642746813551603,0.1,0.0,0.23,18.0,0.0,1.0,0.0,0.0,120.0,37.0,4.0,0.0 
 08/22  10:00:00,30.812206072233366,21.68265472214514,30.059925985078163,0.016511545423673113,0.1,0.0,0.23,18.0,0.0,1.0,0.0,0.0,120.0,37.0,4.0,0.0 
 08/22  11:00:00,34.09832242565522,21.776001244647176,32.778888020038735,0.016610418287889048,0.1,0.0,0.23,18.0,0.0,1.0,0.0,0.0,120.0,37.0,4.0,0.0 
 08/22  12:00:00,34.93469955623184,21.889089803477457,34.330885870219596,0.01673069562920366,0.1,0.0,0.23,18.0,0.0,1.0,0.0,0.0,120.0,37.0,4.0,0.0 
 08/22  13:00:00,35.755537817321084,22.006460194031018,36.004323301719026,0.016856110654070923,0.1,0.0,0.69,18.0,0.0,1.0,0.0,0.0,120.0,37.0,4.0,0.0 
 08/22  14:00:00,36.542491426925174,22.12504281054571,36.85456371676306,0.01698140662516786,0.1,0.0,0.69,18.0,0.0,1.0,0.0,0.0,120.0,37.0,4.0,0.0 
 08/22  15:00:00,36.26585565269747,22.323197233768255,36.62601770424767,0.017193069294555836,0.1,0.0,0.23,18.0,0.0,1.0,0.0,0.0,120.0,37.0,4.0,0.0 
 08/22  16:00:00,33.24496771511919,22.440260269078138,34.6702697335108,0.01731915851504982,0.1,0.0,0.23,18.0,0.0,1.0,0.0,0.0,120.0,37.0,4.0,0.0 
 08/22  17:00:00,30.789994138490712,22.54939880435191,32.36634295026921,0.01743727307800289,0.1,0.0,0.23,18.0,0.0,1.0,0.0,0.0,120.0,37.0,4.0,0.0 
 08/22  18:00:00,29.279054983976522,22.899156672724537,30.363307700743697,0.017821706947173027,0.75,0.0,0.23,18.0,0.0,1.0,0.0,0.5,120.0,37.0,4.0,0.0 
 08/22  19:00:00,27.962793750546087,22.992844442075867,28.98615597725691,0.017925659094732673,0.75,0.0,0.23,18.0,0.0,1.0,0.0,0.5,80.0,37.0,4.0,0.0 
 08/22  20:00:00,27.096360749504797,21.075894674155105,27.044145122714752,0.015897293253766417,0.9,1.0,0.23,18.0,0.0,1.0,1.0,0.5,80.0,27.0,4.0,0.0 
 08/22  21:00:00,26.332825042880003,18.984196130491718,27.000001870819144,0.013922236268386953,0.9,1.0,1.0,18.0,0.0,1.0,1.0,0.5,80.0,27.0,4.0,0.0 
 08/22  22:00:00,26.1858861782555345,18.3726349907341415,27.000922472316896,0.0133974024894755465,0.9,1,1,18,0,1,1,0.5,80,27,4,0
 08/22  23:00:00,26.038947313631066,17.761073850976565,27.001843073814648,0.01287256871056414,0.9,1.0,1.0,18.0,0.0,1.0,1.0,0.5,80.0,27.0,4.0,0.0 
 08/22  24:00:00,25.86399627917716,17.653048036404027,27.001574272154212,0.012783128185694645,0.95,1.0,1.0,18.0,0.0,1.0,1.0,0.5,80.0,27.0,4.0,0.0 
 08/23  01:00:00,25.600613665273585,19.030051216867516,26.343775691198815,0.013962328114542554,0.98,0.0,0.23,18.0,0.0,1.0,1.0,0.5,80.0,27.0,4.0,0.0 
 08/23  02:00:00,25.051861300796308,19.846645527426375,26.006455388090025,0.014706897304394315,0.98,0.0,0.23,18.0,0.0,1.0,1.0,0.5,80.0,27.0,4.0,0.0 
 08/23  03:00:00,24.790700956041462,21.19163442820023,25.58111544706935,0.016011959178555565,0.98,0.0,0.23,18.0,0.0,1.0,1.0,0.5,80.0,27.0,4.0,0.0 
 08/23  04:00:00,24.49544919977257,21.913394551275154,25.299133677802317,0.016754318567942458,0.98,0.0,0.23,18.0,0.0,1.0,1.0,0.5,80.0,27.0,4.0,0.0 
 08/23  05:00:00,24.24702299087384,21.962181276124525,25.069570406387495,0.016805452282895754,0.98,0.0,0.23,18.0,0.0,1.0,1.0,0.5,80.0,27.0,4.0,0.0 
 08/23  06:00:00,24.0527875595338,21.682711838600778,24.900149662545612,0.016513125899452755,0.98,0.0,0.23,18.0,0.0,1.0,1.0,0.5,80.0,27.0,4.0,0.0 
 08/23  07:00:00,24.51461964102385,21.499658916038843,25.126341322249317,0.01632420236933332,0.85,0.0,0.23,18.0,0.0,1.0,1.0,0.5,80.0,27.0,4.0,0.0 
 08/23  08:00:00,25.6029263588078,21.480080101708637,25.876475280496983,0.016303962652091282,0.65,0.0,0.23,12.0,0.0,1.0,0.0,0.5,80.0,37.0,4.0,0.0 
 08/23  09:00:00,28.07309550046409,21.55025972992466,27.637057689547188,0.01637568009207024,0.1,0.0,0.23,18.0,0.0,1.0,0.0,0.0,120.0,37.0,4.0,0.0 
 08/23  10:00:00,30.635355750432925,21.628402339759155,29.49417210596114,0.01645607721149585,0.1,0.0,0.23,18.0,0.0,1.0,0.0,0.0,120.0,37.0,4.0,0.0 
 08/23  11:00:00,32.569087762586335,21.80738301508604,32.111616820411896,0.016641615750685918,0.1,0.0,0.23,18.0,0.0,1.0,0.0,0.0,120.0,37.0,4.0,0.0 
 08/23  12:00:00,33.06762395260012,21.90140809983925,32.777764324275395,0.016739848908415414,0.1,0.0,0.23,18.0,0.0,1.0,0.0,0.0,120.0,37.0,4.0,0.0 
 08/23  13:00:00,34.2560206682806,22.008469115996505,34.55957849640498,0.01685219063132527,0.1,0.0,0.69,18.0,0.0,1.0,0.0,0.0,120.0,37.0,4.0,0.0 
 08/23  14:00:00,36.32514765157089,22.137470300416133,36.54156538187574,0.01698435638291416,0.1,0.0,0.69,18.0,0.0,1.0,0.0,0.0,120.0,37.0,4.0,0.0 
 08/23  15:00:00,36.59828041707213,22.245193988183367,36.4711639435733,0.017094683342525202,0.1,0.0,0.23,18.0,0.0,1.0,0.0,0.0,120.0,37.0,4.0,0.0 
 08/23  16:00:00,34.51441875440663,22.367675199189424,35.48054070954769,0.01722135390939277,0.1,0.0,0.23,18.0,0.0,1.0,0.0,0.0,120.0,37.0,4.0,0.0 
 08/23  17:00:00,32.79652509024575,22.487262366675303,33.90082693566788,0.017345907872701558,0.1,0.0,0.23,18.0,0.0,1.0,0.0,0.0,120.0,37.0,4.0,0.0 
 08/23  18:00:00,30.921313157260155,23.60432476827073,31.767060748644926,0.018590229961818115,0.75,0.0,0.23,18.0,0.0,1.0,0.0,0.5,120.0,37.0,4.0,0.0 
 08/23  19:00:00,28.996851139019945,23.802136683355787,30.126201091066164,0.018814484396395485,0.75,0.0,0.23,18.0,0.0,1.0,0.0,0.5,80.0,37.0,4.0,0.0 
 08/23  20:00:00,27.802318780232053,20.982354549285986,27.044891850155242,0.015770153513198874,0.9,1.0,0.23,18.0,0.0,1.0,1.0,0.5,80.0,27.0,4.0,0.0 
 08/23  21:00:00,26.60673379594623,18.536013053929405,27.00000164075168,0.013496865084365685,0.9,1.0,1.0,18.0,0.0,1.0,1.0,0.5,80.0,27.0,4.0,0.0 
 08/23  22:00:00,26.341809428780719,17.8922556675145665,27.001014907780872,0.0129592351894194825,0.9,1,1,18,0,1,1,0.5,80,27,4,0
 08/23  23:00:00,26.076885061615208,17.248498281099728,27.002028174810064,0.01242160529447328,0.9,1.0,1.0,18.0,0.0,1.0,1.0,0.5,80.0,27.0,4.0,0.0 
 08/23  24:00:00,25.805625961984486,16.92115787501309,27.001508754820332,0.012158433644303692,0.95,1.0,1.0,18.0,0.0,1.0,1.0,0.5,80.0,27.0,4.0,0.0 
 08/24  01:00:00,25.345652474393077,18.16134836559414,25.95253473310703,0.0131626105731619,0.98,0.0,0.23,18.0,0.0,1.0,1.0,0.5,80.0,27.0,4.0,0.0 
 08/24  02:00:00,24.35313512371829,19.310615529292324,25.0429555104189,0.014162182389276485,0.98,0.0,0.23,18.0,0.0,1.0,1.0,0.5,80.0,27.0,4.0,0.0 
 08/24  03:00:00,23.665673853303762,19.261734700607743,24.450778793662792,0.01411442349585653,0.98,0.0,0.23,18.0,0.0,1.0,1.0,0.5,80.0,27.0,4.0,0.0 
 08/24  04:00:00,23.10973125683709,19.331303514091797,23.72895901762115,0.014173365556013486,0.98,0.0,0.23,18.0,0.0,1.0,1.0,0.5,80.0,27.0,4.0,0.0 
 08/24  05:00:00,22.64151063165714,19.221894680885978,23.38976438291054,0.01407106224981429,0.98,0.0,0.23,18.0,0.0,1.0,1.0,0.5,80.0,27.0,4.0,0.0 
 08/24  06:00:00,22.30868014336115,19.045180913991032,22.94169667275814,0.013909730233067002,0.98,0.0,0.23,18.0,0.0,1.0,1.0,0.5,80.0,27.0,4.0,0.0 
 08/24  07:00:00,25.18523830640588,19.19298588069241,24.730901432067533,0.014037750226589405,0.85,0.0,0.23,18.0,0.0,1.0,1.0,0.5,80.0,27.0,4.0,0.0 
 08/24  08:00:00,29.824192730066223,19.386116659500164,27.73269803911223,0.014207622554658616,0.65,0.0,0.23,12.0,0.0,1.0,0.0,0.5,80.0,37.0,4.0,0.0 
 08/24  09:00:00,33.594153875287454,19.481736106988414,32.636642285659036,0.01429057383202641,0.1,0.0,0.23,18.0,0.0,1.0,0.0,0.0,120.0,37.0,4.0,0.0 
 08/24  10:00:00,38.659841885076624,19.720657530359407,37.35332723846774,0.01450531842504846,0.1,0.0,0.23,18.0,0.0,1.0,0.0,0.0,120.0,37.0,4.0,0.0 
 08/24  11:00:00,41.22022862553564,19.86804252874064,40.302302080626816,0.01463784026389433,0.1,0.0,0.23,18.0,0.0,1.0,0.0,0.0,120.0,37.0,4.0,0.0 
 08/24  12:00:00,42.652132937257754,20.0141669304279,41.93535866435098,0.014770264176077156,0.1,0.0,0.23,18.0,0.0,1.0,0.0,0.0,120.0,37.0,4.0,0.0 
 08/24  13:00:00,42.683113043302995,20.151633196175975,42.896234445096724,0.014895435402400691,0.1,0.0,0.69,18.0,0.0,1.0,0.0,0.0,120.0,37.0,4.0,0.0 
 08/24  14:00:00,44.38437365932445,20.289227849999396,44.20481426045661,0.015025334175149556,0.1,0.0,0.69,18.0,0.0,1.0,0.0,0.0,120.0,37.0,4.0,0.0 
 08/24  15:00:00,43.63905492483122,20.405321544475626,43.53511348771817,0.015135656014138812,0.1,0.0,0.23,18.0,0.0,1.0,0.0,0.0,120.0,37.0,4.0,0.0 
 08/24  16:00:00,40.959683616717,20.54553427781832,41.57231488103818,0.015269811351964308,0.1,0.0,0.23,18.0,0.0,1.0,0.0,0.0,120.0,37.0,4.0,0.0 
 08/24  17:00:00,38.98315788263451,20.83794275832111,39.59910672107111,0.015553883085586653,0.1,0.0,0.23,18.0,0.0,1.0,0.0,0.0,120.0,37.0,4.0,0.0 
 08/24  18:00:00,35.323800208213065,21.51097670068865,35.67204865710003,0.016226403169030807,0.75,0.0,0.23,18.0,0.0,1.0,0.0,0.5,120.0,37.0,4.0,0.0 
 08/24  19:00:00,32.00684952016008,21.707440493698712,32.478243006862705,0.01642729990203296,0.75,0.0,0.23,18.0,0.0,1.0,0.0,0.5,80.0,37.0,4.0,0.0 
 08/24  20:00:00,29.69234972112593,18.703165885984614,27.19823542451663,0.013580531575639328,0.9,1.0,0.23,18.0,0.0,1.0,1.0,0.5,80.0,27.0,4.0,0.0 
 08/24  21:00:00,27.330794679960373,16.646879273762202,27.00113893956329,0.011896579267312787,0.9,1.0,1.0,18.0,0.0,1.0,1.0,0.5,80.0,27.0,4.0,0.0 
 08/24  22:00:00,26.9379618576970815,16.2111951098098835,27.0015171512126385,0.011568959377266742,0.9,1,1,18,0,1,1,0.5,80,27,4,0
 08/24  23:00:00,26.54512903543379,15.775510945857565,27.001895362861987,0.011241339487220697,0.9,1.0,1.0,18.0,0.0,1.0,1.0,0.5,80.0,27.0,4.0,0.0 
 08/24  24:00:00,26.07951245428626,15.698759412412791,27.00153900587274,0.011184899513713197,0.95,1.0,1.0,18.0,0.0,1.0,1.0,0.5,80.0,27.0,4.0,0.0 
 08/25  01:00:00,25.443288684257254,17.030048116686935,25.810932014967765,0.012193652037986526,0.98,0.0,0.23,18.0,0.0,1.0,1.0,0.5,80.0,27.0,4.0,0.0 
 08/25  02:00:00,24.490323476639308,18.20711754318887,24.92894315060402,0.013153259555878254,0.98,0.0,0.23,18.0,0.0,1.0,1.0,0.5,80.0,27.0,4.0,0.0 
 08/25  03:00:00,23.835047071267923,18.05993863321125,24.38500012402198,0.013029093243493073,0.98,0.0,0.23,18.0,0.0,1.0,1.0,0.5,80.0,27.0,4.0,0.0 
 08/25  04:00:00,23.29214202514767,18.008560875677016,23.934637156704685,0.012985787537740191,0.98,0.0,0.23,18.0,0.0,1.0,1.0,0.5,80.0,27.0,4.0,0.0 
 08/25  05:00:00,22.835669259834482,17.85147054457006,23.32095891776919,0.01285498320585363,0.98,0.0,0.23,18.0,0.0,1.0,1.0,0.5,80.0,27.0,4.0,0.0 
 08/25  06:00:00,22.43442010677964,17.700307173915295,23.01564662414941,0.012730092245965528,0.98,0.0,0.23,18.0,0.0,1.0,1.0,0.5,80.0,27.0,4.0,0.0 
 08/25  07:00:00,24.917922586411372,17.827085695120275,24.515303307737444,0.012833938608002082,0.85,0.0,0.23,18.0,0.0,1.0,1.0,0.5,80.0,27.0,4.0,0.0 
 08/25  08:00:00,28.850358768684078,17.916348872716153,27.105582068905793,0.012907394898658506,0.65,0.0,0.23,12.0,0.0,1.0,0.0,0.5,80.0,37.0,4.0,0.0 
 08/25  09:00:00,31.742455583166045,18.012429444725598,30.92310729094675,0.01298678211975017,0.1,0.0,0.23,18.0,0.0,1.0,0.0,0.0,120.0,37.0,4.0,0.0 
 08/25  10:00:00,36.85663924791202,18.141259117568133,34.594021170306696,0.013094229560850674,0.1,0.0,0.23,18.0,0.0,1.0,0.0,0.0,120.0,37.0,4.0,0.0 
 08/25  11:00:00,38.95022834193942,18.30302802027574,38.10185030552091,0.013230248923317726,0.1,0.0,0.23,18.0,0.0,1.0,0.0,0.0,120.0,37.0,4.0,0.0 
 08/25  12:00:00,41.23480023300684,18.460033178709367,40.21807396140763,0.013363595625361692,0.1,0.0,0.23,18.0,0.0,1.0,0.0,0.0,120.0,37.0,4.0,0.0 
 08/25  13:00:00,42.146728516239584,18.614077097312148,42.15197865982901,0.013495592104656475,0.1,0.0,0.69,18.0,0.0,1.0,0.0,0.0,120.0,37.0,4.0,0.0 
 08/25  14:00:00,44.70781816507076,18.76879342857407,44.13295952356781,0.0136296207521606,0.1,0.0,0.69,18.0,0.0,1.0,0.0,0.0,120.0,37.0,4.0,0.0 
 08/25  15:00:00,47.11833841708699,19.09484624393103,46.44237662129782,0.013916022069988545,0.1,0.0,0.23,18.0,0.0,1.0,0.0,0.0,120.0,37.0,4.0,0.0 
 08/25  16:00:00,48.106230933552204,19.22431278956637,47.60197112283442,0.01403120981333105,0.1,0.0,0.23,18.0,0.0,1.0,0.0,0.0,120.0,37.0,4.0,0.0 
 08/25  17:00:00,47.17830210175161,19.328969151026396,47.01402731018915,0.014124921852330101,0.1,0.0,0.23,18.0,0.0,1.0,0.0,0.0,120.0,37.0,4.0,0.0 
 08/25  18:00:00,44.028338714887994,19.422334624113883,43.230590766152154,0.01420898370405834,0.75,0.0,0.23,18.0,0.0,1.0,0.0,0.5,120.0,37.0,4.0,0.0 
 08/25  19:00:00,38.08107631145419,19.26123371118253,38.211112499194655,0.014063686102225068,0.75,0.0,0.23,18.0,0.0,1.0,0.0,0.5,80.0,37.0,4.0,0.0 
 08/25  20:00:00,33.90508414575051,15.342783600068806,27.628615958805238,0.010921814895872923,0.9,1.0,0.23,18.0,0.0,1.0,1.0,0.5,80.0,27.0,4.0,0.0 
 08/25  21:00:00,28.395603706324263,14.377321431204805,27.03500105458057,0.010251725574624499,0.9,1.0,1.0,18.0,0.0,1.0,1.0,0.5,80.0,27.0,4.0,0.0 
 08/25  22:00:00,27.8662898849395915,14.273444755923549,27.018515668916265,0.010182047031809724,0.9,1,1,18,0,1,1,0.5,80,27,4,0
 08/25  23:00:00,27.33697606355492,14.169568080642293,27.00203028325196,0.010112368488994949,0.9,1.0,1.0,18.0,0.0,1.0,1.0,0.5,80.0,27.0,4.0,0.0 
 08/25  24:00:00,26.795862472557268,14.424383411154603,27.00186142573459,0.010283302011994027,0.95,1.0,1.0,18.0,0.0,1.0,1.0,0.5,80.0,27.0,4.0,0.0 
 08/26  01:00:00,25.941428591323664,15.923643285741585,26.239038319815414,0.011342896362484787,0.95,0.0,0.23,5.0,0.0,1.0,1.0,0.5,80.0,27.0,4.0,0.0 
 08/26  02:00:00,25.159660035227258,17.65579825766885,25.484886255677402,0.01268867931934546,0.95,0.0,0.23,5.0,0.0,1.0,1.0,0.5,80.0,27.0,4.0,0.0 
 08/26  03:00:00,24.55280248216246,18.724198373649777,24.891941907189292,0.013588627512781781,0.95,0.0,0.23,5.0,0.0,1.0,1.0,0.5,80.0,27.0,4.0,0.0 
 08/26  04:00:00,23.94208339916851,18.524054458275355,24.428176326251823,0.013415631948687693,0.95,0.0,0.23,5.0,0.0,1.0,1.0,0.5,80.0,27.0,4.0,0.0 
 08/26  05:00:00,23.41335148586682,18.567710143663888,23.769010087354705,0.013452894838496137,0.95,0.0,0.23,5.0,0.0,1.0,1.0,0.5,80.0,27.0,4.0,0.0 
 08/26  06:00:00,22.935853642924606,18.363204098263086,23.389474782656144,0.01327774480188626,0.95,0.0,0.23,5.0,0.0,1.0,1.0,0.5,80.0,27.0,4.0,0.0 
 08/26  07:00:00,25.812309726334774,18.14970426752674,25.02766030748953,0.013097090846837817,0.95,0.0,0.23,5.0,0.0,1.0,1.0,0.5,80.0,27.0,4.0,0.0 
 08/26  08:00:00,29.303153978164058,17.20226619896297,26.83616970818821,0.012322216443621293,0.95,0.0,0.23,5.0,0.0,1.0,1.0,0.5,80.0,27.0,4.0,0.0 
 08/26  09:00:00,31.218087636309363,14.849343323748274,27.001956494562414,0.010573041335891459,0.95,0.0,0.23,5.0,0.0,1.0,1.0,0.5,80.0,27.0,4.0,0.0 
 08/26  10:00:00,32.779823211555104,12.517027511558343,27.00227737111849,0.009062304664536416,0.6,0.0,0.23,5.0,0.0,1.0,1.0,0.5,80.0,27.0,4.0,0.0 
 08/26  11:00:00,33.33986318079154,11.114262789081522,27.00225669108375,0.008249778855031557,0.6,0.0,0.23,5.0,0.0,1.0,1.0,0.5,80.0,27.0,4.0,0.0 
 08/26  12:00:00,33.43610367196636,10.56219126020141,27.002222583255797,0.007948280013935027,0.6,0.0,0.23,5.0,0.0,1.0,1.0,0.5,80.0,27.0,4.0,0.0 
 08/26  13:00:00,33.24152713497671,10.460898974865845,27.002213887585906,0.007893980775828192,0.6,0.0,0.69,5.0,0.0,1.0,1.0,0.5,80.0,27.0,4.0,0.0 
 08/26  14:00:00,34.43094432691287,10.29593933064835,27.002162140605364,0.007808032860466104,0.6,0.0,0.69,5.0,0.0,1.0,1.0,0.5,80.0,27.0,4.0,0.0 
 08/26  15:00:00,35.18789388545585,10.266041309557139,27.001976348779426,0.007793966044654803,0.6,0.0,0.23,5.0,0.0,1.0,1.0,0.5,80.0,27.0,4.0,0.0 
 08/26  16:00:00,35.04289506762673,10.29309282543779,27.001880540217822,0.0078099728444804865,0.6,0.0,0.23,5.0,0.0,1.0,1.0,0.5,80.0,27.0,4.0,0.0 
 08/26  17:00:00,33.89919517021285,10.340367323730053,27.002010271596152,0.007836726402893292,0.6,0.0,0.23,5.0,0.0,1.0,1.0,0.5,80.0,27.0,4.0,0.0 
 08/26  18:00:00,31.958778342424193,10.561822177641888,27.00207583955049,0.007956694581249051,0.6,0.0,0.23,5.0,0.0,1.0,1.0,0.5,80.0,27.0,4.0,0.0 
 08/26  19:00:00,28.79267761188415,11.706004725874003,27.001277837324864,0.008595219351671044,0.9,0.0,0.23,5.0,0.0,1.0,1.0,0.5,80.0,27.0,4.0,0.0 
 08/26  20:00:00,27.830741946525286,13.135305154258218,27.001522301135978,0.009456760276017917,0.9,1.0,0.23,5.0,0.0,1.0,1.0,0.5,80.0,27.0,4.0,0.0 
 08/26  21:00:00,27.35373808279728,14.071317172926346,27.002148572304293,0.010062893501407778,0.9,1.0,1.0,5.0,0.0,1.0,1.0,0.5,80.0,27.0,4.0,0.0 
 08/26  22:00:00,27.158118685739944,14.3390925028617365,27.0020612248460205,0.010244525756119162,0.9,1,1,5,0,1,1,0.5,80,27,4,0
 08/26  23:00:00,26.962499288682608,14.606867832797127,27.001973877387748,0.010426158010830546,0.9,1.0,1.0,5.0,0.0,1.0,1.0,0.5,80.0,27.0,4.0,0.0 
 08/26  24:00:00,26.561500762251942,14.872455764411733,27.001740932750952,0.010611719498611437,0.9,1.0,1.0,5.0,0.0,1.0,1.0,0.5,80.0,27.0,4.0,0.0 
 08/27  01:00:00,25.83079573016846,16.337320571814857,26.21661309187038,0.011681197667768307,0.95,0.0,0.23,5.0,0.0,1.0,1.0,0.5,80.0,27.0,4.0,0.0 
 08/27  02:00:00,25.0685118566327,17.767362158207906,25.504923654096977,0.01281504121176317,0.95,0.0,0.23,5.0,0.0,1.0,1.0,0.5,80.0,27.0,4.0,0.0 
 08/27  03:00:00,24.464495369986697,17.65677715299587,25.051301346107337,0.012726881308260683,0.95,0.0,0.23,5.0,0.0,1.0,1.0,0.5,80.0,27.0,4.0,0.0 
 08/27  04:00:00,23.93850051722447,17.987655470670045,24.423390731376628,0.013003458508175584,0.95,0.0,0.23,5.0,0.0,1.0,1.0,0.5,80.0,27.0,4.0,0.0 
 08/27  05:00:00,23.480386934215016,18.096732546555714,24.045955752173498,0.013097773830845058,0.95,0.0,0.23,5.0,0.0,1.0,1.0,0.5,80.0,27.0,4.0,0.0 
 08/27  06:00:00,23.15953752992269,18.320755504066756,23.752250419022186,0.013290303437194095,0.95,0.0,0.23,5.0,0.0,1.0,1.0,0.5,80.0,27.0,4.0,0.0 
 08/27  07:00:00,24.142116215380337,18.585009322531285,24.380518393092256,0.013520014174465753,0.95,0.0,0.23,5.0,0.0,1.0,1.0,0.5,80.0,27.0,4.0,0.0 
 08/27  08:00:00,26.040138950714997,19.159923958149953,25.65085006683057,0.014028834705992218,0.95,0.0,0.23,5.0,0.0,1.0,1.0,0.5,80.0,27.0,4.0,0.0 
 08/27  09:00:00,28.577655451753472,19.478460409317695,26.948506993125935,0.014319555156364397,0.95,0.0,0.23,5.0,0.0,1.0,1.0,0.5,80.0,27.0,4.0,0.0 
 08/27  10:00:00,29.885377928979498,17.921918435124436,27.001701837188772,0.012965869920319395,0.6,0.0,0.23,5.0,0.0,1.0,1.0,0.5,80.0,27.0,4.0,0.0 
 08/27  11:00:00,30.928437366005333,16.01165613181183,27.00210665660504,0.01146166062111663,0.6,0.0,0.23,5.0,0.0,1.0,1.0,0.5,80.0,27.0,4.0,0.0 
 08/27  12:00:00,31.369719362912296,14.848579673584856,27.00220602232144,0.01062544798615133,0.6,0.0,0.23,5.0,0.0,1.0,1.0,0.5,80.0,27.0,4.0,0.0 
 08/27  13:00:00,31.586675729703167,13.913174843311893,27.00227961777964,0.009993500270150354,0.6,0.0,0.69,5.0,0.0,1.0,1.0,0.5,80.0,27.0,4.0,0.0 
 08/27  14:00:00,31.804294862025948,13.207580116537752,27.002293284377647,0.00953655940168077,0.6,0.0,0.69,5.0,0.0,1.0,1.0,0.5,80.0,27.0,4.0,0.0 
 08/27  15:00:00,31.810657385403164,12.875772287193216,27.00222252930293,0.009327634304168803,0.6,0.0,0.23,5.0,0.0,1.0,1.0,0.5,80.0,27.0,4.0,0.0 
 08/27  16:00:00,31.152478424683054,12.817511160943738,27.00207948399232,0.009290449149812563,0.6,0.0,0.23,5.0,0.0,1.0,1.0,0.5,80.0,27.0,4.0,0.0 
 08/27  17:00:00,29.97893807945288,13.063856816387045,27.001745611359336,0.00944261648055591,0.6,0.0,0.23,5.0,0.0,1.0,1.0,0.5,80.0,27.0,4.0,0.0 
 08/27  18:00:00,28.46270947091255,13.893578535640218,27.001093476193557,0.009974534308439592,0.6,0.0,0.23,5.0,0.0,1.0,1.0,0.5,80.0,27.0,4.0,0.0 
 08/27  19:00:00,26.938567868666155,15.200700856746668,27.000252337092014,0.01086787391980556,0.9,0.0,0.23,5.0,0.0,1.0,1.0,0.5,80.0,27.0,4.0,0.0 
 08/27  20:00:00,26.206582103761495,15.83405501864717,27.00106768464795,0.011325298896171338,0.9,1.0,0.23,5.0,0.0,1.0,1.0,0.5,80.0,27.0,4.0,0.0 
 08/27  21:00:00,25.81120202335054,15.85427035430308,27.001499106485806,0.011338845994706004,0.9,1.0,1.0,5.0,0.0,1.0,1.0,0.5,80.0,27.0,4.0,0.0 
 08/27  22:00:00,25.6786300017130585,15.9115821005225785,27.001264819031133,0.011380625297178792,0.9,1,1,5,0,1,1,0.5,80,27,4,0
 08/27  23:00:00,25.546057980075577,15.968893846742077,27.00103053157646,0.01142240459965158,0.9,1.0,1.0,5.0,0.0,1.0,1.0,0.5,80.0,27.0,4.0,0.0 
 08/27  24:00:00,25.277922844425866,16.408923677743246,27.00068915617691,0.011752369383146164,0.9,1.0,1.0,5.0,0.0,1.0,1.0,0.5,80.0,27.0,4.0,0.0 
 08/28  01:00:00,24.871072739021013,17.87924970554504,25.401567158638603,0.012920003877800956,0.98,0.0,0.23,18.0,0.0,1.0,1.0,0.5,80.0,27.0,4.0,0.0 
 08/28  02:00:00,23.62747120550523,18.86719503124915,24.30242085610807,0.013762637599316757,0.98,0.0,0.23,18.0,0.0,1.0,1.0,0.5,80.0,27.0,4.0,0.0 
 08/28  03:00:00,22.825602209812313,18.779094213401873,23.64783596553796,0.013683722022613701,0.98,0.0,0.23,18.0,0.0,1.0,1.0,0.5,80.0,27.0,4.0,0.0 
 08/28  04:00:00,22.28209426250356,18.893582512455346,22.898853215054036,0.01378249284488708,0.98,0.0,0.23,18.0,0.0,1.0,1.0,0.5,80.0,27.0,4.0,0.0 
 08/28  05:00:00,21.816790146014522,18.76247669872117,22.56248573736404,0.013665868126450752,0.98,0.0,0.23,18.0,0.0,1.0,1.0,0.5,80.0,27.0,4.0,0.0 
 08/28  06:00:00,21.52433117326506,18.69118476956555,22.151904471187613,0.013602069731733857,0.98,0.0,0.23,18.0,0.0,1.0,1.0,0.5,80.0,27.0,4.0,0.0 
 08/28  07:00:00,24.533022051164675,18.764332721810252,24.007793992162334,0.01366416124967864,0.85,0.0,0.23,18.0,0.0,1.0,1.0,0.5,80.0,27.0,4.0,0.0 
 08/28  08:00:00,29.789772024017477,18.887243551108806,27.683316039847316,0.013770205923276196,0.65,0.0,0.23,12.0,0.0,1.0,0.0,0.5,80.0,37.0,4.0,0.0 
 08/28  09:00:00,34.174243481277124,18.98662081211945,33.097897971192374,0.013856162266830912,0.1,0.0,0.23,18.0,0.0,1.0,0.0,0.0,120.0,37.0,4.0,0.0 
 08/28  10:00:00,37.82291741747646,19.132868880087273,36.4817719654234,0.013984337071203948,0.1,0.0,0.23,18.0,0.0,1.0,0.0,0.0,120.0,37.0,4.0,0.0 
 08/28  11:00:00,38.86114249460217,19.28156835211321,38.19619129188165,0.014115779431680015,0.1,0.0,0.23,18.0,0.0,1.0,0.0,0.0,120.0,37.0,4.0,0.0 
 08/28  12:00:00,38.79007735045765,19.403097277164882,38.385892982862856,0.014223709526022164,0.1,0.0,0.23,18.0,0.0,1.0,0.0,0.0,120.0,37.0,4.0,0.0 
 08/28  13:00:00,39.39092053359051,19.544755278651845,39.66753766406333,0.014350741005775002,0.1,0.0,0.69,18.0,0.0,1.0,0.0,0.0,120.0,37.0,4.0,0.0 
 08/28  14:00:00,40.84060771551394,19.685436749241546,40.848095727328726,0.014479360214484416,0.1,0.0,0.69,18.0,0.0,1.0,0.0,0.0,120.0,37.0,4.0,0.0 
 08/28  15:00:00,41.84056546073253,19.804449865411588,41.08578695138981,0.01458878459286803,0.1,0.0,0.23,18.0,0.0,1.0,0.0,0.0,120.0,37.0,4.0,0.0 
 08/28  16:00:00,43.238796102395504,19.94796915880111,42.763279619058444,0.014721823354033565,0.1,0.0,0.23,18.0,0.0,1.0,0.0,0.0,120.0,37.0,4.0,0.0 
 08/28  17:00:00,43.74675140388976,20.076019542712107,43.302658181035,0.014841395304188171,0.1,0.0,0.23,18.0,0.0,1.0,0.0,0.0,120.0,37.0,4.0,0.0 
 08/28  18:00:00,41.55203733160962,20.59456322342943,40.53060054726888,0.015336181154296703,0.75,0.0,0.23,18.0,0.0,1.0,0.0,0.5,120.0,37.0,4.0,0.0 
 08/28  19:00:00,35.8796196715822,20.51730032353914,35.96201962500578,0.015261016814683517,0.75,0.0,0.23,18.0,0.0,1.0,0.0,0.5,80.0,37.0,4.0,0.0 
 08/28  20:00:00,31.885559496590794,16.693466542547494,27.433831976540482,0.011948580119105226,0.9,1.0,0.23,18.0,0.0,1.0,1.0,0.5,80.0,27.0,4.0,0.0 
 08/28  21:00:00,27.546353872820454,15.549130203601486,27.031982753328744,0.011091458181237112,0.9,1.0,1.0,18.0,0.0,1.0,1.0,0.5,80.0,27.0,4.0,0.0 
 08/28  22:00:00,26.991890443970215,15.283283329598343,27.017136405111157,0.010901863571204627,0.9,1,1,18,0,1,1,0.5,80,27,4,0
 08/28  23:00:00,26.437427015119976,15.0174364555952,27.00229005689357,0.010712268961172142,0.9,1.0,1.0,18.0,0.0,1.0,1.0,0.5,80.0,27.0,4.0,0.0 
 08/28  24:00:00,25.982641808571564,14.997587115243444,27.001610186179175,0.010698025169174669,0.95,1.0,1.0,18.0,0.0,1.0,1.0,0.5,80.0,27.0,4.0,0.0 
 08/29  01:00:00,25.3562036450925,15.915578478970685,25.79399642122244,0.011358347300835653,0.98,0.0,0.23,18.0,0.0,1.0,1.0,0.5,80.0,27.0,4.0,0.0 
 08/29  02:00:00,24.39125028820917,16.847075701448688,24.939948580530046,0.012066051320884485,0.98,0.0,0.23,18.0,0.0,1.0,1.0,0.5,80.0,27.0,4.0,0.0 
 08/29  03:00:00,23.77332840472369,16.977057482114393,24.441400599300913,0.012167556681953682,0.98,0.0,0.23,18.0,0.0,1.0,1.0,0.5,80.0,27.0,4.0,0.0 
 08/29  04:00:00,23.23373740572402,16.963144107791663,24.03365403695208,0.012156247035036514,0.98,0.0,0.23,18.0,0.0,1.0,1.0,0.5,80.0,27.0,4.0,0.0 
 08/29  05:00:00,22.912244887993044,17.125434142773372,23.458060025841718,0.01228404355099527,0.98,0.0,0.23,18.0,0.0,1.0,1.0,0.5,80.0,27.0,4.0,0.0 
 08/29  06:00:00,22.546889710557792,17.328407084971936,23.20056491769888,0.012445793551721398,0.98,0.0,0.23,18.0,0.0,1.0,1.0,0.5,80.0,27.0,4.0,0.0 
 08/29  07:00:00,24.796762699880286,17.321831077611964,24.598876713671608,0.012440137886661649,0.85,0.0,0.23,18.0,0.0,1.0,1.0,0.5,80.0,27.0,4.0,0.0 
 08/29  08:00:00,29.585575183842806,17.427840553340634,27.099843271722168,0.012525092644048377,0.65,0.0,0.23,12.0,0.0,1.0,0.0,0.5,80.0,37.0,4.0,0.0 
 08/29  09:00:00,33.38287726015954,17.52833182277818,32.4588958558612,0.01260608617395434,0.1,0.0,0.23,18.0,0.0,1.0,0.0,0.0,120.0,37.0,4.0,0.0 
 08/29  10:00:00,39.03134273904514,17.783610615679425,37.51162202728727,0.0128146830777267,0.1,0.0,0.23,18.0,0.0,1.0,0.0,0.0,120.0,37.0,4.0,0.0 
 08/29  11:00:00,42.07707843813773,17.945783341890426,41.04208108633969,0.012948579759247937,0.1,0.0,0.23,18.0,0.0,1.0,0.0,0.0,120.0,37.0,4.0,0.0 
 08/29  12:00:00,43.184017910945656,18.10443792325813,42.46703272781284,0.013080777856477438,0.1,0.0,0.23,18.0,0.0,1.0,0.0,0.0,120.0,37.0,4.0,0.0 
 08/29  13:00:00,43.56585814832635,18.257592754795493,43.72856696401804,0.013209529276036268,0.1,0.0,0.69,18.0,0.0,1.0,0.0,0.0,120.0,37.0,4.0,0.0 
 08/29  14:00:00,44.47736632440577,18.40605824393378,44.43046599657839,0.013335412741493278,0.1,0.0,0.69,18.0,0.0,1.0,0.0,0.0,120.0,37.0,4.0,0.0 
 08/29  15:00:00,44.749269222320244,18.65382634889399,44.53138707698751,0.013548035658111537,0.1,0.0,0.23,18.0,0.0,1.0,0.0,0.0,120.0,37.0,4.0,0.0 
 08/29  16:00:00,43.23783673321065,18.787320015287897,43.48132205160829,0.013663736206993786,0.1,0.0,0.23,18.0,0.0,1.0,0.0,0.0,120.0,37.0,4.0,0.0 
 08/29  17:00:00,40.72203045714889,18.941435668477908,41.45136343714607,0.013798338764917449,0.1,0.0,0.23,18.0,0.0,1.0,0.0,0.0,120.0,37.0,4.0,0.0 
 08/29  18:00:00,36.79806453957174,19.283595982865165,37.34796553941219,0.014102292444305562,0.75,0.0,0.23,18.0,0.0,1.0,0.0,0.5,120.0,37.0,4.0,0.0 
 08/29  19:00:00,32.823437830232336,19.355997568028144,33.19818126989703,0.014166892794554402,0.75,0.0,0.23,18.0,0.0,1.0,0.0,0.5,80.0,37.0,4.0,0.0 
 08/29  20:00:00,30.32267058411605,16.41558868276846,27.211665028584214,0.011726825180123482,0.9,1.0,0.23,18.0,0.0,1.0,1.0,0.5,80.0,27.0,4.0,0.0 
 08/29  21:00:00,27.537654349340972,14.283642911259035,27.001138462226848,0.010201139438474597,0.9,1.0,1.0,18.0,0.0,1.0,1.0,0.5,80.0,27.0,4.0,0.0 
 08/29  22:00:00,27.090486514891126,13.8341093403843215,27.0015259377383555,0.0099070071796654455,0.9,1,1,18,0,1,1,0.5,80,27,4,0
 08/29  23:00:00,26.64331868044128,13.384575769509608,27.001913413249863,0.009612874920856294,0.9,1.0,1.0,18.0,0.0,1.0,1.0,0.5,80.0,27.0,4.0,0.0 
 08/29  24:00:00,26.155826130172343,13.303334805719844,27.001510011072043,0.009560888320128358,0.95,1.0,1.0,18.0,0.0,1.0,1.0,0.5,80.0,27.0,4.0,0.0 
 08/30  01:00:00,25.38549472330858,14.362055061952702,25.712585382105377,0.010252471482896732,0.98,0.0,0.23,18.0,0.0,1.0,1.0,0.5,80.0,27.0,4.0,0.0 
 08/30  02:00:00,24.267501729645197,15.259457332917256,24.67971051527254,0.010873649197485426,0.98,0.0,0.23,18.0,0.0,1.0,1.0,0.5,80.0,27.0,4.0,0.0 
 08/30  03:00:00,23.472922564737214,15.222034483876651,23.971766210705702,0.010846739341940458,0.98,0.0,0.23,18.0,0.0,1.0,1.0,0.5,80.0,27.0,4.0,0.0 
 08/30  04:00:00,22.746610822289135,15.326167501839047,23.146633252819075,0.010920408342591033,0.98,0.0,0.23,18.0,0.0,1.0,1.0,0.5,80.0,27.0,4.0,0.0 
 08/30  05:00:00,22.130220188447094,15.333113084893315,22.55250997928568,0.010925036666825443,0.98,0.0,0.23,18.0,0.0,1.0,1.0,0.5,80.0,27.0,4.0,0.0 
 08/30  06:00:00,21.655358567949726,15.381411049083713,22.256461154428557,0.010959132993063869,0.98,0.0,0.23,18.0,0.0,1.0,1.0,0.5,80.0,27.0,4.0,0.0 
 08/30  07:00:00,24.200258484455645,15.475008444085665,23.654613047974316,0.011026007890671327,0.85,0.0,0.23,18.0,0.0,1.0,1.0,0.5,80.0,27.0,4.0,0.0 
 08/30  08:00:00,26.795482626955547,15.745797664780627,25.68155959067925,0.011222079690566437,0.65,0.0,0.23,12.0,0.0,1.0,0.0,0.5,80.0,37.0,4.0,0.0 
 08/30  09:00:00,30.33689711576051,15.832459250896282,29.3981629150061,0.011285291007660073,0.1,0.0,0.23,18.0,0.0,1.0,0.0,0.0,120.0,37.0,4.0,0.0 
 08/30  10:00:00,34.575856797922754,15.963868167959284,32.796532407916786,0.011381812883849263,0.1,0.0,0.23,18.0,0.0,1.0,0.0,0.0,120.0,37.0,4.0,0.0 
 08/30  11:00:00,38.53124887564081,16.13225562018611,37.32369008106464,0.011506824773502369,0.1,0.0,0.23,18.0,0.0,1.0,0.0,0.0,120.0,37.0,4.0,0.0 
 08/30  12:00:00,40.65587801809337,16.311315007739097,39.72039843177542,0.011641014717171355,0.1,0.0,0.23,18.0,0.0,1.0,0.0,0.0,120.0,37.0,4.0,0.0 
 08/30  13:00:00,41.69265456712551,16.484790425380627,41.6059633871649,0.011772461462319625,0.1,0.0,0.69,18.0,0.0,1.0,0.0,0.0,120.0,37.0,4.0,0.0 
 08/30  14:00:00,44.36377484228642,16.653846580032223,43.834687300314805,0.011906156818571085,0.1,0.0,0.69,18.0,0.0,1.0,0.0,0.0,120.0,37.0,4.0,0.0 
 08/30  15:00:00,45.404960062362825,16.81455435084429,44.73960894912082,0.012034844427358301,0.1,0.0,0.23,18.0,0.0,1.0,0.0,0.0,120.0,37.0,4.0,0.0 
 08/30  16:00:00,45.14466272160765,17.08101418905979,44.93326101777521,0.012248224433105036,0.1,0.0,0.23,18.0,0.0,1.0,0.0,0.0,120.0,37.0,4.0,0.0 
 08/30  17:00:00,43.94399212902492,17.221095972290918,43.94397766957109,0.012363783192383055,0.1,0.0,0.23,18.0,0.0,1.0,0.0,0.0,120.0,37.0,4.0,0.0 
 08/30  18:00:00,41.06163743877135,17.785455164971417,40.149317898395395,0.012826066026357316,0.75,0.0,0.23,18.0,0.0,1.0,0.0,0.5,120.0,37.0,4.0,0.0 
 08/30  19:00:00,35.466308347885345,18.155837708868933,35.45091556600713,0.013139289533759634,0.75,0.0,0.23,18.0,0.0,1.0,0.0,0.5,80.0,37.0,4.0,0.0 
 08/30  20:00:00,31.641369161537327,15.52891564081275,27.36858565391873,0.011088920458633293,0.9,1.0,0.23,18.0,0.0,1.0,1.0,0.5,80.0,27.0,4.0,0.0 
 08/30  21:00:00,27.518856243277245,14.983040785570866,27.025248431271223,0.010703705733440056,0.9,1.0,1.0,18.0,0.0,1.0,1.0,0.5,80.0,27.0,4.0,0.0 
 08/30  22:00:00,26.988622684494869,14.90036473301675,27.0136586852195365,0.010647824297233486,0.9,1,1,18,0,1,1,0.5,80,27,4,0
 08/30  23:00:00,26.458389125712493,14.817688680462634,27.00206893916785,0.010591942861026916,0.9,1.0,1.0,18.0,0.0,1.0,1.0,0.5,80.0,27.0,4.0,0.0 
 08/30  24:00:00,26.02834127618563,15.032197508603794,27.001479376845666,0.010745611308931298,0.95,1.0,1.0,18.0,0.0,1.0,1.0,0.5,80.0,27.0,4.0,0.0 
 08/31  01:00:00,25.498373672420424,16.368255093171168,25.852678021458946,0.011731718851910267,0.98,0.0,0.23,18.0,0.0,1.0,1.0,0.5,80.0,27.0,4.0,0.0 
 08/31  02:00:00,24.639014107836104,17.0299007513153,25.27069819094185,0.012249689055994672,0.98,0.0,0.23,18.0,0.0,1.0,1.0,0.5,80.0,27.0,4.0,0.0 
 08/31  03:00:00,24.17400653363389,17.63823713556282,24.846597946452185,0.012744359039250296,0.98,0.0,0.23,18.0,0.0,1.0,1.0,0.5,80.0,27.0,4.0,0.0 
 08/31  04:00:00,23.82806214596736,18.772222086892512,24.31669622749923,0.01371069251071372,0.98,0.0,0.23,18.0,0.0,1.0,1.0,0.5,80.0,27.0,4.0,0.0 
 08/31  05:00:00,23.476837247122777,19.40039668943493,24.057823217244945,0.01427616697507537,0.98,0.0,0.23,18.0,0.0,1.0,1.0,0.5,80.0,27.0,4.0,0.0 
 08/31  06:00:00,23.220169513601846,19.71868692333964,23.825915947337858,0.014573141561349107,0.98,0.0,0.23,18.0,0.0,1.0,1.0,0.5,80.0,27.0,4.0,0.0 
 08/31  07:00:00,23.343567413135986,19.898998526159584,23.765766199534355,0.014745916333117002,0.85,0.0,0.23,18.0,0.0,1.0,1.0,0.5,80.0,27.0,4.0,0.0 
 08/31  08:00:00,23.72870145059202,19.976898247116367,23.946496483073098,0.014824119360422194,0.65,0.0,0.23,12.0,0.0,1.0,0.0,0.5,80.0,37.0,4.0,0.0 
 08/31  09:00:00,24.891549034225402,20.01820559564189,24.806535728956135,0.01486816735275696,0.1,0.0,0.23,18.0,0.0,1.0,0.0,0.0,120.0,37.0,4.0,0.0 
 08/31  10:00:00,26.194188779986245,20.075945549417433,25.883974867242493,0.014927880688423191,0.1,0.0,0.23,18.0,0.0,1.0,0.0,0.0,120.0,37.0,4.0,0.0 
 08/31  11:00:00,27.625117869703523,20.21425274843439,27.387933505231818,0.015064516540137948,0.1,0.0,0.23,18.0,0.0,1.0,0.0,0.0,120.0,37.0,4.0,0.0 
 08/31  12:00:00,28.89971608092608,20.368191853482312,28.6637213075614,0.015217182896217317,0.1,0.0,0.23,18.0,0.0,1.0,0.0,0.0,120.0,37.0,4.0,0.0 
 08/31  13:00:00,29.69847260323721,20.44174407747849,30.063570167975996,0.015293475846375434,0.1,0.0,0.69,18.0,0.0,1.0,0.0,0.0,120.0,37.0,4.0,0.0 
 08/31  14:00:00,29.79068319912227,20.533770579934096,30.47547156809714,0.015380841616075372,0.1,0.0,0.69,18.0,0.0,1.0,0.0,0.0,120.0,37.0,4.0,0.0 
 08/31  15:00:00,29.57272877210009,20.61756248985471,29.873245318286195,0.01546060899401255,0.1,0.0,0.23,18.0,0.0,1.0,0.0,0.0,120.0,37.0,4.0,0.0 
 08/31  16:00:00,28.29109048431645,20.704531372278993,29.111637398410267,0.015543865607588903,0.1,0.0,0.23,18.0,0.0,1.0,0.0,0.0,120.0,37.0,4.0,0.0 
 08/31  17:00:00,27.066180535075418,20.890107364881665,27.928301015245797,0.015725055378856313,0.1,0.0,0.23,18.0,0.0,1.0,0.0,0.0,120.0,37.0,4.0,0.0 
 08/31  18:00:00,25.535464778624714,21.107595935253002,26.515218157959968,0.015940158463233,0.75,0.0,0.23,18.0,0.0,1.0,0.0,0.5,120.0,37.0,4.0,0.0 
 08/31  19:00:00,24.318997833032576,20.746780583508915,25.470949126860774,0.015579647485053201,0.75,0.0,0.23,18.0,0.0,1.0,0.0,0.5,80.0,37.0,4.0,0.0 
 08/31  20:00:00,23.404572922128292,20.12107820414581,25.524564833750652,0.01497309405335788,0.9,1.0,0.23,18.0,0.0,1.0,1.0,0.5,80.0,27.0,4.0,0.0 
 08/31  21:00:00,23.765271805767977,19.999637626077174,26.164002785633663,0.014856432670902697,0.9,1.0,1.0,18.0,0.0,1.0,1.0,0.5,80.0,27.0,4.0,0.0 
 08/31  22:00:00,23.880562601332091,19.915316527183501,26.231292725363639,0.0147764622960934645,0.9,1,1,18,0,1,1,0.5,80,27,4,0
 08/31  23:00:00,23.995853396896205,19.830995428289828,26.298582665093615,0.014696491921284232,0.9,1.0,1.0,18.0,0.0,1.0,1.0,0.5,80.0,27.0,4.0,0.0 
 08/31  24:00:00,24.063595427623433,19.62193130246905,26.44388507103202,0.014500802409427778,0.95,1.0,1.0,18.0,0.0,1.0,1.0,0.5,80.0,27.0,4.0,0.0 
 09/01  01:00:00,23.81863135065387,18.399368705815807,24.512546116751846,0.013412535117138677,0.98,0.0,0.23,18.0,0.0,1.0,1.0,0.5,80.0,27.0,4.0,0.0 
 09/01  02:00:00,22.432226463860967,18.10815047678692,23.69467738138888,0.013162763700619945,0.98,0.0,0.23,18.0,0.0,1.0,1.0,0.5,80.0,27.0,4.0,0.0 
 09/01  03:00:00,22.01844882852066,18.109540794361738,22.991841063576135,0.013162330515242626,0.98,0.0,0.23,18.0,0.0,1.0,1.0,0.5,80.0,27.0,4.0,0.0 
 09/01  04:00:00,21.519991471816116,17.880548278546932,22.36479552738267,0.012968552068577803,0.98,0.0,0.23,18.0,0.0,1.0,1.0,0.5,80.0,27.0,4.0,0.0 
 09/01  05:00:00,21.308198722075463,17.713555080511618,22.144190856563377,0.012828310431317564,0.98,0.0,0.23,18.0,0.0,1.0,1.0,0.5,80.0,27.0,4.0,0.0 
 09/01  06:00:00,21.205290513155663,17.663695101795145,22.078655992762574,0.012785647972988203,0.98,0.0,0.23,18.0,0.0,1.0,1.0,0.5,80.0,27.0,4.0,0.0 
 09/01  07:00:00,21.49155252057764,17.74419733667461,22.20934465213576,0.01285049084890644,0.85,0.0,0.23,18.0,0.0,1.0,1.0,0.5,80.0,27.0,4.0,0.0 
 09/01  08:00:00,22.752284985206405,17.828230463306472,23.077745745395934,0.012918561401189384,0.65,0.0,0.23,12.0,0.0,1.0,0.0,0.5,80.0,37.0,4.0,0.0 
 09/01  09:00:00,24.621835887943504,17.88829494530664,24.493915871380498,0.01296696209163,0.1,0.0,0.23,18.0,0.0,1.0,0.0,0.0,120.0,37.0,4.0,0.0 
 09/01  10:00:00,29.847157076573318,17.9642437216131,28.18272134434369,0.013028814083937863,0.1,0.0,0.23,18.0,0.0,1.0,0.0,0.0,120.0,37.0,4.0,0.0 
 09/01  11:00:00,30.936779286795076,18.074133633655137,30.240117235697777,0.013119490842693956,0.1,0.0,0.23,18.0,0.0,1.0,0.0,0.0,120.0,37.0,4.0,0.0 
 09/01  12:00:00,34.456924265688194,18.19234889865209,32.68008122051014,0.013217789788862929,0.1,0.0,0.23,18.0,0.0,1.0,0.0,0.0,120.0,37.0,4.0,0.0 
 09/01  13:00:00,34.16348327221328,18.333848575707506,34.4325168680318,0.013336638541497402,0.1,0.0,0.69,18.0,0.0,1.0,0.0,0.0,120.0,37.0,4.0,0.0 
 09/01  14:00:00,37.33059675953643,18.4851958831084,36.849330085183176,0.013464932556832416,0.1,0.0,0.69,18.0,0.0,1.0,0.0,0.0,120.0,37.0,4.0,0.0 
 09/01  15:00:00,40.616943807873554,18.805778214616073,39.4164258640212,0.013742223271282938,0.1,0.0,0.23,18.0,0.0,1.0,0.0,0.0,120.0,37.0,4.0,0.0 
 09/01  16:00:00,34.79897427515195,18.951653986225697,35.94431418734264,0.013869167005453951,0.1,0.0,0.23,18.0,0.0,1.0,0.0,0.0,120.0,37.0,4.0,0.0 
 09/01  17:00:00,30.688447096446783,19.099444304131076,32.78248740958411,0.013998871599193852,0.1,0.0,0.23,18.0,0.0,1.0,0.0,0.0,120.0,37.0,4.0,0.0 
 09/01  18:00:00,29.017334163890116,18.065687216918644,30.272854756646904,0.013101185864611776,0.75,0.0,0.23,18.0,0.0,1.0,0.0,0.5,120.0,37.0,4.0,0.0 
 09/01  19:00:00,27.072753905880038,16.88480118235193,28.486223818010473,0.012139593150362553,0.75,0.0,0.23,18.0,0.0,1.0,0.0,0.5,80.0,37.0,4.0,0.0 
 09/01  20:00:00,25.89753611264519,15.211121217603013,26.990432352412515,0.010885854996493893,0.9,1.0,0.23,18.0,0.0,1.0,1.0,0.5,80.0,27.0,4.0,0.0 
 09/01  21:00:00,25.30039128998011,13.51085765736258,27.000761928476194,0.009732465017673199,0.9,1.0,1.0,18.0,0.0,1.0,1.0,0.5,80.0,27.0,4.0,0.0 
 09/01  22:00:00,25.177602864484538,12.9561327051120225,27.000668285699472,0.0093861483209602445,0.9,1,1,18,0,1,1,0.5,80,27,4,0
 09/01  23:00:00,25.054814438988966,12.401407752861465,27.00057464292275,0.00903983162424729,0.9,1.0,1.0,18.0,0.0,1.0,1.0,0.5,80.0,27.0,4.0,0.0 
 09/01  24:00:00,24.813667111813942,11.88311831885685,27.00024896742632,0.008731110282886353,0.95,1.0,1.0,18.0,0.0,1.0,1.0,0.5,80.0,27.0,4.0,0.0 
 09/02  01:00:00,24.348133968661312,11.919215669285434,24.927958271983396,0.008750109490320226,0.95,0.0,0.23,5.0,0.0,1.0,1.0,0.5,80.0,27.0,4.0,0.0 
 09/02  02:00:00,22.577761828158057,11.752993903256638,23.515924484681157,0.008652222757912683,0.95,0.0,0.23,5.0,0.0,1.0,1.0,0.5,80.0,27.0,4.0,0.0 
 09/02  03:00:00,21.482213441264804,11.599767397248186,22.35687976500132,0.008562780002550702,0.95,0.0,0.23,5.0,0.0,1.0,1.0,0.5,80.0,27.0,4.0,0.0 
 09/02  04:00:00,20.679861550111426,11.412766949417573,21.467033904832135,0.008454973697765588,0.95,0.0,0.23,5.0,0.0,1.0,1.0,0.5,80.0,27.0,4.0,0.0 
 09/02  05:00:00,20.089727777400917,11.292687875614405,20.8542649221066,0.008386028821414024,0.95,0.0,0.23,5.0,0.0,1.0,1.0,0.5,80.0,27.0,4.0,0.0 
 09/02  06:00:00,19.691950407711484,11.378507203645857,20.456359416246954,0.008433503095658674,0.95,0.0,0.23,5.0,0.0,1.0,1.0,0.5,80.0,27.0,4.0,0.0 
 09/02  07:00:00,21.231125496668497,11.355229272708511,21.300179604362945,0.008419308620578516,0.95,0.0,0.23,5.0,0.0,1.0,1.0,0.5,80.0,27.0,4.0,0.0 
 09/02  08:00:00,24.76371948745649,11.546290708211217,23.637058566930072,0.008526964295459592,0.95,0.0,0.23,5.0,0.0,1.0,1.0,0.5,80.0,27.0,4.0,0.0 
 09/02  09:00:00,28.10315309944036,11.666213013967576,26.51402218245957,0.008594775467817586,0.95,0.0,0.23,5.0,0.0,1.0,1.0,0.5,80.0,27.0,4.0,0.0 
 09/02  10:00:00,29.952536325880672,11.085803390941809,26.98672327640381,0.00826515561527735,0.6,0.0,0.23,5.0,0.0,1.0,1.0,0.5,80.0,27.0,4.0,0.0 
 09/02  11:00:00,31.102587408769242,9.828038929070857,27.001463900411085,0.007590480080743809,0.6,0.0,0.23,5.0,0.0,1.0,1.0,0.5,80.0,27.0,4.0,0.0 
 09/02  12:00:00,31.558522819081716,8.936029766021516,27.001923636905854,0.0071420806405925255,0.6,0.0,0.23,5.0,0.0,1.0,1.0,0.5,80.0,27.0,4.0,0.0 
 09/02  13:00:00,31.964614596332517,8.486137669249194,27.00212596034653,0.00692463444643197,0.6,0.0,0.69,5.0,0.0,1.0,1.0,0.5,80.0,27.0,4.0,0.0 
 09/02  14:00:00,32.414830210925395,8.348955069479052,27.002198429834134,0.00685915191859001,0.6,0.0,0.69,5.0,0.0,1.0,1.0,0.5,80.0,27.0,4.0,0.0 
 09/02  15:00:00,31.436308444009885,8.458891435338549,27.001982947840194,0.006910528826222447,0.6,0.0,0.23,5.0,0.0,1.0,1.0,0.5,80.0,27.0,4.0,0.0 
 09/02  16:00:00,31.30031128235708,8.76348952573262,27.001954392861784,0.007055607920162744,0.6,0.0,0.23,5.0,0.0,1.0,1.0,0.5,80.0,27.0,4.0,0.0 
 09/02  17:00:00,29.975236168363608,9.068141842940891,27.001579959922594,0.007203428752835105,0.6,0.0,0.23,5.0,0.0,1.0,1.0,0.5,80.0,27.0,4.0,0.0 
 09/02  18:00:00,27.71650325537346,9.638659425647827,27.000527481136885,0.007488302716868242,0.6,0.0,0.23,5.0,0.0,1.0,1.0,0.5,80.0,27.0,4.0,0.0 
 09/02  19:00:00,25.971378143798148,10.168267096209556,26.478573773531934,0.007761748110337566,0.9,0.0,0.23,5.0,0.0,1.0,1.0,0.5,80.0,27.0,4.0,0.0 
 09/02  20:00:00,25.000192763290055,11.236099226232497,26.926985911191508,0.008340998842182645,0.9,1.0,0.23,5.0,0.0,1.0,1.0,0.5,80.0,27.0,4.0,0.0 
 09/02  21:00:00,25.04439011684789,11.987476287504943,27.00025721870925,0.008771229430776186,0.9,1.0,1.0,5.0,0.0,1.0,1.0,0.5,80.0,27.0,4.0,0.0 
 09/02  22:00:00,24.9021664458378765,12.191000874630596,27.0001402780232325,0.008891678417768987,0.9,1,1,5,0,1,1,0.5,80,27,4,0
 09/02  23:00:00,24.759942774827863,12.394525461756249,27.000023337337215,0.009012127404761788,0.9,1.0,1.0,5.0,0.0,1.0,1.0,0.5,80.0,27.0,4.0,0.0 
 09/02  24:00:00,24.528048062751814,12.647730100815792,26.713634234028888,0.009164726823369981,0.9,1.0,1.0,5.0,0.0,1.0,1.0,0.5,80.0,27.0,4.0,0.0 
 09/03  01:00:00,23.543704136557345,12.627165228821724,23.974521265518636,0.009150529371459968,0.95,0.0,0.23,5.0,0.0,1.0,1.0,0.5,80.0,27.0,4.0,0.0 
 09/03  02:00:00,21.853566561211473,12.278192369702198,22.65944350133832,0.008939392266649833,0.95,0.0,0.23,5.0,0.0,1.0,1.0,0.5,80.0,27.0,4.0,0.0 
 09/03  03:00:00,20.90426628452032,12.060068992416651,21.701585865024988,0.008809296454591246,0.95,0.0,0.23,5.0,0.0,1.0,1.0,0.5,80.0,27.0,4.0,0.0 
 09/03  04:00:00,20.269395475837612,11.868856035147086,21.023122363815915,0.008696553634677518,0.95,0.0,0.23,5.0,0.0,1.0,1.0,0.5,80.0,27.0,4.0,0.0 
 09/03  05:00:00,19.790572355112346,11.372149591966599,20.35362756259897,0.008410925114797617,0.95,0.0,0.23,5.0,0.0,1.0,1.0,0.5,80.0,27.0,4.0,0.0 
 09/03  06:00:00,19.396818709703957,11.147969986224618,20.09571679859788,0.008284459549583241,0.95,0.0,0.23,5.0,0.0,1.0,1.0,0.5,80.0,27.0,4.0,0.0 
 09/03  07:00:00,21.76864272097807,10.998562658906055,21.526043654902303,0.008200822241003975,0.95,0.0,0.23,5.0,0.0,1.0,1.0,0.5,80.0,27.0,4.0,0.0 
 09/03  08:00:00,25.528364090521112,11.08305877324849,24.491881011024777,0.008246861679436616,0.95,0.0,0.23,5.0,0.0,1.0,1.0,0.5,80.0,27.0,4.0,0.0 
 09/03  09:00:00,29.83782523253878,11.22955442848724,26.774501810525198,0.00832786561663557,0.95,0.0,0.23,5.0,0.0,1.0,1.0,0.5,80.0,27.0,4.0,0.0 
 09/03  10:00:00,32.84250292003607,10.226389609026679,27.00201335104802,0.007782119092440795,0.6,0.0,0.23,5.0,0.0,1.0,1.0,0.5,80.0,27.0,4.0,0.0 
 09/03  11:00:00,33.630065559991905,9.312414898179895,27.002180709060653,0.007312944818324636,0.6,0.0,0.23,5.0,0.0,1.0,1.0,0.5,80.0,27.0,4.0,0.0 
 09/03  12:00:00,33.03832573649233,9.016480700199814,27.002169942752683,0.007166114892337224,0.6,0.0,0.23,5.0,0.0,1.0,1.0,0.5,80.0,27.0,4.0,0.0 
 09/03  13:00:00,33.05731601155183,9.027414008616327,27.00222263027987,0.007170893167494617,0.6,0.0,0.69,5.0,0.0,1.0,1.0,0.5,80.0,27.0,4.0,0.0 
 09/03  14:00:00,33.685148567675846,9.181493332340755,27.002229598934992,0.007247656696367505,0.6,0.0,0.69,5.0,0.0,1.0,1.0,0.5,80.0,27.0,4.0,0.0 
 09/03  15:00:00,34.01769954343398,9.257106441771233,27.002184992057966,0.007286007517150337,0.6,0.0,0.23,5.0,0.0,1.0,1.0,0.5,80.0,27.0,4.0,0.0 
 09/03  16:00:00,33.16764845240475,9.319628515172514,27.00216813299872,0.007318082271773808,0.6,0.0,0.23,5.0,0.0,1.0,1.0,0.5,80.0,27.0,4.0,0.0 
 09/03  17:00:00,30.984888357791302,9.433461280063458,27.0019511983881,0.007376017995457016,0.6,0.0,0.23,5.0,0.0,1.0,1.0,0.5,80.0,27.0,4.0,0.0 
 09/03  18:00:00,29.045376697533595,9.723472893519887,27.001337856598234,0.007523968741964423,0.6,0.0,0.23,5.0,0.0,1.0,1.0,0.5,80.0,27.0,4.0,0.0 
 09/03  19:00:00,27.262740557650666,10.354306927628839,27.000490291301798,0.007853809359831638,0.9,0.0,0.23,5.0,0.0,1.0,1.0,0.5,80.0,27.0,4.0,0.0 
 09/03  20:00:00,26.577433774025653,11.01845479826136,27.00115689754387,0.008214950778834395,0.9,1.0,0.23,5.0,0.0,1.0,1.0,0.5,80.0,27.0,4.0,0.0 
 09/03  21:00:00,26.15358380318842,11.368289233109524,27.001498833939575,0.008411618869248025,0.9,1.0,1.0,5.0,0.0,1.0,1.0,0.5,80.0,27.0,4.0,0.0 
 09/03  22:00:00,25.9613706093855285,11.5265368200030275,27.001394073177684,0.008502448061644627,0.9,1,1,5,0,1,1,0.5,80,27,4,0
 09/03  23:00:00,25.769157415582637,11.684784406896531,27.001289312415793,0.008593277254041229,0.9,1.0,1.0,5.0,0.0,1.0,1.0,0.5,80.0,27.0,4.0,0.0 
 09/03  24:00:00,25.436058734079907,12.00017243310923,27.00075714036161,0.008777796773538106,0.9,1.0,1.0,5.0,0.0,1.0,1.0,0.5,80.0,27.0,4.0,0.0 
 09/04  01:00:00,24.84335020995903,12.876353631083756,25.232820659871027,0.00930816980719804,0.98,0.0,0.23,18.0,0.0,1.0,1.0,0.5,80.0,27.0,4.0,0.0 
 09/04  02:00:00,23.460800891452962,13.708685748858652,23.88662615830972,0.009837372548887915,0.98,0.0,0.23,18.0,0.0,1.0,1.0,0.5,80.0,27.0,4.0,0.0 
 09/04  03:00:00,22.530726865600112,13.973978051507009,23.069930025511155,0.010012523976691647,0.98,0.0,0.23,18.0,0.0,1.0,1.0,0.5,80.0,27.0,4.0,0.0 
 09/04  04:00:00,21.845463570973948,14.071059499860496,22.403198066665745,0.010078153800900932,0.98,0.0,0.23,18.0,0.0,1.0,1.0,0.5,80.0,27.0,4.0,0.0 
 09/04  05:00:00,21.313924523750977,14.188557417598435,21.736416485564433,0.010157824401587747,0.98,0.0,0.23,18.0,0.0,1.0,1.0,0.5,80.0,27.0,4.0,0.0 
 09/04  06:00:00,20.89698217179334,14.13962851503945,21.500023840196484,0.010126460472276829,0.98,0.0,0.23,18.0,0.0,1.0,1.0,0.5,80.0,27.0,4.0,0.0 
 09/04  07:00:00,21.067825497903193,14.12255160476123,21.394469563080296,0.010116398279411645,0.85,0.0,0.23,18.0,0.0,1.0,1.0,0.5,80.0,27.0,4.0,0.0 
 09/04  08:00:00,22.26582659124204,14.089550203349358,21.969610418700746,0.010095742456447388,0.65,0.0,0.23,12.0,0.0,1.0,0.0,0.5,80.0,37.0,4.0,0.0 
 09/04  09:00:00,24.35048402455456,14.16051532334308,23.86176178552816,0.010144399386947235,0.1,0.0,0.23,18.0,0.0,1.0,0.0,0.0,120.0,37.0,4.0,0.0 
 09/04  10:00:00,27.56225849813759,14.244412316706226,26.030696958171525,0.010201952472016433,0.1,0.0,0.23,18.0,0.0,1.0,0.0,0.0,120.0,37.0,4.0,0.0 
 09/04  11:00:00,29.661616871560263,14.350624281356913,28.932783256166005,0.010274773451018028,0.1,0.0,0.23,18.0,0.0,1.0,0.0,0.0,120.0,37.0,4.0,0.0 
 09/04  12:00:00,35.78390981216744,14.48385455993997,33.35227492567258,0.010366565751293466,0.1,0.0,0.23,18.0,0.0,1.0,0.0,0.0,120.0,37.0,4.0,0.0 
 09/04  13:00:00,37.35204895820161,14.675728033092039,37.01771481488419,0.010499452567976263,0.1,0.0,0.69,18.0,0.0,1.0,0.0,0.0,120.0,37.0,4.0,0.0 
 09/04  14:00:00,40.089395111961075,14.870611545609638,39.39264632331178,0.010633388803989646,0.1,0.0,0.69,18.0,0.0,1.0,0.0,0.0,120.0,37.0,4.0,0.0 
 09/04  15:00:00,40.87295078888794,15.04851976210543,40.27656343868987,0.010756995935546847,0.1,0.0,0.23,18.0,0.0,1.0,0.0,0.0,120.0,37.0,4.0,0.0 
 09/04  16:00:00,35.142993714027604,15.24107913964044,36.25638402384463,0.010892211437329585,0.1,0.0,0.23,18.0,0.0,1.0,0.0,0.0,120.0,37.0,4.0,0.0 
 09/04  17:00:00,30.301977138865176,15.424232840532499,32.573258481564615,0.011022172017433126,0.1,0.0,0.23,18.0,0.0,1.0,0.0,0.0,120.0,37.0,4.0,0.0 
 09/04  18:00:00,27.837038213680803,15.44303949942225,28.819387360237254,0.0110344937043877,0.75,0.0,0.23,18.0,0.0,1.0,0.0,0.5,120.0,37.0,4.0,0.0 
 09/04  19:00:00,25.71577693464647,14.909648910189631,26.723719460125096,0.010654929604177975,0.75,0.0,0.23,18.0,0.0,1.0,0.0,0.5,80.0,37.0,4.0,0.0 
 09/04  20:00:00,24.618803802654828,14.503334921460201,26.645928843516476,0.010373351344095609,0.9,1.0,0.23,18.0,0.0,1.0,1.0,0.5,80.0,27.0,4.0,0.0 
 09/04  21:00:00,24.62496681402165,14.464897440320456,26.945111499528544,0.01034602275695756,0.9,1.0,1.0,18.0,0.0,1.0,1.0,0.5,80.0,27.0,4.0,0.0 
 09/04  22:00:00,24.590804266475185,14.519596053716327,26.875553616781451,0.010382772756288786,0.9,1,1,18,0,1,1,0.5,80,27,4,0
 09/04  23:00:00,24.55664171892872,14.574294667112198,26.805995734034358,0.010419522755620012,0.9,1.0,1.0,18.0,0.0,1.0,1.0,0.5,80.0,27.0,4.0,0.0 
 09/04  24:00:00,24.23888870794289,14.64334376856143,26.431646958442638,0.010465831578827297,0.95,1.0,1.0,18.0,0.0,1.0,1.0,0.5,80.0,27.0,4.0,0.0 
 09/05  01:00:00,23.40876225226528,14.862690034854104,23.86169924485765,0.010615205482737342,0.98,0.0,0.23,18.0,0.0,1.0,1.0,0.5,80.0,27.0,4.0,0.0 
 09/05  02:00:00,21.7500781036892,14.66679161331182,22.561336626868375,0.010478466915483688,0.98,0.0,0.23,18.0,0.0,1.0,1.0,0.5,80.0,27.0,4.0,0.0 
 09/05  03:00:00,20.754535052148242,14.337561471470165,21.592787725330687,0.010252999518490718,0.98,0.0,0.23,18.0,0.0,1.0,1.0,0.5,80.0,27.0,4.0,0.0 
 09/05  04:00:00,20.106881208560466,14.058655915442115,20.856447489961425,0.010065346137721788,0.98,0.0,0.23,18.0,0.0,1.0,1.0,0.5,80.0,27.0,4.0,0.0 
 09/05  05:00:00,19.60059022670234,13.555718271792049,20.174268039444435,0.009735427917894265,0.98,0.0,0.23,18.0,0.0,1.0,1.0,0.5,80.0,27.0,4.0,0.0 
 09/05  06:00:00,19.286111028319045,13.858534076810429,19.974629098665076,0.009931122559379432,0.98,0.0,0.23,18.0,0.0,1.0,1.0,0.5,80.0,27.0,4.0,0.0 
 09/05  07:00:00,22.19239563851785,13.967422408078159,21.633693470503278,0.01000163730092874,0.85,0.0,0.23,18.0,0.0,1.0,1.0,0.5,80.0,27.0,4.0,0.0 
 09/05  08:00:00,26.875313367556473,14.263691740108412,25.148556704738724,0.010197815658177768,0.65,0.0,0.23,12.0,0.0,1.0,0.0,0.5,80.0,37.0,4.0,0.0 
 09/05  09:00:00,31.212798083146993,14.362413841355712,30.13723883648452,0.010263153561852933,0.1,0.0,0.23,18.0,0.0,1.0,0.0,0.0,120.0,37.0,4.0,0.0 
 09/05  10:00:00,36.50446636238599,14.626004626881334,35.33807377736883,0.010441376079372355,0.1,0.0,0.23,18.0,0.0,1.0,0.0,0.0,120.0,37.0,4.0,0.0 
 09/05  11:00:00,38.87160113641217,14.819747475158762,38.14101116405488,0.010573823360097804,0.1,0.0,0.23,18.0,0.0,1.0,0.0,0.0,120.0,37.0,4.0,0.0 
 09/05  12:00:00,40.22640024622005,15.006491908353846,39.645770480415436,0.010702972361231805,0.1,0.0,0.23,18.0,0.0,1.0,0.0,0.0,120.0,37.0,4.0,0.0 
 09/05  13:00:00,40.831193942668726,15.18920248851684,41.00713025865914,0.01083056376688845,0.1,0.0,0.69,18.0,0.0,1.0,0.0,0.0,120.0,37.0,4.0,0.0 
 09/05  14:00:00,42.7979878957102,15.373333189676751,42.37921025447313,0.01096108473244639,0.1,0.0,0.69,18.0,0.0,1.0,0.0,0.0,120.0,37.0,4.0,0.0 
 09/05  15:00:00,43.234099886096224,15.5394961749809,42.863853167655556,0.011080012195025211,0.1,0.0,0.23,18.0,0.0,1.0,0.0,0.0,120.0,37.0,4.0,0.0 
 09/05  16:00:00,41.077985518566805,15.717815136223518,41.41883181146831,0.011208974980468963,0.1,0.0,0.23,18.0,0.0,1.0,0.0,0.0,120.0,37.0,4.0,0.0 
 09/05  17:00:00,38.224709804871374,15.900140018603501,39.05517522531507,0.011342354312556603,0.1,0.0,0.23,18.0,0.0,1.0,0.0,0.0,120.0,37.0,4.0,0.0 
 09/05  18:00:00,34.91869530512607,16.869484324769918,35.22463164214599,0.01207818813157279,0.75,0.0,0.23,18.0,0.0,1.0,0.0,0.5,120.0,37.0,4.0,0.0 
 09/05  19:00:00,30.964333509644714,17.697537340653962,31.176392442950743,0.012740310090116195,0.75,0.0,0.23,18.0,0.0,1.0,0.0,0.5,80.0,37.0,4.0,0.0 
 09/05  20:00:00,28.337801769140867,15.993754397480027,27.016283057910186,0.011409612006032934,0.9,1.0,0.23,18.0,0.0,1.0,1.0,0.5,80.0,27.0,4.0,0.0 
 09/05  21:00:00,26.462786382556565,14.831109497973369,27.00083953448499,0.0105745608932285,0.9,1.0,1.0,18.0,0.0,1.0,1.0,0.5,80.0,27.0,4.0,0.0 
 09/05  22:00:00,26.0637833361967935,14.6142744171543895,27.001151689968021,0.0104257731768819405,0.9,1,1,18,0,1,1,0.5,80,27,4,0
 09/05  23:00:00,25.664780289837022,14.39743933633541,27.001463845451052,0.010276985460535381,0.9,1.0,1.0,18.0,0.0,1.0,1.0,0.5,80.0,27.0,4.0,0.0 
 09/05  24:00:00,25.355234731280053,14.781168254220567,27.00069738296827,0.010538701784437948,0.95,1.0,1.0,18.0,0.0,1.0,1.0,0.5,80.0,27.0,4.0,0.0 
 09/06  01:00:00,24.87199756080351,16.227240800559443,25.2860317817456,0.011580769989095938,0.98,0.0,0.23,18.0,0.0,1.0,1.0,0.5,80.0,27.0,4.0,0.0 
 09/06  02:00:00,23.513974759868617,16.485638500399403,24.173737129685172,0.011776080372823168,0.98,0.0,0.23,18.0,0.0,1.0,1.0,0.5,80.0,27.0,4.0,0.0 
 09/06  03:00:00,22.62007845903073,16.477311754980967,23.283455783356736,0.011769008707723606,0.98,0.0,0.23,18.0,0.0,1.0,1.0,0.5,80.0,27.0,4.0,0.0 
 09/06  04:00:00,21.946339936651565,16.343672153269985,22.630738546627327,0.011666675256432637,0.98,0.0,0.23,18.0,0.0,1.0,1.0,0.5,80.0,27.0,4.0,0.0 
 09/06  05:00:00,21.359644368314896,15.911833290835725,21.931154075887356,0.011342979792896356,0.98,0.0,0.23,18.0,0.0,1.0,1.0,0.5,80.0,27.0,4.0,0.0 
 09/06  06:00:00,20.981079037424728,15.666602991153136,21.646269771840497,0.01116259557980804,0.98,0.0,0.23,18.0,0.0,1.0,1.0,0.5,80.0,27.0,4.0,0.0 
 09/06  07:00:00,23.489419871157647,15.323646515957668,23.076591651237965,0.010914757765613162,0.85,0.0,0.23,18.0,0.0,1.0,1.0,0.5,80.0,27.0,4.0,0.0 
 09/06  08:00:00,28.521212667791346,15.298388518413706,26.629413691931525,0.010896091330818002,0.65,0.0,0.23,12.0,0.0,1.0,0.0,0.5,80.0,37.0,4.0,0.0 
 09/06  09:00:00,33.056225648147574,15.41254633436889,31.935564679943266,0.010977022478956034,0.1,0.0,0.23,18.0,0.0,1.0,0.0,0.0,120.0,37.0,4.0,0.0 
 09/06  10:00:00,38.208700651040736,15.578479238690177,36.53644318024608,0.011095922857619692,0.1,0.0,0.23,18.0,0.0,1.0,0.0,0.0,120.0,37.0,4.0,0.0 
 09/06  11:00:00,40.6706103558938,15.765742314100276,39.803367249882676,0.011231693665712186,0.1,0.0,0.23,18.0,0.0,1.0,0.0,0.0,120.0,37.0,4.0,0.0 
 09/06  12:00:00,42.26665198297236,15.944967619651536,41.6036876466591,0.011362890664091817,0.1,0.0,0.23,18.0,0.0,1.0,0.0,0.0,120.0,37.0,4.0,0.0 
 09/06  13:00:00,43.62559935218013,16.325201950333,43.85420158154874,0.011646581334353211,0.1,0.0,0.69,18.0,0.0,1.0,0.0,0.0,120.0,37.0,4.0,0.0 
 09/06  14:00:00,46.340405025249424,16.487959504384367,45.870128281218705,0.011771555646874318,0.1,0.0,0.69,18.0,0.0,1.0,0.0,0.0,120.0,37.0,4.0,0.0 
 09/06  15:00:00,47.34733847170466,16.655807977607203,46.857125584863795,0.011901661642323003,0.1,0.0,0.23,18.0,0.0,1.0,0.0,0.0,120.0,37.0,4.0,0.0 
 09/06  16:00:00,45.793813037074074,16.809102320862124,45.89235222858995,0.012021853542480053,0.1,0.0,0.23,18.0,0.0,1.0,0.0,0.0,120.0,37.0,4.0,0.0 
 09/06  17:00:00,42.83628497558217,16.98062118409332,43.522640893650916,0.012157332923070639,0.1,0.0,0.23,18.0,0.0,1.0,0.0,0.0,120.0,37.0,4.0,0.0 
 09/06  18:00:00,40.36312673998272,17.131057998660186,40.01061707718115,0.012277458799108479,0.75,0.0,0.23,18.0,0.0,1.0,0.0,0.5,120.0,37.0,4.0,0.0 
 09/06  19:00:00,35.23322851201647,16.895468621697283,35.57856494481463,0.012093254738728269,0.75,0.0,0.23,18.0,0.0,1.0,0.0,0.5,80.0,37.0,4.0,0.0 
 09/06  20:00:00,31.738898280808623,14.475224747357812,27.374524383366587,0.010328752142915218,0.9,1.0,0.23,18.0,0.0,1.0,1.0,0.5,80.0,27.0,4.0,0.0 
 09/06  21:00:00,27.842603519564722,13.370121508846104,27.028977785411573,0.00960338573551759,0.9,1.0,1.0,18.0,0.0,1.0,1.0,0.5,80.0,27.0,4.0,0.0 
 09/06  22:00:00,27.364865817981646,12.98301262395345,27.0157006548210065,0.00936321932151891,0.9,1,1,18,0,1,1,0.5,80,27,4,0
 09/06  23:00:00,26.88712811639857,12.595903739060796,27.00242352423044,0.00912305290752023,0.9,1.0,1.0,18.0,0.0,1.0,1.0,0.5,80.0,27.0,4.0,0.0 
 09/06  24:00:00,26.432815354494203,12.427715641343905,27.001769758873227,0.009022468386906672,0.95,1.0,1.0,18.0,0.0,1.0,1.0,0.5,80.0,27.0,4.0,0.0 
 09/07  01:00:00,25.736154627012134,13.351223424435316,26.270954049840608,0.009595715603436914,0.98,0.0,0.23,18.0,0.0,1.0,1.0,0.5,80.0,27.0,4.0,0.0 
 09/07  02:00:00,25.01136849774445,14.376779217536354,25.618849973941003,0.010269026955958,0.98,0.0,0.23,18.0,0.0,1.0,1.0,0.5,80.0,27.0,4.0,0.0 
 09/07  03:00:00,24.46891570283521,14.569508259646303,25.274356344607845,0.010401125167213495,0.98,0.0,0.23,18.0,0.0,1.0,1.0,0.5,80.0,27.0,4.0,0.0 
 09/07  04:00:00,24.068618692189805,15.0230792463419,24.671294340547895,0.010716445145148157,0.98,0.0,0.23,18.0,0.0,1.0,1.0,0.5,80.0,27.0,4.0,0.0 
 09/07  05:00:00,23.62234992432691,15.148062407617697,24.297873996153363,0.010805697205587845,0.98,0.0,0.23,18.0,0.0,1.0,1.0,0.5,80.0,27.0,4.0,0.0 
 09/07  06:00:00,23.27963598325976,15.114785067052612,23.977602103032815,0.010783492504261683,0.98,0.0,0.23,18.0,0.0,1.0,1.0,0.5,80.0,27.0,4.0,0.0 
 09/07  07:00:00,24.460720230235548,15.089342607306136,24.707583484820578,0.010766741343956988,0.85,0.0,0.23,18.0,0.0,1.0,1.0,0.5,80.0,27.0,4.0,0.0 
 09/07  08:00:00,26.403672634920444,15.123851828561074,26.123776905170182,0.010792290179729287,0.65,0.0,0.23,12.0,0.0,1.0,0.0,0.5,80.0,37.0,4.0,0.0 
 09/07  09:00:00,30.50670501894679,15.22274276300922,28.906484211412003,0.010863558845150792,0.1,0.0,0.23,18.0,0.0,1.0,0.0,0.0,120.0,37.0,4.0,0.0 
 09/07  10:00:00,32.574840831201534,15.352269772047432,31.755313084262294,0.0109571709856192,0.1,0.0,0.23,18.0,0.0,1.0,0.0,0.0,120.0,37.0,4.0,0.0 
 09/07  11:00:00,36.068642376821735,15.645599416141131,34.82914391946985,0.01117028856110529,0.1,0.0,0.23,18.0,0.0,1.0,0.0,0.0,120.0,37.0,4.0,0.0 
 09/07  12:00:00,38.363779497155896,15.99197681602759,37.88953489127384,0.01142662722493706,0.1,0.0,0.23,18.0,0.0,1.0,0.0,0.0,120.0,37.0,4.0,0.0 
 09/07  13:00:00,40.21081992345562,16.159798580736954,40.036651787034984,0.011553321853503282,0.1,0.0,0.69,18.0,0.0,1.0,0.0,0.0,120.0,37.0,4.0,0.0 
 09/07  14:00:00,42.03491053259815,16.335575221966618,41.86248113790917,0.011685661415972333,0.1,0.0,0.69,18.0,0.0,1.0,0.0,0.0,120.0,37.0,4.0,0.0 
 09/07  15:00:00,44.486958280452406,16.50761643476144,43.356659634155164,0.011816496776817011,0.1,0.0,0.23,18.0,0.0,1.0,0.0,0.0,120.0,37.0,4.0,0.0 
 09/07  16:00:00,44.14877008212134,16.66330336048643,43.945012009966526,0.011936112651068947,0.1,0.0,0.23,18.0,0.0,1.0,0.0,0.0,120.0,37.0,4.0,0.0 
 09/07  17:00:00,44.95958446737121,16.806438640719986,44.41847762979353,0.012046901624938565,0.1,0.0,0.23,18.0,0.0,1.0,0.0,0.0,120.0,37.0,4.0,0.0 
 09/07  18:00:00,42.05538566954605,17.658882018619583,41.64310003394486,0.012728089953672039,0.75,0.0,0.23,18.0,0.0,1.0,0.0,0.5,120.0,37.0,4.0,0.0 
 09/07  19:00:00,36.56477556504803,18.120012376271806,37.08576881994552,0.013110579115055197,0.75,0.0,0.23,18.0,0.0,1.0,0.0,0.5,80.0,37.0,4.0,0.0 
 09/07  20:00:00,32.30743806166759,15.769473248240091,27.52120999476898,0.011261328918143267,0.9,1.0,0.23,18.0,0.0,1.0,1.0,0.5,80.0,27.0,4.0,0.0 
 09/07  21:00:00,28.13510364705505,14.776372714506715,27.0468214103307,0.010553037973349735,0.9,1.0,1.0,18.0,0.0,1.0,1.0,0.5,80.0,27.0,4.0,0.0 
 09/07  22:00:00,27.6758567016750125,14.5872260296838245,27.024988917385695,0.010423367333267674,0.9,1,1,18,0,1,1,0.5,80,27,4,0
 09/07  23:00:00,27.216609756294975,14.398079344860934,27.00315642444069,0.010293696693185613,0.9,1.0,1.0,18.0,0.0,1.0,1.0,0.5,80.0,27.0,4.0,0.0 
 09/07  24:00:00,26.74614764591419,14.693425041298667,27.00222367383316,0.010495110480099983,0.95,1.0,1.0,18.0,0.0,1.0,1.0,0.5,80.0,27.0,4.0,0.0 
 09/08  01:00:00,26.00162144279385,16.407236130467037,26.598682393822372,0.011736705504174846,0.98,0.0,0.23,18.0,0.0,1.0,1.0,0.5,80.0,27.0,4.0,0.0 
 09/08  02:00:00,25.412376298459083,18.055262041894757,26.008323421654087,0.0130538188520229,0.98,0.0,0.23,18.0,0.0,1.0,1.0,0.5,80.0,27.0,4.0,0.0 
 09/08  03:00:00,24.87588100944457,18.84948189992262,25.445677591950894,0.013734526346140261,0.98,0.0,0.23,18.0,0.0,1.0,1.0,0.5,80.0,27.0,4.0,0.0 
 09/08  04:00:00,24.39442181223813,19.26046542490714,24.96820419696003,0.014098960117543377,0.98,0.0,0.23,18.0,0.0,1.0,1.0,0.5,80.0,27.0,4.0,0.0 
 09/08  05:00:00,23.958432965844235,19.515872661658953,24.537876744719554,0.014329782347010893,0.98,0.0,0.23,18.0,0.0,1.0,1.0,0.5,80.0,27.0,4.0,0.0 
 09/08  06:00:00,23.64843682808428,19.90878239683091,24.24037789944996,0.014691532726872607,0.98,0.0,0.23,18.0,0.0,1.0,1.0,0.5,80.0,27.0,4.0,0.0 
 09/08  07:00:00,24.104316884892587,20.292412804529327,24.42747605317779,0.015052646737712025,0.85,0.0,0.23,18.0,0.0,1.0,1.0,0.5,80.0,27.0,4.0,0.0 
 09/08  08:00:00,29.852741056672176,20.31463613987341,28.052637623240077,0.015073528350794996,0.65,0.0,0.23,12.0,0.0,1.0,0.0,0.5,80.0,37.0,4.0,0.0 
 09/08  09:00:00,33.743370031543265,20.4101540387381,32.642402675634045,0.015164441706773456,0.1,0.0,0.23,18.0,0.0,1.0,0.0,0.0,120.0,37.0,4.0,0.0 
 09/08  10:00:00,37.53580288590068,20.539124556732354,35.99539115449139,0.01528814112972916,0.1,0.0,0.23,18.0,0.0,1.0,0.0,0.0,120.0,37.0,4.0,0.0 
 09/08  11:00:00,39.140187867615836,20.677711084604347,38.33928698480869,0.01542226872526325,0.1,0.0,0.23,18.0,0.0,1.0,0.0,0.0,120.0,37.0,4.0,0.0 
 09/08  12:00:00,39.95714698196329,20.80882727049675,39.3854635501626,0.015549965924901652,0.1,0.0,0.23,18.0,0.0,1.0,0.0,0.0,120.0,37.0,4.0,0.0 
 09/08  13:00:00,41.93371357388586,20.94544596933615,41.8293768768176,0.015684216389348,0.1,0.0,0.69,18.0,0.0,1.0,0.0,0.0,120.0,37.0,4.0,0.0 
 09/08  14:00:00,40.90352620265906,21.056423392606273,41.62967106609797,0.015793334643326336,0.1,0.0,0.69,18.0,0.0,1.0,0.0,0.0,120.0,37.0,4.0,0.0 
 09/08  15:00:00,43.468524926488705,21.1809592485893,42.559035755194444,0.01591671628064093,0.1,0.0,0.23,18.0,0.0,1.0,0.0,0.0,120.0,37.0,4.0,0.0 
 09/08  16:00:00,42.93958082559864,21.294512074395712,42.837746614903736,0.016029887342991853,0.1,0.0,0.23,18.0,0.0,1.0,0.0,0.0,120.0,37.0,4.0,0.0 
 09/08  17:00:00,43.28646146900946,21.498253442747046,42.953319855035744,0.016235548185703788,0.1,0.0,0.23,18.0,0.0,1.0,0.0,0.0,120.0,37.0,4.0,0.0 
 09/08  18:00:00,40.490895240862,21.57621394005062,40.142167203616054,0.016314256218989725,0.75,0.0,0.23,18.0,0.0,1.0,0.0,0.5,120.0,37.0,4.0,0.0 
 09/08  19:00:00,35.261206279792724,21.235828647853914,35.792327567540674,0.01596788292642892,0.75,0.0,0.23,18.0,0.0,1.0,0.0,0.5,80.0,37.0,4.0,0.0 
 09/08  20:00:00,31.422905848385533,17.36190440688777,27.441298559224702,0.012475235733739277,0.9,1.0,0.23,18.0,0.0,1.0,1.0,0.5,80.0,27.0,4.0,0.0 
 09/08  21:00:00,27.631853930289175,15.95336696241593,27.036172732759027,0.011386439346639432,0.9,1.0,1.0,18.0,0.0,1.0,1.0,0.5,80.0,27.0,4.0,0.0 
 09/08  22:00:00,27.0657907697076965,15.4807157535079915,27.0193752263427785,0.011045311171490512,0.9,1,1,18,0,1,1,0.5,80,27,4,0
 09/08  23:00:00,26.499727609126218,15.008064544600053,27.00257771992653,0.010704182996341592,0.9,1.0,1.0,18.0,0.0,1.0,1.0,0.5,80.0,27.0,4.0,0.0 
 09/08  24:00:00,25.903136672234094,14.52138230060696,27.001534107914328,0.010367134363815422,0.95,1.0,1.0,18.0,0.0,1.0,1.0,0.5,80.0,27.0,4.0,0.0 
 09/09  01:00:00,25.070694757036954,15.443361273110348,25.297787111782732,0.011011346616482986,0.95,0.0,0.23,5.0,0.0,1.0,1.0,0.5,80.0,27.0,4.0,0.0 
 09/09  02:00:00,23.601581386838934,16.019238657240606,23.891032259129044,0.011431893595427409,0.95,0.0,0.23,5.0,0.0,1.0,1.0,0.5,80.0,27.0,4.0,0.0 
 09/09  03:00:00,22.61300402448368,15.852637555248782,22.996592729167038,0.01130788963938284,0.95,0.0,0.23,5.0,0.0,1.0,1.0,0.5,80.0,27.0,4.0,0.0 
 09/09  04:00:00,21.780974631507203,15.715987662596342,22.185712400109942,0.011206960922191476,0.95,0.0,0.23,5.0,0.0,1.0,1.0,0.5,80.0,27.0,4.0,0.0 
 09/09  05:00:00,21.109252743767012,15.348020999868885,21.358259665432115,0.010940429412879617,0.95,0.0,0.23,5.0,0.0,1.0,1.0,0.5,80.0,27.0,4.0,0.0 
 09/09  06:00:00,20.553457017289574,15.05302775850132,20.987412366704397,0.010730665855383115,0.95,0.0,0.23,5.0,0.0,1.0,1.0,0.5,80.0,27.0,4.0,0.0 
 09/09  07:00:00,23.343045801799583,14.71784209613208,22.405932791709194,0.010496796992704848,0.95,0.0,0.23,5.0,0.0,1.0,1.0,0.5,80.0,27.0,4.0,0.0 
 09/09  08:00:00,27.4487571079983,14.71299342707836,26.063788196871307,0.010492822359404554,0.95,0.0,0.23,5.0,0.0,1.0,1.0,0.5,80.0,27.0,4.0,0.0 
 09/09  09:00:00,30.988719871528478,13.947441417843425,26.99436477967669,0.009976695721555455,0.95,0.0,0.23,5.0,0.0,1.0,1.0,0.5,80.0,27.0,4.0,0.0 
 09/09  10:00:00,33.07705626157327,11.669897117832889,27.002057460059724,0.008574014299247798,0.6,0.0,0.23,5.0,0.0,1.0,1.0,0.5,80.0,27.0,4.0,0.0 
 09/09  11:00:00,33.13243505039947,10.052098304966497,27.002172912007318,0.007687671452834421,0.6,0.0,0.23,5.0,0.0,1.0,1.0,0.5,80.0,27.0,4.0,0.0 
 09/09  12:00:00,32.68483824952372,9.808276447617098,27.002166064867044,0.007561068444910643,0.6,0.0,0.23,5.0,0.0,1.0,1.0,0.5,80.0,27.0,4.0,0.0 
 09/09  13:00:00,32.74079522946964,9.880705274834732,27.00222135944146,0.007597887122826107,0.6,0.0,0.69,5.0,0.0,1.0,1.0,0.5,80.0,27.0,4.0,0.0 
 09/09  14:00:00,33.61279116616528,9.751337529075533,27.002262181232425,0.007530973170323454,0.6,0.0,0.69,5.0,0.0,1.0,1.0,0.5,80.0,27.0,4.0,0.0 
 09/09  15:00:00,33.964734771990194,9.590407407117754,27.00220779414803,0.00744865516564121,0.6,0.0,0.23,5.0,0.0,1.0,1.0,0.5,80.0,27.0,4.0,0.0 
 09/09  16:00:00,32.79209283964992,9.542058231797572,27.002148322605905,0.007423747192645918,0.6,0.0,0.23,5.0,0.0,1.0,1.0,0.5,80.0,27.0,4.0,0.0 
 09/09  17:00:00,31.510551522448896,9.692808461334534,27.002019407225237,0.007499799366311671,0.6,0.0,0.23,5.0,0.0,1.0,1.0,0.5,80.0,27.0,4.0,0.0 
 09/09  18:00:00,29.310399731632316,10.130919968302658,27.001358146707894,0.00772567564139963,0.6,0.0,0.23,5.0,0.0,1.0,1.0,0.5,80.0,27.0,4.0,0.0 
 09/09  19:00:00,26.976663416901896,11.388557566838564,27.000107380062573,0.008409297154011392,0.9,0.0,0.23,5.0,0.0,1.0,1.0,0.5,80.0,27.0,4.0,0.0 
 09/09  20:00:00,26.105780287036275,12.509560986472742,27.000631900916567,0.00906362120870833,0.9,1.0,0.23,5.0,0.0,1.0,1.0,0.5,80.0,27.0,4.0,0.0 
 09/09  21:00:00,25.518116909751665,12.905598024606217,27.000914620967325,0.00930509586018417,0.9,1.0,1.0,5.0,0.0,1.0,1.0,0.5,80.0,27.0,4.0,0.0 
 09/09  22:00:00,25.316003214703665,12.950398731326466,27.000573402639521,0.0093325900052849705,0.9,1,1,5,0,1,1,0.5,80,27,4,0
 09/09  23:00:00,25.113889519655665,12.995199438046715,27.000232184311717,0.009360084150385771,0.9,1.0,1.0,5.0,0.0,1.0,1.0,0.5,80.0,27.0,4.0,0.0 
 09/09  24:00:00,24.737267537927536,13.220034456449655,26.750487542199092,0.009500306012865703,0.9,1.0,1.0,5.0,0.0,1.0,1.0,0.5,80.0,27.0,4.0,0.0 
 09/10  01:00:00,23.503574044366523,13.413957984852262,23.609831721316468,0.009622013220912525,0.95,0.0,0.23,5.0,0.0,1.0,1.0,0.5,80.0,27.0,4.0,0.0 
 09/10  02:00:00,21.801777748065675,13.216348142807524,22.019521067663998,0.009496361077465626,0.95,0.0,0.23,5.0,0.0,1.0,1.0,0.5,80.0,27.0,4.0,0.0 
 09/10  03:00:00,20.62483960155086,13.023283610078785,20.84327275385776,0.009374917889703061,0.95,0.0,0.23,5.0,0.0,1.0,1.0,0.5,80.0,27.0,4.0,0.0 
 09/10  04:00:00,19.725436850616166,12.627538087542161,19.95466451753445,0.009130905097797163,0.95,0.0,0.23,5.0,0.0,1.0,1.0,0.5,80.0,27.0,4.0,0.0 
 09/10  05:00:00,19.044489457663797,12.26932000723534,19.292350368352892,0.008914905777644665,0.95,0.0,0.23,5.0,0.0,1.0,1.0,0.5,80.0,27.0,4.0,0.0 
 09/10  06:00:00,18.535972448672627,12.202076638959245,18.85711949126767,0.008874528447589404,0.95,0.0,0.23,5.0,0.0,1.0,1.0,0.5,80.0,27.0,4.0,0.0 
 09/10  07:00:00,21.816516180630057,12.302185517791571,20.354796910078548,0.008933494675576598,0.95,0.0,0.23,5.0,0.0,1.0,1.0,0.5,80.0,27.0,4.0,0.0 
 09/10  08:00:00,25.931653338614396,12.579513653782573,24.68244562588802,0.009099649331368547,0.95,0.0,0.23,5.0,0.0,1.0,1.0,0.5,80.0,27.0,4.0,0.0 
 09/10  09:00:00,31.22749183601661,12.243108088462755,26.836601523776466,0.008897266697183437,0.95,0.0,0.23,5.0,0.0,1.0,1.0,0.5,80.0,27.0,4.0,0.0 
 09/10  10:00:00,32.48607293814604,10.547046347245923,27.00188759165547,0.007939038159053988,0.6,0.0,0.23,5.0,0.0,1.0,1.0,0.5,80.0,27.0,4.0,0.0 
 09/10  11:00:00,33.00979452867885,9.3767342933596,27.002144767461843,0.007332641050693765,0.6,0.0,0.23,5.0,0.0,1.0,1.0,0.5,80.0,27.0,4.0,0.0 
 09/10  12:00:00,32.8218988092242,9.082764909022975,27.00216138641764,0.007186666289862663,0.6,0.0,0.23,5.0,0.0,1.0,1.0,0.5,80.0,27.0,4.0,0.0 
 09/10  13:00:00,32.88597021324658,9.253314198690106,27.002215753955742,0.007270417667502709,0.6,0.0,0.69,5.0,0.0,1.0,1.0,0.5,80.0,27.0,4.0,0.0 
 09/10  14:00:00,33.9213982481504,9.398163212835394,27.002241211004133,0.0073430586637569595,0.6,0.0,0.69,5.0,0.0,1.0,1.0,0.5,80.0,27.0,4.0,0.0 
 09/10  15:00:00,34.50530843488294,9.38798330182851,27.00215699526787,0.007338482808313529,0.6,0.0,0.23,5.0,0.0,1.0,1.0,0.5,80.0,27.0,4.0,0.0 
 09/10  16:00:00,34.09773694901016,9.25226210114037,27.00212012875304,0.007271424381790295,0.6,0.0,0.23,5.0,0.0,1.0,1.0,0.5,80.0,27.0,4.0,0.0 
 09/10  17:00:00,33.010047172121524,9.21842051955403,27.002141514499947,0.007255170773327359,0.6,0.0,0.23,5.0,0.0,1.0,1.0,0.5,80.0,27.0,4.0,0.0 
 09/10  18:00:00,30.833068064774636,9.353776485878608,27.00186463882344,0.007322939829290528,0.6,0.0,0.23,5.0,0.0,1.0,1.0,0.5,80.0,27.0,4.0,0.0 
 09/10  19:00:00,27.142327790296253,10.39408807920832,27.00017534942346,0.007859423819008707,0.9,0.0,0.23,5.0,0.0,1.0,1.0,0.5,80.0,27.0,4.0,0.0 
 09/10  20:00:00,26.060496171417274,11.7188801242673,27.000593632635898,0.008593142423900845,0.9,1.0,0.23,5.0,0.0,1.0,1.0,0.5,80.0,27.0,4.0,0.0 
 09/10  21:00:00,25.491261053676936,12.633127546093728,27.00086310186478,0.009134854314469098,0.9,1.0,1.0,5.0,0.0,1.0,1.0,0.5,80.0,27.0,4.0,0.0 
 09/10  22:00:00,25.297904966725563,12.9356436313644405,27.000541936358,0.009322527378917901,0.9,1,1,5,0,1,1,0.5,80,27,4,0
 09/10  23:00:00,25.10454887977419,13.238159716635153,27.00022077085122,0.009510200443366704,0.9,1.0,1.0,5.0,0.0,1.0,1.0,0.5,80.0,27.0,4.0,0.0 
 09/10  24:00:00,24.75223276538001,13.755094136806175,26.766098399391197,0.009841884332068595,0.9,1.0,1.0,5.0,0.0,1.0,1.0,0.5,80.0,27.0,4.0,0.0 
 09/11  01:00:00,23.52195267127412,13.576799385006032,23.636730089185928,0.009728033520552468,0.98,0.0,0.23,18.0,0.0,1.0,1.0,0.5,80.0,27.0,4.0,0.0 
 09/11  02:00:00,21.774479200501744,13.228917075187317,21.97584716855731,0.009507145246351096,0.98,0.0,0.23,18.0,0.0,1.0,1.0,0.5,80.0,27.0,4.0,0.0 
 09/11  03:00:00,20.575342196381335,12.950248999763781,20.776368614305998,0.009333586696132613,0.98,0.0,0.23,18.0,0.0,1.0,1.0,0.5,80.0,27.0,4.0,0.0 
 09/11  04:00:00,19.69506662184738,12.68864287071049,19.8944621011916,0.009173280247106183,0.98,0.0,0.23,18.0,0.0,1.0,1.0,0.5,80.0,27.0,4.0,0.0 
 09/11  05:00:00,18.985439924232267,12.38008823443599,19.202247298332324,0.00898726162260879,0.98,0.0,0.23,18.0,0.0,1.0,1.0,0.5,80.0,27.0,4.0,0.0 
 09/11  06:00:00,18.445473195021762,12.25230366993632,18.7353416776982,0.008911584943461932,0.98,0.0,0.23,18.0,0.0,1.0,1.0,0.5,80.0,27.0,4.0,0.0 
 09/11  07:00:00,21.40366368937679,12.125022209720926,20.079769132530554,0.008836864148242071,0.85,0.0,0.23,18.0,0.0,1.0,1.0,0.5,80.0,27.0,4.0,0.0 
 09/11  08:00:00,25.012497524809234,12.127325978055163,23.690635260287966,0.008838846051451835,0.65,0.0,0.23,12.0,0.0,1.0,0.0,0.5,80.0,37.0,4.0,0.0 
 09/11  09:00:00,29.679096235486117,12.227853066372614,28.524270741378967,0.008899017057296869,0.1,0.0,0.23,18.0,0.0,1.0,0.0,0.0,120.0,37.0,4.0,0.0 
 09/11  10:00:00,33.62726812008723,12.38111363591672,32.225120838644,0.0089911285773033,0.1,0.0,0.23,18.0,0.0,1.0,0.0,0.0,120.0,37.0,4.0,0.0 
 09/11  11:00:00,36.21562449955508,12.57371483555488,35.23700661622366,0.009107932351680458,0.1,0.0,0.23,18.0,0.0,1.0,0.0,0.0,120.0,37.0,4.0,0.0 
 09/11  12:00:00,37.611094117751726,12.786465432534516,36.8600669552692,0.009238468638455411,0.1,0.0,0.23,18.0,0.0,1.0,0.0,0.0,120.0,37.0,4.0,0.0 
 09/11  13:00:00,38.27667570240214,12.989281675959331,38.24225042142792,0.009364594522188241,0.1,0.0,0.69,18.0,0.0,1.0,0.0,0.0,120.0,37.0,4.0,0.0 
 09/11  14:00:00,39.63838417773683,13.43448624231713,39.54278484908887,0.00964528226122668,0.1,0.0,0.69,18.0,0.0,1.0,0.0,0.0,120.0,37.0,4.0,0.0 
 09/11  15:00:00,40.36656266217722,13.572677666850302,39.72352443255217,0.009733995855802136,0.1,0.0,0.23,18.0,0.0,1.0,0.0,0.0,120.0,37.0,4.0,0.0 
 09/11  16:00:00,39.43178440990247,14.014657081681147,39.344855408509844,0.010022542379424772,0.1,0.0,0.23,18.0,0.0,1.0,0.0,0.0,120.0,37.0,4.0,0.0 
 09/11  17:00:00,36.92398922970059,14.193785812640161,37.17463276744098,0.010141673148054805,0.1,0.0,0.23,18.0,0.0,1.0,0.0,0.0,120.0,37.0,4.0,0.0 
 09/11  18:00:00,33.1800185160278,14.340526512212584,32.801121625332705,0.010240227654950518,0.75,0.0,0.23,18.0,0.0,1.0,0.0,0.5,120.0,37.0,4.0,0.0 
 09/11  19:00:00,28.57608131242566,13.958684597620815,28.604990442042098,0.009986009209567402,0.75,0.0,0.23,18.0,0.0,1.0,0.0,0.5,80.0,37.0,4.0,0.0 
 09/11  20:00:00,25.742405011559807,13.183516027087368,26.632337810367332,0.009486957541639236,0.9,1.0,0.23,18.0,0.0,1.0,1.0,0.5,80.0,27.0,4.0,0.0 
 09/11  21:00:00,24.26787847361078,12.648959812688412,26.45744409426802,0.009155983199122654,0.9,1.0,1.0,18.0,0.0,1.0,1.0,0.5,80.0,27.0,4.0,0.0 
 09/11  22:00:00,24.006625995729174,12.5879241848558345,26.092468003592046,0.0091190067793294005,0.9,1,1,18,0,1,1,0.5,80,27,4,0
 09/11  23:00:00,23.745373517847568,12.526888557023257,25.727491912916072,0.009082030359536147,0.9,1.0,1.0,18.0,0.0,1.0,1.0,0.5,80.0,27.0,4.0,0.0 
 09/11  24:00:00,22.82754641548624,11.864336729632502,24.903218449666536,0.008689030594659057,0.95,1.0,1.0,18.0,0.0,1.0,1.0,0.5,80.0,27.0,4.0,0.0 
 09/12  01:00:00,21.23413510631635,10.79603126817724,21.41808797469325,0.00808745410265866,0.98,0.0,0.23,18.0,0.0,1.0,1.0,0.5,80.0,27.0,4.0,0.0 
 09/12  02:00:00,19.5316657255858,10.349767458069168,19.809411265352246,0.007847378661643709,0.98,0.0,0.23,18.0,0.0,1.0,1.0,0.5,80.0,27.0,4.0,0.0 
 09/12  03:00:00,18.30594064020745,9.82704323729902,18.57166974196771,0.007574356924454094,0.98,0.0,0.23,18.0,0.0,1.0,1.0,0.5,80.0,27.0,4.0,0.0 
 09/12  04:00:00,17.356080351294757,9.323400489284113,17.44833082232218,0.0073193030428602025,0.98,0.0,0.23,18.0,0.0,1.0,1.0,0.5,80.0,27.0,4.0,0.0 
 09/12  05:00:00,16.49663106549428,8.663482633102115,16.36072713290375,0.006996723500281661,0.98,0.0,0.23,18.0,0.0,1.0,1.0,0.5,80.0,27.0,4.0,0.0 
 09/12  06:00:00,15.8669513450245,8.185208044043378,15.836901238576932,0.006771030242506836,0.98,0.0,0.23,18.0,0.0,1.0,1.0,0.5,80.0,27.0,4.0,0.0 
 09/12  07:00:00,19.166779255360865,7.701313763018823,17.166265585622675,0.0065492642937571045,0.85,0.0,0.23,18.0,0.0,1.0,1.0,0.5,80.0,27.0,4.0,0.0 
 09/12  08:00:00,22.59530890864287,7.7126571089996006,21.395082163348842,0.0065544548995647885,0.65,0.0,0.23,12.0,0.0,1.0,0.0,0.5,80.0,37.0,4.0,0.0 
 09/12  09:00:00,25.809337953627946,7.814064803847694,25.1910171260435,0.006600562595866704,0.1,0.0,0.23,18.0,0.0,1.0,0.0,0.0,120.0,37.0,4.0,0.0 
 09/12  10:00:00,30.418119470073112,8.06996638493967,29.110334221588328,0.006717935920265101,0.1,0.0,0.23,18.0,0.0,1.0,0.0,0.0,120.0,37.0,4.0,0.0 
 09/12  11:00:00,33.75809035450911,8.424109348402647,33.09407097985633,0.006883421139664095,0.1,0.0,0.23,18.0,0.0,1.0,0.0,0.0,120.0,37.0,4.0,0.0 
 09/12  12:00:00,35.60882159467688,8.661993864855825,34.87120252509699,0.006996711469923805,0.1,0.0,0.23,18.0,0.0,1.0,0.0,0.0,120.0,37.0,4.0,0.0 
 09/12  13:00:00,36.52511987866263,8.925178144671534,36.52547336081555,0.007123904896575739,0.1,0.0,0.69,18.0,0.0,1.0,0.0,0.0,120.0,37.0,4.0,0.0 
 09/12  14:00:00,38.36893826999361,9.482469298211667,38.265427859553135,0.007400894643358854,0.1,0.0,0.69,18.0,0.0,1.0,0.0,0.0,120.0,37.0,4.0,0.0 
 09/12  15:00:00,37.63224229897911,9.654088223588753,37.47171732170165,0.007488791055185878,0.1,0.0,0.23,18.0,0.0,1.0,0.0,0.0,120.0,37.0,4.0,0.0 
 09/12  16:00:00,37.118295709971036,9.892056826739614,37.08771667782806,0.007611911080292289,0.1,0.0,0.23,18.0,0.0,1.0,0.0,0.0,120.0,37.0,4.0,0.0 
 09/12  17:00:00,35.671166164385276,10.125718225881,35.84493420419852,0.007734507971699013,0.1,0.0,0.23,18.0,0.0,1.0,0.0,0.0,120.0,37.0,4.0,0.0 
 09/12  18:00:00,32.55672123187158,11.803933493696517,31.90492698255856,0.008661361265390473,0.75,0.0,0.23,18.0,0.0,1.0,0.0,0.5,120.0,37.0,4.0,0.0 
 09/12  19:00:00,27.76156744657452,12.104905574319401,27.84184075805134,0.008838668365161333,0.75,0.0,0.23,18.0,0.0,1.0,0.0,0.5,80.0,37.0,4.0,0.0 
 09/12  20:00:00,24.930582765807998,12.323247662898323,26.098700275144175,0.008969740163425555,0.9,1.0,0.23,18.0,0.0,1.0,1.0,0.5,80.0,27.0,4.0,0.0 
 09/12  21:00:00,23.500700476068143,12.695366026394943,25.949368198866928,0.009196146716513278,0.9,1.0,1.0,18.0,0.0,1.0,1.0,0.5,80.0,27.0,4.0,0.0 
 09/12  22:00:00,23.439230639080785,12.7732658576747325,25.665968779540769,0.0092446530508647625,0.9,1,1,18,0,1,1,0.5,80,27,4,0
 09/12  23:00:00,23.377760802093427,12.851165688954522,25.38256936021461,0.009293159385216247,0.9,1.0,1.0,18.0,0.0,1.0,1.0,0.5,80.0,27.0,4.0,0.0 
 09/12  24:00:00,22.704570653754004,13.177143446165772,24.78242194070041,0.009497761185475625,0.95,1.0,1.0,18.0,0.0,1.0,1.0,0.5,80.0,27.0,4.0,0.0 
 09/13  01:00:00,21.70470275246035,13.289479287934578,22.027555005509313,0.009571372868467268,0.98,0.0,0.23,18.0,0.0,1.0,1.0,0.5,80.0,27.0,4.0,0.0 
 09/13  02:00:00,20.20415567834194,13.059570456366668,20.702901791726568,0.009427749631157984,0.98,0.0,0.23,18.0,0.0,1.0,1.0,0.5,80.0,27.0,4.0,0.0 
 09/13  03:00:00,19.22044591116748,12.852205044352774,19.905207971196297,0.009299984370605396,0.98,0.0,0.23,18.0,0.0,1.0,1.0,0.5,80.0,27.0,4.0,0.0 
 09/13  04:00:00,18.614977770707338,12.64901873685409,19.317538318033197,0.009176321605731558,0.98,0.0,0.23,18.0,0.0,1.0,1.0,0.5,80.0,27.0,4.0,0.0 
 09/13  05:00:00,18.268688341742724,12.640188815601087,18.917019216431548,0.009172222986548961,0.98,0.0,0.23,18.0,0.0,1.0,1.0,0.5,80.0,27.0,4.0,0.0 
 09/13  06:00:00,18.009040577261263,12.802422510499971,18.470975030697243,0.009272989964808529,0.98,0.0,0.23,18.0,0.0,1.0,1.0,0.5,80.0,27.0,4.0,0.0 
 09/13  07:00:00,20.263078400230604,12.983166238264252,19.74663870230228,0.00938628436200364,0.85,0.0,0.23,18.0,0.0,1.0,1.0,0.5,80.0,27.0,4.0,0.0 
 09/13  08:00:00,26.447429708685522,13.25982248305222,24.4029349005085,0.009561443569750874,0.65,0.0,0.23,12.0,0.0,1.0,0.0,0.5,80.0,37.0,4.0,0.0 
 09/13  09:00:00,28.68703186746841,13.354831644425087,27.96351414134687,0.009623099463446418,0.1,0.0,0.23,18.0,0.0,1.0,0.0,0.0,120.0,37.0,4.0,0.0 
 09/13  10:00:00,28.273125292383746,13.472333207057678,28.081631557924787,0.009699643565991631,0.1,0.0,0.23,18.0,0.0,1.0,0.0,0.0,120.0,37.0,4.0,0.0 
 09/13  11:00:00,30.445029457707168,13.58743112008873,29.79820927276248,0.009775082662389727,0.1,0.0,0.23,18.0,0.0,1.0,0.0,0.0,120.0,37.0,4.0,0.0 
 09/13  12:00:00,32.26465529716885,13.728119108206927,31.60684892739823,0.009867723955770291,0.1,0.0,0.23,18.0,0.0,1.0,0.0,0.0,120.0,37.0,4.0,0.0 
 09/13  13:00:00,32.095860001681594,13.881952392314444,32.536689887475745,0.009969802802379139,0.1,0.0,0.69,18.0,0.0,1.0,0.0,0.0,120.0,37.0,4.0,0.0 
 09/13  14:00:00,32.27434657195462,14.021918911527546,32.72281659267125,0.010061589833580459,0.1,0.0,0.69,18.0,0.0,1.0,0.0,0.0,120.0,37.0,4.0,0.0 
 09/13  15:00:00,35.54795165623843,14.183479915342179,34.31670240981856,0.010168485789922318,0.1,0.0,0.23,18.0,0.0,1.0,0.0,0.0,120.0,37.0,4.0,0.0 
 09/13  16:00:00,34.19609577812669,14.4762688109893,34.58567534554008,0.010365481829317846,0.1,0.0,0.23,18.0,0.0,1.0,0.0,0.0,120.0,37.0,4.0,0.0 
 09/13  17:00:00,33.69197801890718,14.618738169215003,33.77862740748105,0.010462135188870559,0.1,0.0,0.23,18.0,0.0,1.0,0.0,0.0,120.0,37.0,4.0,0.0 
 09/13  18:00:00,30.830274127311426,15.165593177339506,30.769725914125978,0.010843265819928683,0.75,0.0,0.23,18.0,0.0,1.0,0.0,0.5,120.0,37.0,4.0,0.0 
 09/13  19:00:00,27.071694040510668,14.945776038693875,27.568383306724588,0.010687424404745426,0.75,0.0,0.23,18.0,0.0,1.0,0.0,0.5,80.0,37.0,4.0,0.0 
 09/13  20:00:00,24.676897796598627,14.618826509980781,26.553788227543105,0.010459764321754222,0.9,1.0,0.23,18.0,0.0,1.0,1.0,0.5,80.0,27.0,4.0,0.0 
 09/13  21:00:00,24.044365940497677,14.238056130026834,26.369350330026634,0.010200258456766923,0.9,1.0,1.0,18.0,0.0,1.0,1.0,0.5,80.0,27.0,4.0,0.0 
 09/13  22:00:00,23.8893357635586215,14.1451776021964265,26.151982504425247,0.0101378564122176,0.9,1,1,18,0,1,1,0.5,80,27,4,0
 09/13  23:00:00,23.734305586619566,14.052299074366019,25.93461467882386,0.010075454367668277,0.9,1.0,1.0,18.0,0.0,1.0,1.0,0.5,80.0,27.0,4.0,0.0 
 09/13  24:00:00,23.14497070724221,13.395779812148776,25.336013484222093,0.00964690025249017,0.95,1.0,1.0,18.0,0.0,1.0,1.0,0.5,80.0,27.0,4.0,0.0 
 09/14  01:00:00,22.052205647557816,12.658406256519834,22.484032442281517,0.009184464939585841,0.98,0.0,0.23,18.0,0.0,1.0,1.0,0.5,80.0,27.0,4.0,0.0 
 09/14  02:00:00,20.400981799183647,12.404972807910191,21.024557577084646,0.00903004303247258,0.98,0.0,0.23,18.0,0.0,1.0,1.0,0.5,80.0,27.0,4.0,0.0 
 09/14  03:00:00,19.295036048666944,12.168977662454664,20.0388846624067,0.008888211578169455,0.98,0.0,0.23,18.0,0.0,1.0,1.0,0.5,80.0,27.0,4.0,0.0 
 09/14  04:00:00,18.560273797808346,11.558003907207267,19.049248028666234,0.008531347226833602,0.98,0.0,0.23,18.0,0.0,1.0,1.0,0.5,80.0,27.0,4.0,0.0 
 09/14  05:00:00,17.98985576121745,11.248449992685199,18.56904001403483,0.008355153820729336,0.98,0.0,0.23,18.0,0.0,1.0,1.0,0.5,80.0,27.0,4.0,0.0 
 09/14  06:00:00,17.564674957696745,10.890107375282197,18.183510577234685,0.008155453846699617,0.98,0.0,0.23,18.0,0.0,1.0,1.0,0.5,80.0,27.0,4.0,0.0 
 09/14  07:00:00,18.898232038652107,10.079150408600265,18.60876825001079,0.007719824605371529,0.85,0.0,0.23,18.0,0.0,1.0,1.0,0.5,80.0,27.0,4.0,0.0 
 09/14  08:00:00,20.362344065377506,10.11044570455951,19.882693907261434,0.007735595277983184,0.65,0.0,0.23,12.0,0.0,1.0,0.0,0.5,80.0,37.0,4.0,0.0 
 09/14  09:00:00,23.46125254736396,10.183441383045457,22.636192490841335,0.00777340176826246,0.1,0.0,0.23,18.0,0.0,1.0,0.0,0.0,120.0,37.0,4.0,0.0 
 09/14  10:00:00,28.197342579557535,10.286641498981737,26.366694340850223,0.00782728247508961,0.1,0.0,0.23,18.0,0.0,1.0,0.0,0.0,120.0,37.0,4.0,0.0 
 09/14  11:00:00,30.257891725466035,10.435533328052205,29.36620247568922,0.007905887423160568,0.1,0.0,0.23,18.0,0.0,1.0,0.0,0.0,120.0,37.0,4.0,0.0 
 09/14  12:00:00,32.8716798590616,10.609414398991774,31.820123914815092,0.007998684568940753,0.1,0.0,0.23,18.0,0.0,1.0,0.0,0.0,120.0,37.0,4.0,0.0 
 09/14  13:00:00,34.244680585425655,10.812236378332196,34.072295338386645,0.00810834606164467,0.1,0.0,0.69,18.0,0.0,1.0,0.0,0.0,120.0,37.0,4.0,0.0 
 09/14  14:00:00,35.88748426398285,11.030189475155423,35.48157403656347,0.008230376567141663,0.1,0.0,0.69,18.0,0.0,1.0,0.0,0.0,120.0,37.0,4.0,0.0 
 09/14  15:00:00,36.73798402577983,11.237171802789627,36.084879258156555,0.008347980756741157,0.1,0.0,0.23,18.0,0.0,1.0,0.0,0.0,120.0,37.0,4.0,0.0 
 09/14  16:00:00,36.58540354274618,11.425705188771051,36.31669797140883,0.00845661381930068,0.1,0.0,0.23,18.0,0.0,1.0,0.0,0.0,120.0,37.0,4.0,0.0 
 09/14  17:00:00,35.90699385898649,11.901360922291765,35.93342566724902,0.008732880655608625,0.1,0.0,0.23,18.0,0.0,1.0,0.0,0.0,120.0,37.0,4.0,0.0 
 09/14  18:00:00,34.384500348308336,13.486992409887026,33.47354418817936,0.009707394282079453,0.75,0.0,0.23,18.0,0.0,1.0,0.0,0.5,120.0,37.0,4.0,0.0 
 09/14  19:00:00,28.986531159690685,14.166591554590747,29.208967840095156,0.010155536411720224,0.75,0.0,0.23,18.0,0.0,1.0,0.0,0.5,80.0,37.0,4.0,0.0 
 09/14  20:00:00,25.81413717624547,14.224187736668604,26.714563358947164,0.01019681758555498,0.9,1.0,0.23,18.0,0.0,1.0,1.0,0.5,80.0,27.0,4.0,0.0 
 09/14  21:00:00,24.44557409030543,14.805031046856712,26.753444210382447,0.010596427348967211,0.9,1.0,1.0,18.0,0.0,1.0,1.0,0.5,80.0,27.0,4.0,0.0 
 09/14  22:00:00,24.298221507261114,15.225349577251417,26.6447928979396415,0.010897411717148319,0.9,1,1,18,0,1,1,0.5,80,27,4,0
 09/14  23:00:00,24.150868924216798,15.645668107646122,26.536141585496836,0.011198396085329427,0.9,1.0,1.0,18.0,0.0,1.0,1.0,0.5,80.0,27.0,4.0,0.0 
 09/14  24:00:00,23.905381539357954,15.819462768978006,26.172262110008802,0.011328867591908952,0.95,1.0,1.0,18.0,0.0,1.0,1.0,0.5,80.0,27.0,4.0,0.0 
 09/15  01:00:00,23.215736434073122,16.649243383227017,23.843057462202133,0.011962759702609384,0.98,0.0,0.23,18.0,0.0,1.0,1.0,0.5,80.0,27.0,4.0,0.0 
 09/15  02:00:00,21.90048870609179,16.86456193963414,23.044925528771454,0.01213392378861428,0.98,0.0,0.23,18.0,0.0,1.0,1.0,0.5,80.0,27.0,4.0,0.0 
 09/15  03:00:00,21.39882981061971,16.852750453734167,22.376144897862034,0.012127854232328832,0.98,0.0,0.23,18.0,0.0,1.0,1.0,0.5,80.0,27.0,4.0,0.0 
 09/15  04:00:00,21.043731275535848,16.846641468321636,22.06636678618061,0.012126139688025225,0.98,0.0,0.23,18.0,0.0,1.0,1.0,0.5,80.0,27.0,4.0,0.0 
 09/15  05:00:00,20.90320285982847,16.95511640771193,21.79048195599609,0.012214762441675646,0.98,0.0,0.23,18.0,0.0,1.0,1.0,0.5,80.0,27.0,4.0,0.0 
 09/15  06:00:00,20.80307327620558,17.168361235713785,21.631434542770155,0.012387535101748871,0.98,0.0,0.23,18.0,0.0,1.0,1.0,0.5,80.0,27.0,4.0,0.0 
 09/15  07:00:00,20.90853358818208,17.414252359158233,21.6252042282882,0.012588987521856984,0.85,0.0,0.23,18.0,0.0,1.0,1.0,0.5,80.0,27.0,4.0,0.0 
 09/15  08:00:00,21.75344297365911,17.371529313910926,22.196678675281113,0.012557673237213136,0.65,0.0,0.23,12.0,0.0,1.0,0.0,0.5,80.0,37.0,4.0,0.0 
 09/15  09:00:00,23.071056703708127,17.431721327427223,23.13143810808478,0.012609717311944563,0.1,0.0,0.23,18.0,0.0,1.0,0.0,0.0,120.0,37.0,4.0,0.0 
 09/15  10:00:00,24.59524607917957,17.488472803682832,24.424014391581686,0.012659281511661648,0.1,0.0,0.23,18.0,0.0,1.0,0.0,0.0,120.0,37.0,4.0,0.0 
 09/15  11:00:00,25.248067382429046,17.553572794984227,25.22914486565301,0.012715861307651961,0.1,0.0,0.23,18.0,0.0,1.0,0.0,0.0,120.0,37.0,4.0,0.0 
 09/15  12:00:00,26.05964144176083,17.618811639195684,25.98789403930866,0.012772787370836843,0.1,0.0,0.23,18.0,0.0,1.0,0.0,0.0,120.0,37.0,4.0,0.0 
 09/15  13:00:00,26.70160104035627,17.695383722796482,27.432091833595905,0.012839309101401082,0.1,0.0,0.69,18.0,0.0,1.0,0.0,0.0,120.0,37.0,4.0,0.0 
 09/15  14:00:00,27.342690708411354,17.786844693207126,28.069605625668395,0.012910220760816694,0.1,0.0,0.69,18.0,0.0,1.0,0.0,0.0,120.0,37.0,4.0,0.0 
 09/15  15:00:00,27.649301786885836,17.941873816211658,28.11180195587371,0.013034758390177544,0.1,0.0,0.23,18.0,0.0,1.0,0.0,0.0,120.0,37.0,4.0,0.0 
 09/15  16:00:00,27.64432463305053,18.132996418746895,28.01894130118771,0.013190890387214334,0.1,0.0,0.23,18.0,0.0,1.0,0.0,0.0,120.0,37.0,4.0,0.0 
 09/15  17:00:00,26.892152556984026,18.193373735257214,27.655097804502738,0.013237238444568637,0.1,0.0,0.23,18.0,0.0,1.0,0.0,0.0,120.0,37.0,4.0,0.0 
 09/15  18:00:00,25.7286464279296,19.338687480662305,26.61772633170606,0.014237439262920946,0.75,0.0,0.23,18.0,0.0,1.0,0.0,0.5,120.0,37.0,4.0,0.0 
 09/15  19:00:00,24.278327749170025,19.62236982036404,25.478082585060584,0.014491446437274437,0.75,0.0,0.23,18.0,0.0,1.0,0.0,0.5,80.0,37.0,4.0,0.0 
 09/15  20:00:00,23.593686755052072,19.553084948456622,26.07662681055336,0.014422302716571866,0.9,1.0,0.23,18.0,0.0,1.0,1.0,0.5,80.0,27.0,4.0,0.0 
 09/15  21:00:00,24.061385037803856,19.59571758155226,26.46322975237213,0.014456150499259392,0.9,1.0,1.0,18.0,0.0,1.0,1.0,0.5,80.0,27.0,4.0,0.0 
 09/15  22:00:00,24.1126150443647695,19.5570297153817925,26.51796973867261,0.01441803184639286,0.9,1,1,18,0,1,1,0.5,80,27,4,0
 09/15  23:00:00,24.163845050925683,19.518341849211325,26.57270972497309,0.014379913193526328,0.9,1.0,1.0,18.0,0.0,1.0,1.0,0.5,80.0,27.0,4.0,0.0 
 09/15  24:00:00,24.06101227271601,19.261701622127475,26.45647762646767,0.014141687298034037,0.95,1.0,1.0,18.0,0.0,1.0,1.0,0.5,80.0,27.0,4.0,0.0 
 09/16  01:00:00,23.408274078288933,18.527919969986765,23.997928152077137,0.0134843929767243,0.95,0.0,0.23,5.0,0.0,0.0,1.0,0.5,80.0,27.0,4.0,0.0 
 09/16  02:00:00,21.40876571151394,17.79761184910954,22.175753484489505,0.01286227590967862,0.95,0.0,0.23,5.0,0.0,0.0,1.0,0.5,80.0,27.0,4.0,0.0 
 09/16  03:00:00,20.129951699332604,17.31835561681722,21.07554660198665,0.012466722425199774,0.95,0.0,0.23,5.0,0.0,0.0,1.0,0.5,80.0,27.0,4.0,0.0 
 09/16  04:00:00,19.342766325048544,16.640305710895714,20.04513976653848,0.01192763024923466,0.95,0.0,0.23,5.0,0.0,0.0,1.0,0.5,80.0,27.0,4.0,0.0 
 09/16  05:00:00,18.537176657636376,16.09389038301378,19.339642222056234,0.011507757428277558,0.95,0.0,0.23,5.0,0.0,0.0,1.0,0.5,80.0,27.0,4.0,0.0 
 09/16  06:00:00,18.076203423494558,15.037584205526274,18.5417397026466,0.010737245916132029,0.95,0.0,0.23,5.0,0.0,0.0,1.0,0.5,80.0,27.0,4.0,0.0 
 09/16  07:00:00,21.189921209008165,14.905522087991818,20.23312594433283,0.010640866720303312,0.95,0.0,0.23,5.0,0.0,0.0,1.0,0.5,80.0,27.0,4.0,0.0 
 09/16  08:00:00,25.812478626217207,14.929333648409754,24.430638599763814,0.010653509476000106,0.95,0.0,0.23,5.0,0.0,0.0,1.0,0.5,80.0,27.0,4.0,0.0 
 09/16  09:00:00,30.903422694136747,15.184406368821021,27.76962585033422,0.010829022346416856,0.95,0.0,0.23,5.0,0.0,0.0,1.0,0.5,80.0,27.0,4.0,0.0 
 09/16  10:00:00,31.930682640696503,14.989121195854908,29.69016730783843,0.010687565653498644,0.6,0.0,0.23,5.0,0.0,0.0,1.0,0.5,80.0,27.0,4.0,0.0 
 09/16  11:00:00,34.2240024913865,14.941295477225529,31.73962021281428,0.010650259826703127,0.6,0.0,0.23,5.0,0.0,0.0,1.0,0.5,80.0,27.0,4.0,0.0 
 09/16  12:00:00,35.197519531446495,14.89868097824158,32.91744032730054,0.010616701642874812,0.6,0.0,0.23,5.0,0.0,0.0,1.0,0.5,80.0,27.0,4.0,0.0 
 09/16  13:00:00,35.928872122245984,14.752172548516109,34.15350846673563,0.010511362982922191,0.6,0.0,0.69,5.0,0.0,0.0,1.0,0.5,80.0,27.0,4.0,0.0 
 09/16  14:00:00,37.14006977268735,14.470161600054068,35.00586198072301,0.010318870364294812,0.6,0.0,0.69,5.0,0.0,0.0,1.0,0.5,80.0,27.0,4.0,0.0 
 09/16  15:00:00,37.33785087774475,14.301662144062453,35.18294824995624,0.010205434192075147,0.6,0.0,0.23,5.0,0.0,0.0,1.0,0.5,80.0,27.0,4.0,0.0 
 09/16  16:00:00,38.300849763603395,14.20671204691035,35.82491261281285,0.010142241291713872,0.6,0.0,0.23,5.0,0.0,0.0,1.0,0.5,80.0,27.0,4.0,0.0 
 09/16  17:00:00,37.887523737343024,14.150039894970746,35.93315068212267,0.010104855106451666,0.6,0.0,0.23,5.0,0.0,0.0,1.0,0.5,80.0,27.0,4.0,0.0 
 09/16  18:00:00,35.26716832438529,14.13810958080378,34.01465642092296,0.010097321289830364,0.6,0.0,0.23,5.0,0.0,0.0,1.0,0.5,80.0,27.0,4.0,0.0 
 09/16  19:00:00,30.12813627909205,14.244745288964443,29.92686879741524,0.010168903752653878,0.9,0.0,0.23,5.0,0.0,0.0,1.0,0.5,80.0,27.0,4.0,0.0 
 09/16  20:00:00,26.780520438906038,14.546046716114251,27.876911563401762,0.010372868293645504,0.9,1.0,0.23,5.0,0.0,0.0,1.0,0.5,80.0,27.0,4.0,0.0 
 09/16  21:00:00,24.786739234233927,14.590046614193767,27.284595688198703,0.010403316924032308,0.9,1.0,1.0,5.0,0.0,0.0,1.0,0.5,80.0,27.0,4.0,0.0 
 09/16  22:00:00,24.648837275462492,14.6751273312799995,26.8998700415385415,0.010461965674594708,0.9,1,1,5,0,0,1,0.5,80,27,4,0
 09/16  23:00:00,24.510935316691057,14.760208048366232,26.51514439487838,0.010520614425157108,0.9,1.0,1.0,5.0,0.0,0.0,1.0,0.5,80.0,27.0,4.0,0.0 
 09/16  24:00:00,23.787286790161307,14.831920169006183,25.877016139262803,0.010570648736689428,0.9,1.0,1.0,5.0,0.0,0.0,1.0,0.5,80.0,27.0,4.0,0.0 
 09/17  01:00:00,22.449733049450476,14.442692105484864,22.7289135903505,0.010304710442000223,0.95,0.0,0.23,5.0,0.0,0.0,1.0,0.5,80.0,27.0,4.0,0.0 
 09/17  02:00:00,20.856474283307108,14.07062830182076,21.27358514644849,0.010055751031113662,0.95,0.0,0.23,5.0,0.0,0.0,1.0,0.5,80.0,27.0,4.0,0.0 
 09/17  03:00:00,19.838728824643052,13.703044765410164,20.344032296593415,0.00981510151962844,0.95,0.0,0.23,5.0,0.0,0.0,1.0,0.5,80.0,27.0,4.0,0.0 
 09/17  04:00:00,19.182050480075016,13.483459296747819,19.755829149106667,0.009673974592925998,0.95,0.0,0.23,5.0,0.0,0.0,1.0,0.5,80.0,27.0,4.0,0.0 
 09/17  05:00:00,18.690444552873867,13.23888900200396,19.318985324532704,0.009518792407160848,0.95,0.0,0.23,5.0,0.0,0.0,1.0,0.5,80.0,27.0,4.0,0.0 
 09/17  06:00:00,18.378480759081995,12.787855005024577,18.756291117158355,0.009238300414724466,0.95,0.0,0.23,5.0,0.0,0.0,1.0,0.5,80.0,27.0,4.0,0.0 
 09/17  07:00:00,20.920040645397865,12.647295782342573,20.206058413554487,0.009152667608976369,0.95,0.0,0.23,5.0,0.0,0.0,1.0,0.5,80.0,27.0,4.0,0.0 
 09/17  08:00:00,24.943905024940985,12.511389251814393,23.714456612556813,0.009070557778942789,0.95,0.0,0.23,5.0,0.0,0.0,1.0,0.5,80.0,27.0,4.0,0.0 
 09/17  09:00:00,28.457359212843468,12.497744991211928,26.49187086568981,0.009062678779559631,0.95,0.0,0.23,5.0,0.0,0.0,1.0,0.5,80.0,27.0,4.0,0.0 
 09/17  10:00:00,31.5326973589259,11.943156668842759,29.051260094498005,0.00873357738370128,0.6,0.0,0.23,5.0,0.0,0.0,1.0,0.5,80.0,27.0,4.0,0.0 
 09/17  11:00:00,33.72233787664295,11.260646511273869,31.475278462817716,0.008343195843131285,0.6,0.0,0.23,5.0,0.0,0.0,1.0,0.5,80.0,27.0,4.0,0.0 
 09/17  12:00:00,35.036791862523636,11.271717303989778,32.841135637630934,0.008349742187452434,0.6,0.0,0.23,5.0,0.0,0.0,1.0,0.5,80.0,27.0,4.0,0.0 
 09/17  13:00:00,36.0485363897592,11.117247391333317,34.38136536283053,0.008263782595458338,0.6,0.0,0.69,5.0,0.0,0.0,1.0,0.5,80.0,27.0,4.0,0.0 
 09/17  14:00:00,38.02899442113116,10.916205375793343,35.958932191129286,0.008152502308749858,0.6,0.0,0.69,5.0,0.0,0.0,1.0,0.5,80.0,27.0,4.0,0.0 
 09/17  15:00:00,39.2029659585693,10.848656284795071,36.744393876872095,0.008115388210911016,0.6,0.0,0.23,5.0,0.0,0.0,1.0,0.5,80.0,27.0,4.0,0.0 
 09/17  16:00:00,38.87734066009899,10.775789274583605,36.90138126237416,0.00807552818878236,0.6,0.0,0.23,5.0,0.0,0.0,1.0,0.5,80.0,27.0,4.0,0.0 
 09/17  17:00:00,36.925157648227874,10.973562824919721,35.801734413510935,0.008183737521588828,0.6,0.0,0.23,5.0,0.0,0.0,1.0,0.5,80.0,27.0,4.0,0.0 
 09/17  18:00:00,33.673931142194945,11.233719234709902,33.14928979304098,0.008328190124540254,0.6,0.0,0.23,5.0,0.0,0.0,1.0,0.5,80.0,27.0,4.0,0.0 
 09/17  19:00:00,29.649687482991627,11.756471365867482,29.853046709507698,0.008625370385822343,0.9,0.0,0.23,5.0,0.0,0.0,1.0,0.5,80.0,27.0,4.0,0.0 
 09/17  20:00:00,27.06517834577749,12.042054544866087,28.5595469381489,0.008791708477457067,0.9,1.0,0.23,5.0,0.0,0.0,1.0,0.5,80.0,27.0,4.0,0.0 
 09/17  21:00:00,25.813920948890672,12.276223016922948,28.281527691624095,0.008930131202121818,0.9,1.0,1.0,5.0,0.0,0.0,1.0,0.5,80.0,27.0,4.0,0.0 
 09/17  22:00:00,25.730757916935346,12.3948075311925825,27.8769029271393375,0.009001268992318924,0.9,1,1,5,0,0,1,0.5,80,27,4,0
 09/17  23:00:00,25.64759488498002,12.513392045462217,27.47227816265458,0.00907240678251603,0.9,1.0,1.0,5.0,0.0,0.0,1.0,0.5,80.0,27.0,4.0,0.0 
 09/17  24:00:00,24.79079596998945,12.650281663505565,27.048393092711994,0.009155407724853518,0.9,1.0,1.0,5.0,0.0,0.0,1.0,0.5,80.0,27.0,4.0,0.0 
 09/18  01:00:00,23.80693873174013,13.19222532708006,24.197620539243335,0.009490815580681539,0.98,0.0,0.23,18.0,0.0,0.0,1.0,0.5,80.0,27.0,4.0,0.0 
 09/18  02:00:00,22.04821260277681,13.223972543088827,22.83097825540903,0.0095106264517282,0.98,0.0,0.23,18.0,0.0,0.0,1.0,0.5,80.0,27.0,4.0,0.0 
 09/18  03:00:00,21.041094433111525,13.13672848161303,21.68016451329899,0.009455655423375516,0.98,0.0,0.23,18.0,0.0,0.0,1.0,0.5,80.0,27.0,4.0,0.0 
 09/18  04:00:00,20.24690894475354,13.003792405838134,20.886306748155118,0.009372397464847814,0.98,0.0,0.23,18.0,0.0,0.0,1.0,0.5,80.0,27.0,4.0,0.0 
 09/18  05:00:00,19.66294096344594,12.979333457472404,20.30511727619569,0.00935709107255107,0.98,0.0,0.23,18.0,0.0,0.0,1.0,0.5,80.0,27.0,4.0,0.0 
 09/18  06:00:00,19.21007530729351,12.842202675720063,19.825650264086775,0.009272119348610552,0.98,0.0,0.23,18.0,0.0,0.0,1.0,0.5,80.0,27.0,4.0,0.0 
 09/18  07:00:00,19.397226559748397,12.51029137848812,19.67691467791184,0.009069347256385717,0.85,0.0,0.23,18.0,0.0,0.0,1.0,0.5,80.0,27.0,4.0,0.0 
 09/18  08:00:00,25.345512002624538,12.681981013684643,22.98975869455724,0.009173546917087577,0.65,0.0,0.23,12.0,0.0,0.0,0.0,0.5,80.0,37.0,4.0,0.0 
 09/18  09:00:00,29.154442426006558,12.773737347715716,28.259006194739555,0.009229537011517951,0.1,0.0,0.23,18.0,0.0,0.0,0.0,0.0,120.0,37.0,4.0,0.0 
 09/18  10:00:00,34.47632880991399,12.92085257600916,33.043000260607876,0.009320153027478744,0.1,0.0,0.23,18.0,0.0,0.0,0.0,0.0,120.0,37.0,4.0,0.0 
 09/18  11:00:00,37.923510153928845,13.12473446602858,36.85803001930521,0.009446993219540652,0.1,0.0,0.23,18.0,0.0,0.0,0.0,0.0,120.0,37.0,4.0,0.0 
 09/18  12:00:00,39.53892705010658,13.333769756037398,38.84311109715941,0.009578744009412686,0.1,0.0,0.23,18.0,0.0,0.0,0.0,0.0,120.0,37.0,4.0,0.0 
 09/18  13:00:00,40.61539775167395,13.538889485301446,40.65139650009779,0.009709623318149618,0.1,0.0,0.69,18.0,0.0,0.0,0.0,0.0,120.0,37.0,4.0,0.0 
 09/18  14:00:00,42.75017952617646,13.973016562553616,42.66212039731603,0.009992034170788823,0.1,0.0,0.69,18.0,0.0,0.0,0.0,0.0,120.0,37.0,4.0,0.0 
 09/18  15:00:00,43.385701803727,14.115829408111196,42.93469195039918,0.010086466210502213,0.1,0.0,0.23,18.0,0.0,0.0,0.0,0.0,120.0,37.0,4.0,0.0 
 09/18  16:00:00,42.86668615282929,14.359623547064466,42.75058288805363,0.010249592501835792,0.1,0.0,0.23,18.0,0.0,0.0,0.0,0.0,120.0,37.0,4.0,0.0 
 09/18  17:00:00,40.277360731223546,14.550136475300969,40.69440913747952,0.010378687156118303,0.1,0.0,0.23,18.0,0.0,0.0,0.0,0.0,120.0,37.0,4.0,0.0 
 09/18  18:00:00,36.30579956472132,15.864587869299067,36.040874595395124,0.011310530483490002,0.75,0.0,0.23,18.0,0.0,0.0,0.0,0.5,120.0,37.0,4.0,0.0 
 09/18  19:00:00,31.387524943973585,17.062212123422047,31.35801194375212,0.012224207980797711,0.75,0.0,0.23,18.0,0.0,0.0,0.0,0.5,80.0,37.0,4.0,0.0 
 09/18  20:00:00,28.333570065203002,16.771017626713412,29.58507722223701,0.011996006030498801,0.9,1.0,0.23,18.0,0.0,0.0,1.0,0.5,80.0,27.0,4.0,0.0 
 09/18  21:00:00,26.533861352849247,16.647409141595215,28.99707659754256,0.011900231160690247,0.9,1.0,1.0,18.0,0.0,0.0,1.0,0.5,80.0,27.0,4.0,0.0 
 09/18  22:00:00,26.392746991888707,16.5080241580695125,28.50894842493295,0.0117935644666860715,0.9,1,1,18,0,0,1,0.5,80,27,4,0
 09/18  23:00:00,26.251632630928167,16.36863917454381,28.02082025232334,0.011686897772681896,0.9,1.0,1.0,18.0,0.0,0.0,1.0,0.5,80.0,27.0,4.0,0.0 
 09/18  24:00:00,25.42242801593819,16.18465656341813,27.296898966524722,0.01154795102579552,0.95,1.0,1.0,18.0,0.0,0.0,1.0,0.5,80.0,27.0,4.0,0.0 
 09/19  01:00:00,24.589986381648014,16.060540518979412,24.99582116067542,0.011454903026217631,0.98,0.0,0.23,18.0,0.0,0.0,1.0,0.5,80.0,27.0,4.0,0.0 
 09/19  02:00:00,23.075076241374934,15.876340804421757,23.81741385900176,0.011318278277163103,0.98,0.0,0.23,18.0,0.0,0.0,1.0,0.5,80.0,27.0,4.0,0.0 
 09/19  03:00:00,22.137718415186548,15.758684202326034,22.893850200703127,0.011231736119064004,0.98,0.0,0.23,18.0,0.0,0.0,1.0,0.5,80.0,27.0,4.0,0.0 
 09/19  04:00:00,21.451569311048825,15.80638525596025,22.294520706051394,0.011266704705685821,0.98,0.0,0.23,18.0,0.0,0.0,1.0,0.5,80.0,27.0,4.0,0.0 
 09/19  05:00:00,21.110243475909915,15.897018594675963,21.82319694432428,0.011333300578046006,0.98,0.0,0.23,18.0,0.0,0.0,1.0,0.5,80.0,27.0,4.0,0.0 
 09/19  06:00:00,20.759187348410364,15.956342046364512,21.31212654963141,0.011377041979865554,0.98,0.0,0.23,18.0,0.0,0.0,1.0,0.5,80.0,27.0,4.0,0.0 
 09/19  07:00:00,20.913503969849515,16.04252723890147,21.306946879191372,0.011440911634517097,0.85,0.0,0.23,18.0,0.0,0.0,1.0,0.5,80.0,27.0,4.0,0.0 
 09/19  08:00:00,25.244822667243803,16.294879740731076,24.124004129676432,0.011630004599665096,0.65,0.0,0.23,12.0,0.0,0.0,0.0,0.5,80.0,37.0,4.0,0.0 
 09/19  09:00:00,29.275119230730812,16.370845194706853,28.045848903619593,0.011687391750855978,0.1,0.0,0.23,18.0,0.0,0.0,0.0,0.0,120.0,37.0,4.0,0.0 
 09/19  10:00:00,34.947848839538295,16.48889542438837,32.65974390264143,0.011777141887939626,0.1,0.0,0.23,18.0,0.0,0.0,0.0,0.0,120.0,37.0,4.0,0.0 
 09/19  11:00:00,38.101000353859455,16.656536365902934,36.89888956948294,0.011905707814907891,0.1,0.0,0.23,18.0,0.0,0.0,0.0,0.0,120.0,37.0,4.0,0.0 
 09/19  12:00:00,40.48381536054525,16.830337284274457,39.499179422398534,0.012040331845708446,0.1,0.0,0.23,18.0,0.0,0.0,0.0,0.0,120.0,37.0,4.0,0.0 
 09/19  13:00:00,41.89923306426185,17.001371851001757,41.85981061124492,0.01217414433688551,0.1,0.0,0.69,18.0,0.0,0.0,0.0,0.0,120.0,37.0,4.0,0.0 
 09/19  14:00:00,45.63367724758278,17.355025626549757,44.62722047607099,0.012458612457590373,0.1,0.0,0.69,18.0,0.0,0.0,0.0,0.0,120.0,37.0,4.0,0.0 
 09/19  15:00:00,45.86758068000634,17.493047412673732,45.54526683580451,0.012573136888083406,0.1,0.0,0.23,18.0,0.0,0.0,0.0,0.0,120.0,37.0,4.0,0.0 
 09/19  16:00:00,47.69994435810736,17.839331438100075,47.1891830478754,0.012859900877520687,0.1,0.0,0.23,18.0,0.0,0.0,0.0,0.0,120.0,37.0,4.0,0.0 
 09/19  17:00:00,47.0297168691256,18.21645065122029,47.259819841208696,0.013178458987930873,0.1,0.0,0.23,18.0,0.0,0.0,0.0,0.0,120.0,37.0,4.0,0.0 
 09/19  18:00:00,43.28847699486322,19.08291429686809,42.67327249625761,0.013933072517992988,0.75,0.0,0.23,18.0,0.0,0.0,0.0,0.5,120.0,37.0,4.0,0.0 
 09/19  19:00:00,36.752808092088735,19.432071539098796,37.050376390625686,0.014250108903413349,0.75,0.0,0.23,18.0,0.0,0.0,0.0,0.5,80.0,37.0,4.0,0.0 
 09/19  20:00:00,32.541600271910355,19.897405805999238,34.04372340203368,0.014681676002207735,0.9,1.0,0.23,18.0,0.0,0.0,1.0,0.5,80.0,27.0,4.0,0.0 
 09/19  21:00:00,30.064284218173643,20.21582213170199,33.04253578022824,0.014984852054131453,0.9,1.0,1.0,18.0,0.0,0.0,1.0,0.5,80.0,27.0,4.0,0.0 
 09/19  22:00:00,29.9129045801238505,20.27959038110098,32.44368714874567,0.015047586418612121,0.9,1,1,18,0,0,1,0.5,80,27,4,0
 09/19  23:00:00,29.761524942074058,20.34335863049997,31.8448385172631,0.015110320783092789,0.9,1.0,1.0,18.0,0.0,0.0,1.0,0.5,80.0,27.0,4.0,0.0 
 09/19  24:00:00,28.873916132332653,20.438625688007058,31.16131533515712,0.015205528892495494,0.95,1.0,1.0,18.0,0.0,0.0,1.0,0.5,80.0,27.0,4.0,0.0 
 09/20  01:00:00,27.776009087503322,20.696026848603648,28.481273591834174,0.015463069871449938,0.98,0.0,0.23,18.0,0.0,0.0,1.0,0.5,80.0,27.0,4.0,0.0 
 09/20  02:00:00,26.31620995698275,20.64418988050035,27.170315955185924,0.015416454127492991,0.98,0.0,0.23,18.0,0.0,0.0,1.0,0.5,80.0,27.0,4.0,0.0 
 09/20  03:00:00,25.551265149035064,20.699810108420298,26.460402888825172,0.015474800176356513,0.98,0.0,0.23,18.0,0.0,0.0,1.0,0.5,80.0,27.0,4.0,0.0 
 09/20  04:00:00,25.02754341843576,20.68561812703767,25.98833389922219,0.015464877282174497,0.98,0.0,0.23,18.0,0.0,0.0,1.0,0.5,80.0,27.0,4.0,0.0 
 09/20  05:00:00,24.697918683498898,20.736209505330468,25.40904954333253,0.015518467164919076,0.98,0.0,0.23,18.0,0.0,0.0,1.0,0.5,80.0,27.0,4.0,0.0 
 09/20  06:00:00,24.377417698346036,21.09864497876649,25.15607291257769,0.015881276749710616,0.98,0.0,0.23,18.0,0.0,0.0,1.0,0.5,80.0,27.0,4.0,0.0 
 09/20  07:00:00,24.522030546500265,21.383715318784738,25.17374064683205,0.0161730640979895,0.85,0.0,0.23,18.0,0.0,0.0,1.0,0.5,80.0,27.0,4.0,0.0 
 09/20  08:00:00,26.28068315887966,21.438141841214605,26.361215321126267,0.016232642848615177,0.65,0.0,0.23,12.0,0.0,0.0,0.0,0.5,80.0,37.0,4.0,0.0 
 09/20  09:00:00,29.6360373381362,21.503325158451027,28.868956051188288,0.016303608018905628,0.1,0.0,0.23,18.0,0.0,0.0,0.0,0.0,120.0,37.0,4.0,0.0 
 09/20  10:00:00,30.62445823660607,21.58680662365432,30.081824630309406,0.01639352087441555,0.1,0.0,0.23,18.0,0.0,0.0,0.0,0.0,120.0,37.0,4.0,0.0 
 09/20  11:00:00,30.797168225130683,21.665463927528727,30.73737302549825,0.01647906522098881,0.1,0.0,0.23,18.0,0.0,0.0,0.0,0.0,120.0,37.0,4.0,0.0 
 09/20  12:00:00,35.6797552191394,21.758256689906553,33.90746200153307,0.01657954860422621,0.1,0.0,0.23,18.0,0.0,0.0,0.0,0.0,120.0,37.0,4.0,0.0 
 09/20  13:00:00,39.19349892156356,21.885456351507404,38.403800330842905,0.016716785847351676,0.1,0.0,0.69,18.0,0.0,0.0,0.0,0.0,120.0,37.0,4.0,0.0 
 09/20  14:00:00,37.8049149234067,22.010492037106655,38.5876655639096,0.016844840337177664,0.1,0.0,0.69,18.0,0.0,0.0,0.0,0.0,120.0,37.0,4.0,0.0 
 09/20  15:00:00,34.546267841166824,22.140572948856146,35.89088182789309,0.016979136832579032,0.1,0.0,0.23,18.0,0.0,0.0,0.0,0.0,120.0,37.0,4.0,0.0 
 09/20  16:00:00,32.02042631568761,22.26375386839243,33.73182718147419,0.01710700993740356,0.1,0.0,0.23,18.0,0.0,0.0,0.0,0.0,120.0,37.0,4.0,0.0 
 09/20  17:00:00,30.392745091201483,22.36781150387648,31.854309256595563,0.017215156965475317,0.1,0.0,0.23,18.0,0.0,0.0,0.0,0.0,120.0,37.0,4.0,0.0 
 09/20  18:00:00,29.267474750622124,23.129591936921276,30.302509963824473,0.018049093620472835,0.75,0.0,0.23,18.0,0.0,0.0,0.0,0.5,120.0,37.0,4.0,0.0 
 09/20  19:00:00,27.96335627351863,23.223979757756986,29.05596562818939,0.018151666100150433,0.75,0.0,0.23,18.0,0.0,0.0,0.0,0.5,80.0,37.0,4.0,0.0 
 09/20  20:00:00,27.17122428718589,23.192851771171988,28.846828128474165,0.018112660969065764,0.9,1.0,0.23,18.0,0.0,0.0,1.0,0.5,80.0,27.0,4.0,0.0 
 09/20  21:00:00,27.165200115990444,23.016227663684408,29.090784428314816,0.0179109858705031,0.9,1.0,1.0,18.0,0.0,0.0,1.0,0.5,80.0,27.0,4.0,0.0 
 09/20  22:00:00,27.1390006412290195,22.889891495237534,29.107313211103115,0.017769283527494841,0.9,1,1,18,0,0,1,0.5,80,27,4,0
 09/20  23:00:00,27.112801166467595,22.76355532679066,29.123841993891414,0.017627581184486582,0.9,1.0,1.0,18.0,0.0,0.0,1.0,0.5,80.0,27.0,4.0,0.0 
 09/20  24:00:00,26.925611486495946,22.459017240911592,28.969378294843725,0.017292141317304572,0.95,1.0,1.0,18.0,0.0,0.0,1.0,0.5,80.0,27.0,4.0,0.0 
 09/21  01:00:00,26.271530623973476,21.774190493805268,26.855032091934234,0.01655971077769253,0.98,0.0,0.23,18.0,0.0,0.0,1.0,0.5,80.0,27.0,4.0,0.0 
 09/21  02:00:00,24.748979854408727,21.354696337759606,25.435964053381106,0.016125797117292198,0.98,0.0,0.23,18.0,0.0,0.0,1.0,0.5,80.0,27.0,4.0,0.0 
 09/21  03:00:00,23.61923299845637,20.79240696057857,24.441578975936785,0.015561395882034167,0.98,0.0,0.23,18.0,0.0,0.0,1.0,0.5,80.0,27.0,4.0,0.0 
 09/21  04:00:00,22.8619668402356,19.76767879238755,23.43525100260271,0.014580957151854737,0.98,0.0,0.23,18.0,0.0,0.0,1.0,0.5,80.0,27.0,4.0,0.0 
 09/21  05:00:00,22.266950814028025,19.456437263707908,22.928764024955047,0.014292382180875283,0.98,0.0,0.23,18.0,0.0,0.0,1.0,0.5,80.0,27.0,4.0,0.0 
 09/21  06:00:00,21.745398515461375,18.948852566205815,22.435969561834654,0.013834587909638176,0.98,0.0,0.23,18.0,0.0,0.0,1.0,0.5,80.0,27.0,4.0,0.0 
 09/21  07:00:00,21.696568447374606,17.899824083040873,22.077556396119967,0.012932904301207901,0.85,0.0,0.23,18.0,0.0,0.0,1.0,0.5,80.0,27.0,4.0,0.0 
 09/21  08:00:00,26.72258565327867,17.63784871765022,25.17573352759219,0.012714216164907501,0.65,0.0,0.23,12.0,0.0,0.0,0.0,0.5,80.0,37.0,4.0,0.0 
 09/21  09:00:00,28.6742407854157,17.738730856477435,28.03788068953585,0.012794439527786725,0.1,0.0,0.23,18.0,0.0,0.0,0.0,0.0,120.0,37.0,4.0,0.0 
 09/21  10:00:00,33.56806958427612,17.844290503215372,30.946322527125556,0.012878856768128277,0.1,0.0,0.23,18.0,0.0,0.0,0.0,0.0,120.0,37.0,4.0,0.0 
 09/21  11:00:00,35.022119018537545,18.090686025307587,34.75245577129895,0.013081682734851502,0.1,0.0,0.23,18.0,0.0,0.0,0.0,0.0,120.0,37.0,4.0,0.0 
 09/21  12:00:00,37.54902081924164,18.240744766296178,36.4745152311999,0.013205559524733587,0.1,0.0,0.23,18.0,0.0,0.0,0.0,0.0,120.0,37.0,4.0,0.0 
 09/21  13:00:00,38.800953999346014,18.569140416630628,39.013881795960245,0.013483573631889682,0.1,0.0,0.69,18.0,0.0,0.0,0.0,0.0,120.0,37.0,4.0,0.0 
 09/21  14:00:00,41.80678184146408,18.71293197512632,41.06642846631502,0.013609812759709055,0.1,0.0,0.69,18.0,0.0,0.0,0.0,0.0,120.0,37.0,4.0,0.0 
 09/21  15:00:00,43.47229803372749,18.86346235855042,42.75479307078944,0.013742894353772343,0.1,0.0,0.23,18.0,0.0,0.0,0.0,0.0,120.0,37.0,4.0,0.0 
 09/21  16:00:00,45.94000814875643,19.014324942084873,45.12378176138881,0.013877584620929128,0.1,0.0,0.23,18.0,0.0,0.0,0.0,0.0,120.0,37.0,4.0,0.0 
 09/21  17:00:00,43.41160255705817,19.153366446688953,43.62268274615885,0.014002909469650503,0.1,0.0,0.23,18.0,0.0,0.0,0.0,0.0,120.0,37.0,4.0,0.0 
 09/21  18:00:00,38.28292192990402,19.204177055905948,38.230496818916066,0.01404990584294096,0.75,0.0,0.23,18.0,0.0,0.0,0.0,0.5,120.0,37.0,4.0,0.0 
 09/21  19:00:00,32.98245380073173,18.94337215827516,33.0531348377693,0.013819786545318121,0.75,0.0,0.23,18.0,0.0,0.0,0.0,0.5,80.0,37.0,4.0,0.0 
 09/21  20:00:00,29.54329621688867,18.223598739278643,30.98415516920904,0.013199203290968964,0.9,1.0,0.23,18.0,0.0,0.0,1.0,0.5,80.0,27.0,4.0,0.0 
 09/21  21:00:00,27.568615858713862,17.74115801931869,30.253713155129017,0.012797993661421607,0.9,1.0,1.0,18.0,0.0,0.0,1.0,0.5,80.0,27.0,4.0,0.0 
 09/21  22:00:00,27.393930778136606,17.477849784549424,29.6242273315687085,0.0125852188295022735,0.9,1,1,18,0,0,1,0.5,80,27,4,0
 09/21  23:00:00,27.21924569755935,17.214541549780158,28.9947415080084,0.01237244399758294,0.9,1.0,1.0,18.0,0.0,0.0,1.0,0.5,80.0,27.0,4.0,0.0 
 09/21  24:00:00,26.17340906053393,16.98832908339925,28.246748152108875,0.01219430229623595,0.95,1.0,1.0,18.0,0.0,0.0,1.0,0.5,80.0,27.0,4.0,0.0 
 09/22  01:00:00,24.701719695254003,16.37919336216813,25.112500205709555,0.011725202636495274,0.98,0.0,0.23,18.0,0.0,0.0,1.0,0.5,80.0,27.0,4.0,0.0 
 09/22  02:00:00,23.118444070725495,15.958427200544014,23.84411245685187,0.011410237925134964,0.98,0.0,0.23,18.0,0.0,0.0,1.0,0.5,80.0,27.0,4.0,0.0 
 09/22  03:00:00,22.087480838056745,15.510853998337968,22.742544073812887,0.011083468175468484,0.98,0.0,0.23,18.0,0.0,0.0,1.0,0.5,80.0,27.0,4.0,0.0 
 09/22  04:00:00,21.305862191650167,15.122843260222128,22.006767948926843,0.010807067182852712,0.98,0.0,0.23,18.0,0.0,0.0,1.0,0.5,80.0,27.0,4.0,0.0 
 09/22  05:00:00,20.81716476533843,14.49473203892604,21.332754731553333,0.010372095042955071,0.98,0.0,0.23,18.0,0.0,0.0,1.0,0.5,80.0,27.0,4.0,0.0 
 09/22  06:00:00,20.38722308252057,14.30586073895789,21.00752753359435,0.010245170006660982,0.98,0.0,0.23,18.0,0.0,0.0,1.0,0.5,80.0,27.0,4.0,0.0 
 09/22  07:00:00,20.514722707693352,14.058521321494734,20.90399671348998,0.010080810402533828,0.85,0.0,0.23,18.0,0.0,0.0,1.0,0.5,80.0,27.0,4.0,0.0 
 09/22  08:00:00,27.911278475410036,14.163290169104119,25.38898216835654,0.010151891766593209,0.65,0.0,0.23,12.0,0.0,0.0,0.0,0.5,80.0,37.0,4.0,0.0 
 09/22  09:00:00,28.31074382931011,14.267500970882535,27.907115392743847,0.010222945263246895,0.1,0.0,0.23,18.0,0.0,0.0,0.0,0.0,120.0,37.0,4.0,0.0 
 09/22  10:00:00,29.841765807724613,14.380425180869102,28.967995338195323,0.01030045381680269,0.1,0.0,0.23,18.0,0.0,0.0,0.0,0.0,120.0,37.0,4.0,0.0 
 09/22  11:00:00,32.71699271339018,14.508225754381932,31.915668702128727,0.010388540494521224,0.1,0.0,0.23,18.0,0.0,0.0,0.0,0.0,120.0,37.0,4.0,0.0 
 09/22  12:00:00,37.03960204179783,14.671612493892464,35.34748599014581,0.010501923126231067,0.1,0.0,0.23,18.0,0.0,0.0,0.0,0.0,120.0,37.0,4.0,0.0 
 09/22  13:00:00,37.946297630640615,14.863665129031663,37.84380911350608,0.010636394918060049,0.1,0.0,0.69,18.0,0.0,0.0,0.0,0.0,120.0,37.0,4.0,0.0 
 09/22  14:00:00,37.82341089956186,15.029718553083642,38.052818929662934,0.010753432706070168,0.1,0.0,0.69,18.0,0.0,0.0,0.0,0.0,120.0,37.0,4.0,0.0 
 09/22  15:00:00,34.099747545477484,15.216841218651506,35.42453390610501,0.010886622658609828,0.1,0.0,0.23,18.0,0.0,0.0,0.0,0.0,120.0,37.0,4.0,0.0 
 09/22  16:00:00,29.93970715250815,15.38777126030777,31.91174237030964,0.011009638407768235,0.1,0.0,0.23,18.0,0.0,0.0,0.0,0.0,120.0,37.0,4.0,0.0 
 09/22  17:00:00,27.46230703229965,15.514245017931465,29.141737307493088,0.011101749922696877,0.1,0.0,0.23,18.0,0.0,0.0,0.0,0.0,120.0,37.0,4.0,0.0 
 09/22  18:00:00,26.054449153366566,15.939189140621817,26.851533495977193,0.011414314539427081,0.75,0.0,0.23,18.0,0.0,0.0,0.0,0.5,120.0,37.0,4.0,0.0 
 09/22  19:00:00,24.402678389216156,15.718852658684364,25.225581550909272,0.011252312981098186,0.75,0.0,0.23,18.0,0.0,0.0,0.0,0.5,80.0,37.0,4.0,0.0 
 09/22  20:00:00,23.461663305210493,15.880793435859657,25.371681418507357,0.011372375936834043,0.9,1.0,0.23,18.0,0.0,0.0,1.0,0.5,80.0,27.0,4.0,0.0 
 09/22  21:00:00,23.56392202458137,15.92811080215214,25.83105651235916,0.011408280398531494,0.9,1.0,1.0,18.0,0.0,0.0,1.0,0.5,80.0,27.0,4.0,0.0 
 09/22  22:00:00,23.621881696008968,15.87966745456958,25.832475042465771,0.011372744055051662,0.9,1,1,18,0,0,1,0.5,80,27,4,0
 09/22  23:00:00,23.679841367436566,15.83122410698702,25.833893572572382,0.01133720771157183,0.9,1.0,1.0,18.0,0.0,0.0,1.0,0.5,80.0,27.0,4.0,0.0 
 09/22  24:00:00,23.406152654858438,15.699865567880655,25.54452711686756,0.01124123761250086,0.95,1.0,1.0,18.0,0.0,0.0,1.0,0.5,80.0,27.0,4.0,0.0 
 09/23  01:00:00,22.56983943042251,15.75012427715369,22.94257824530024,0.011279618136120597,0.95,0.0,0.23,5.0,0.0,0.0,1.0,0.5,80.0,27.0,4.0,0.0 
 09/23  02:00:00,20.959684426140868,15.509528126753313,21.51680827548684,0.01110462823151808,0.95,0.0,0.23,5.0,0.0,0.0,1.0,0.5,80.0,27.0,4.0,0.0 
 09/23  03:00:00,19.805274813815107,14.949601240277804,20.391456400543838,0.010705907597208575,0.95,0.0,0.23,5.0,0.0,0.0,1.0,0.5,80.0,27.0,4.0,0.0 
 09/23  04:00:00,19.029634133943826,14.560475934994587,19.601627526892234,0.01043672565408518,0.95,0.0,0.23,5.0,0.0,0.0,1.0,0.5,80.0,27.0,4.0,0.0 
 09/23  05:00:00,18.50480486364049,14.17134740671796,19.03169216801715,0.010173520694466249,0.95,0.0,0.23,5.0,0.0,0.0,1.0,0.5,80.0,27.0,4.0,0.0 
 09/23  06:00:00,18.092251808334193,13.831771516303958,18.600278561495667,0.00994878746620495,0.95,0.0,0.23,5.0,0.0,0.0,1.0,0.5,80.0,27.0,4.0,0.0 
 09/23  07:00:00,17.893211533654412,13.171239338786723,18.17126580368474,0.00952379511764152,0.95,0.0,0.23,5.0,0.0,0.0,1.0,0.5,80.0,27.0,4.0,0.0 
 09/23  08:00:00,17.823664179631745,12.660069020978904,18.058179855881622,0.009206365373355983,0.95,0.0,0.23,5.0,0.0,0.0,1.0,0.5,80.0,27.0,4.0,0.0 
 09/23  09:00:00,19.02995034731449,12.739418664217446,18.78284644881801,0.00925567356011447,0.95,0.0,0.23,5.0,0.0,0.0,1.0,0.5,80.0,27.0,4.0,0.0 
 09/23  10:00:00,19.866237817681263,12.411540388159771,19.514255607330806,0.009056269802512278,0.6,0.0,0.23,5.0,0.0,0.0,1.0,0.5,80.0,27.0,4.0,0.0 
 09/23  11:00:00,23.938637541374916,12.068716760992038,22.515634385103475,0.008851962581962781,0.6,0.0,0.23,5.0,0.0,0.0,1.0,0.5,80.0,27.0,4.0,0.0 
 09/23  12:00:00,26.858275851381045,11.984313314910215,25.38975240450437,0.00880267954089486,0.6,0.0,0.23,5.0,0.0,0.0,1.0,0.5,80.0,27.0,4.0,0.0 
 09/23  13:00:00,29.854752037933043,12.133469112861208,27.561764067685047,0.008891429690992249,0.6,0.0,0.69,5.0,0.0,0.0,1.0,0.5,80.0,27.0,4.0,0.0 
 09/23  14:00:00,30.07526494172221,12.121699066265528,28.252204348637996,0.008883811517869284,0.6,0.0,0.69,5.0,0.0,0.0,1.0,0.5,80.0,27.0,4.0,0.0 
 09/23  15:00:00,27.97262867753406,12.367622870785832,27.265526706898214,0.00903014670719466,0.6,0.0,0.23,5.0,0.0,0.0,1.0,0.5,80.0,27.0,4.0,0.0 
 09/23  16:00:00,27.61241278789684,12.448730787011502,26.917438102057698,0.009078388251607221,0.6,0.0,0.23,5.0,0.0,0.0,1.0,0.5,80.0,27.0,4.0,0.0 
 09/23  17:00:00,24.340627311262626,12.88638522826917,24.484119394655668,0.009346103702878764,0.6,0.0,0.23,5.0,0.0,0.0,1.0,0.5,80.0,27.0,4.0,0.0 
 09/23  18:00:00,22.19478282085628,13.27098798797853,22.392053125293263,0.009587000724251822,0.6,0.0,0.23,5.0,0.0,0.0,1.0,0.5,80.0,27.0,4.0,0.0 
 09/23  19:00:00,20.815787300691568,13.142828763844655,21.3584696425746,0.009505188564776114,0.9,0.0,0.23,5.0,0.0,0.0,1.0,0.5,80.0,27.0,4.0,0.0 
 09/23  20:00:00,19.879170270114933,12.98247969254779,22.189085920938233,0.009403783119433533,0.9,1.0,0.23,5.0,0.0,0.0,1.0,0.5,80.0,27.0,4.0,0.0 
 09/23  21:00:00,20.423443744641588,12.802640404116916,22.46065943988775,0.0092913935088863,0.9,1.0,1.0,5.0,0.0,0.0,1.0,0.5,80.0,27.0,4.0,0.0 
 09/23  22:00:00,20.396323133322484,12.661193366524359,22.489143631716051,0.009204354531727456,0.9,1,1,5,0,0,1,0.5,80,27,4,0
 09/23  23:00:00,20.36920252200338,12.519746328931802,22.517627823544352,0.009117315554568612,0.9,1.0,1.0,5.0,0.0,0.0,1.0,0.5,80.0,27.0,4.0,0.0 
 09/23  24:00:00,20.141892254212163,12.296596441236714,22.264828741968827,0.008982008556496335,0.9,1.0,1.0,5.0,0.0,0.0,1.0,0.5,80.0,27.0,4.0,0.0 
 09/24  01:00:00,19.66119509298966,12.114630310642909,20.12583101222005,0.008872087696911531,0.95,0.0,0.23,5.0,0.0,0.0,1.0,0.5,80.0,27.0,4.0,0.0 
 09/24  02:00:00,18.264894278849596,11.688261854678064,18.998135607029486,0.008621901801887993,0.95,0.0,0.23,5.0,0.0,0.0,1.0,0.5,80.0,27.0,4.0,0.0 
 09/24  03:00:00,17.457667026273022,11.542274987340235,18.306845486515265,0.008537221101665477,0.95,0.0,0.23,5.0,0.0,0.0,1.0,0.5,80.0,27.0,4.0,0.0 
 09/24  04:00:00,17.095530126922014,11.549431864794446,17.84981533312501,0.008540718208974635,0.95,0.0,0.23,5.0,0.0,0.0,1.0,0.5,80.0,27.0,4.0,0.0 
 09/24  05:00:00,16.77532212698876,11.509896738554312,17.28573149210132,0.008517405051913509,0.95,0.0,0.23,5.0,0.0,0.0,1.0,0.5,80.0,27.0,4.0,0.0 
 09/24  06:00:00,16.473739437741852,11.36167070013838,17.04749307733281,0.00843246436251717,0.95,0.0,0.23,5.0,0.0,0.0,1.0,0.5,80.0,27.0,4.0,0.0 
 09/24  07:00:00,16.378440721425513,11.280399547332742,16.950999594833494,0.008385863418921101,0.95,0.0,0.23,5.0,0.0,0.0,1.0,0.5,80.0,27.0,4.0,0.0 
 09/24  08:00:00,16.55485912292071,11.382341862012503,17.054599820338954,0.008442904032286539,0.95,0.0,0.23,5.0,0.0,0.0,1.0,0.5,80.0,27.0,4.0,0.0 
 09/24  09:00:00,19.855088005077924,11.419239046443169,19.209088119704923,0.008463168247148205,0.95,0.0,0.23,5.0,0.0,0.0,1.0,0.5,80.0,27.0,4.0,0.0 
 09/24  10:00:00,22.070683919363784,11.72310988129448,21.138034809536762,0.00863683210139723,0.6,0.0,0.23,5.0,0.0,0.0,1.0,0.5,80.0,27.0,4.0,0.0 
 09/24  11:00:00,22.183991886132517,12.049071533147233,21.798651230128186,0.008826615111275773,0.6,0.0,0.23,5.0,0.0,0.0,1.0,0.5,80.0,27.0,4.0,0.0 
 09/24  12:00:00,26.835229696303582,12.740337129789921,25.07718796571499,0.009242321894717565,0.6,0.0,0.23,5.0,0.0,0.0,1.0,0.5,80.0,27.0,4.0,0.0 
 09/24  13:00:00,29.317702444976145,12.627519034201221,27.399554761842044,0.009172533133917532,0.6,0.0,0.69,5.0,0.0,0.0,1.0,0.5,80.0,27.0,4.0,0.0 
 09/24  14:00:00,33.521250798561454,12.137073541281225,30.958992415522744,0.008876353306256485,0.6,0.0,0.69,5.0,0.0,0.0,1.0,0.5,80.0,27.0,4.0,0.0 
 09/24  15:00:00,32.57866451245227,11.981515065105594,30.857308295569567,0.008783554013354592,0.6,0.0,0.23,5.0,0.0,0.0,1.0,0.5,80.0,27.0,4.0,0.0 
 09/24  16:00:00,30.559085168184456,12.48448022439261,29.80725334273841,0.009082520691513576,0.6,0.0,0.23,5.0,0.0,0.0,1.0,0.5,80.0,27.0,4.0,0.0 
 09/24  17:00:00,33.09428468361209,12.397814802862658,30.553935830768182,0.00902928252770913,0.6,0.0,0.23,5.0,0.0,0.0,1.0,0.5,80.0,27.0,4.0,0.0 
 09/24  18:00:00,30.710907406325774,12.343174561470931,29.922346656085608,0.0089954360437694,0.6,0.0,0.23,5.0,0.0,0.0,1.0,0.5,80.0,27.0,4.0,0.0 
 09/24  19:00:00,26.174544396494795,12.759163338704917,26.588704707318037,0.009247186266435984,0.9,0.0,0.23,5.0,0.0,0.0,1.0,0.5,80.0,27.0,4.0,0.0 
 09/24  20:00:00,23.415563983178394,12.93885981484302,25.53515131349196,0.009357282497742299,0.9,1.0,0.23,5.0,0.0,0.0,1.0,0.5,80.0,27.0,4.0,0.0 
 09/24  21:00:00,22.72149559753355,13.158857338367373,25.25952948920375,0.009493901333351259,0.9,1.0,1.0,5.0,0.0,0.0,1.0,0.5,80.0,27.0,4.0,0.0 
 09/24  22:00:00,22.667408946284881,13.140335095650759,25.084355539841915,0.0094817708970707205,0.9,1,1,5,0,0,1,0.5,80,27,4,0
 09/24  23:00:00,22.613322295036212,13.121812852934145,24.90918159048008,0.009469640460790182,0.9,1.0,1.0,5.0,0.0,0.0,1.0,0.5,80.0,27.0,4.0,0.0 
 09/24  24:00:00,22.185243821061135,12.952886275366804,24.517764259992596,0.009362984867064161,0.9,1.0,1.0,5.0,0.0,0.0,1.0,0.5,80.0,27.0,4.0,0.0 
 09/25  01:00:00,21.590152185323074,12.586986708781344,22.22326082215007,0.00913582594504591,0.98,0.0,0.23,18.0,0.0,0.0,1.0,0.5,80.0,27.0,4.0,0.0 
 09/25  02:00:00,19.977058097854265,12.22209337434538,21.15573831084016,0.008915215013652637,0.98,0.0,0.23,18.0,0.0,0.0,1.0,0.5,80.0,27.0,4.0,0.0 
 09/25  03:00:00,19.249151077919294,11.916270421780174,20.191404176679693,0.008733853895691129,0.98,0.0,0.23,18.0,0.0,0.0,1.0,0.5,80.0,27.0,4.0,0.0 
 09/25  04:00:00,18.677872214438363,11.727018649094155,19.65284013336075,0.008623009566472942,0.98,0.0,0.23,18.0,0.0,0.0,1.0,0.5,80.0,27.0,4.0,0.0 
 09/25  05:00:00,18.35494520914561,11.768222779447669,19.25659748197325,0.00864588806990777,0.98,0.0,0.23,18.0,0.0,0.0,1.0,0.5,80.0,27.0,4.0,0.0 
 09/25  06:00:00,18.10194414598099,11.75943709786759,18.82215964162288,0.00863984495774479,0.98,0.0,0.23,18.0,0.0,0.0,1.0,0.5,80.0,27.0,4.0,0.0 
 09/25  07:00:00,18.104345367481063,11.711826439824979,18.704284927399037,0.008611376134602031,0.85,0.0,0.23,18.0,0.0,0.0,1.0,0.5,80.0,27.0,4.0,0.0 
 09/25  08:00:00,19.588880968965885,11.589979177648937,19.630747155242375,0.008540376899896068,0.65,0.0,0.23,12.0,0.0,0.0,0.0,0.5,80.0,37.0,4.0,0.0 
 09/25  09:00:00,22.84349585034118,11.663582382048537,21.87679034405179,0.008581764543117359,0.1,0.0,0.23,18.0,0.0,0.0,0.0,0.0,120.0,37.0,4.0,0.0 
 09/25  10:00:00,27.975100476041597,11.751997408122762,26.08528859397695,0.00863180523254943,0.1,0.0,0.23,18.0,0.0,0.0,0.0,0.0,120.0,37.0,4.0,0.0 
 09/25  11:00:00,33.34469822236396,11.890622844781953,31.46854181297228,0.008711334727358116,0.1,0.0,0.23,18.0,0.0,0.0,0.0,0.0,120.0,37.0,4.0,0.0 
 09/25  12:00:00,34.60562362038357,12.09151170622863,33.85519530073695,0.008828184638293171,0.1,0.0,0.23,18.0,0.0,0.0,0.0,0.0,120.0,37.0,4.0,0.0 
 09/25  13:00:00,36.96904784627979,12.30349167363506,36.711208436966054,0.00895305721110905,0.1,0.0,0.69,18.0,0.0,0.0,0.0,0.0,120.0,37.0,4.0,0.0 
 09/25  14:00:00,40.97537964243008,12.525313338001066,40.07328422473,0.00908802244536537,0.1,0.0,0.69,18.0,0.0,0.0,0.0,0.0,120.0,37.0,4.0,0.0 
 09/25  15:00:00,41.860402421447176,12.734953278969064,41.41726670141789,0.009217340194530098,0.1,0.0,0.23,18.0,0.0,0.0,0.0,0.0,120.0,37.0,4.0,0.0 
 09/25  16:00:00,40.43771599565125,12.923804917842977,40.586734882061016,0.00933550034990693,0.1,0.0,0.23,18.0,0.0,0.0,0.0,0.0,120.0,37.0,4.0,0.0 
 09/25  17:00:00,40.32381844158022,13.096320269382472,40.298079665927865,0.009444681380732551,0.1,0.0,0.23,18.0,0.0,0.0,0.0,0.0,120.0,37.0,4.0,0.0 
 09/25  18:00:00,36.6918731409234,14.079678856554763,36.39357593422975,0.010081135852527037,0.75,0.0,0.23,18.0,0.0,0.0,0.0,0.5,120.0,37.0,4.0,0.0 
 09/25  19:00:00,31.347014137543127,14.75053211619356,31.73243359753913,0.01053771250123497,0.75,0.0,0.23,18.0,0.0,0.0,0.0,0.5,80.0,37.0,4.0,0.0 
 09/25  20:00:00,27.963262114196944,14.668982613031242,29.67489349501086,0.010483254275938903,0.9,1.0,0.23,18.0,0.0,0.0,1.0,0.5,80.0,27.0,4.0,0.0 
 09/25  21:00:00,26.20541390057546,14.614343149490503,28.951131475206065,0.010447498812792335,0.9,1.0,1.0,18.0,0.0,0.0,1.0,0.5,80.0,27.0,4.0,0.0 
 09/25  22:00:00,26.0746847185653785,14.593656098149095,28.4879857217368215,0.0104342144080215715,0.9,1,1,18,0,0,1,0.5,80,27,4,0
 09/25  23:00:00,25.943955536555297,14.572969046807687,28.024839968267578,0.010420930003250808,0.9,1.0,1.0,18.0,0.0,0.0,1.0,0.5,80.0,27.0,4.0,0.0 
 09/25  24:00:00,25.17724575951884,14.528030348409041,27.283548958143967,0.010391986619746406,0.95,1.0,1.0,18.0,0.0,0.0,1.0,0.5,80.0,27.0,4.0,0.0 
 09/26  01:00:00,24.285463670717863,15.000018534457395,24.8429256054309,0.010722658941142781,0.98,0.0,0.23,18.0,0.0,0.0,1.0,0.5,80.0,27.0,4.0,0.0 
 09/26  02:00:00,22.653590188295308,15.31054687458918,23.565327951423505,0.010944679940745689,0.98,0.0,0.23,18.0,0.0,0.0,1.0,0.5,80.0,27.0,4.0,0.0 
 09/26  03:00:00,21.661035788772722,15.533035933678923,22.568004994116833,0.011106829994993999,0.98,0.0,0.23,18.0,0.0,0.0,1.0,0.5,80.0,27.0,4.0,0.0 
 09/26  04:00:00,21.02362956433844,15.652170131654435,21.852967468740644,0.011195435948293985,0.98,0.0,0.23,18.0,0.0,0.0,1.0,0.5,80.0,27.0,4.0,0.0 
 09/26  05:00:00,20.527401002472605,15.776386242408815,21.144610834865187,0.011288418370654701,0.98,0.0,0.23,18.0,0.0,0.0,1.0,0.5,80.0,27.0,4.0,0.0 
 09/26  06:00:00,20.149508339236817,15.974561585947907,20.89714714467306,0.01143703529783521,0.98,0.0,0.23,18.0,0.0,0.0,1.0,0.5,80.0,27.0,4.0,0.0 
 09/26  07:00:00,20.001866068773808,16.120040650798924,20.614495032181576,0.01154778254017833,0.85,0.0,0.23,18.0,0.0,0.0,1.0,0.5,80.0,27.0,4.0,0.0 
 09/26  08:00:00,20.911930621438607,16.286394341533533,20.913868843471644,0.011675317575030753,0.65,0.0,0.23,12.0,0.0,0.0,0.0,0.5,80.0,37.0,4.0,0.0 
 09/26  09:00:00,22.9940264135059,16.324775192081436,22.55230465569896,0.011706473574336719,0.1,0.0,0.23,18.0,0.0,0.0,0.0,0.0,120.0,37.0,4.0,0.0 
 09/26  10:00:00,25.537503113944076,16.38951309701684,24.31640036416146,0.011757926316163514,0.1,0.0,0.23,18.0,0.0,0.0,0.0,0.0,120.0,37.0,4.0,0.0 
 09/26  11:00:00,28.515931878609585,16.468766060600352,27.603082097456515,0.011820590339045195,0.1,0.0,0.23,18.0,0.0,0.0,0.0,0.0,120.0,37.0,4.0,0.0 
 09/26  12:00:00,31.169970481494,16.574703277935225,29.714581497362346,0.011904136030526726,0.1,0.0,0.23,18.0,0.0,0.0,0.0,0.0,120.0,37.0,4.0,0.0 
 09/26  13:00:00,31.266485376939713,16.69416980519858,31.490801205623278,0.011998727034471001,0.1,0.0,0.69,18.0,0.0,0.0,0.0,0.0,120.0,37.0,4.0,0.0 
 09/26  14:00:00,31.633348902143524,16.82172567112592,32.078506020366774,0.012096524471400373,0.1,0.0,0.69,18.0,0.0,0.0,0.0,0.0,120.0,37.0,4.0,0.0 
 09/26  15:00:00,31.975197722176176,17.037541164486946,31.935992087359736,0.012264696667250172,0.1,0.0,0.23,18.0,0.0,0.0,0.0,0.0,120.0,37.0,4.0,0.0 
 09/26  16:00:00,32.300474263211726,17.30085005751379,32.119325595223806,0.012473258627176622,0.1,0.0,0.23,18.0,0.0,0.0,0.0,0.0,120.0,37.0,4.0,0.0 
 09/26  17:00:00,31.28199690048513,17.381659394231793,31.594854056147685,0.012536538900691025,0.1,0.0,0.23,18.0,0.0,0.0,0.0,0.0,120.0,37.0,4.0,0.0 
 09/26  18:00:00,29.348135510542555,17.776138878225957,29.28891095554917,0.012857307904385053,0.75,0.0,0.23,18.0,0.0,0.0,0.0,0.5,120.0,37.0,4.0,0.0 
 09/26  19:00:00,26.00578672052335,17.59125552915993,26.576010687698258,0.012703412254280391,0.75,0.0,0.23,18.0,0.0,0.0,0.0,0.5,80.0,37.0,4.0,0.0 
 09/26  20:00:00,23.744205442509674,17.452696169778523,26.7260815195411,0.012588592187122511,0.9,1.0,0.23,18.0,0.0,0.0,1.0,0.5,80.0,27.0,4.0,0.0 
 09/26  21:00:00,23.967821074935685,17.230551714842928,26.114858270562245,0.012407727089839862,0.9,1.0,1.0,18.0,0.0,0.0,1.0,0.5,80.0,27.0,4.0,0.0 
 09/26  22:00:00,23.701912195441446,17.140713866496589,25.9211662731770505,0.012335213069240934,0.9,1,1,18,0,0,1,0.5,80,27,4,0
 09/26  23:00:00,23.436003315947207,17.05087601815025,25.727474275791856,0.012262699048642006,0.9,1.0,1.0,18.0,0.0,0.0,1.0,0.5,80.0,27.0,4.0,0.0 
 09/26  24:00:00,23.088584769264372,16.9856238889537,25.32319938418562,0.012209350765431396,0.95,1.0,1.0,18.0,0.0,0.0,1.0,0.5,80.0,27.0,4.0,0.0 
 09/27  01:00:00,22.053973328259836,16.628923992595702,22.567704809490678,0.011927167868011764,0.98,0.0,0.23,18.0,0.0,0.0,1.0,0.5,80.0,27.0,4.0,0.0 
 09/27  02:00:00,20.32600126961136,16.20002559934955,21.273468210030053,0.011598111476971134,0.98,0.0,0.23,18.0,0.0,0.0,1.0,0.5,80.0,27.0,4.0,0.0 
 09/27  03:00:00,19.385843048810003,15.846936388516177,20.18437835031941,0.011333086199622828,0.98,0.0,0.23,18.0,0.0,0.0,1.0,0.5,80.0,27.0,4.0,0.0 
 09/27  04:00:00,18.727982661721757,15.457859382778265,19.525451719936427,0.01104741369452629,0.98,0.0,0.23,18.0,0.0,0.0,1.0,0.5,80.0,27.0,4.0,0.0 
 09/27  05:00:00,18.311800822580718,14.765740850006468,18.84112949404316,0.010556546609948233,0.98,0.0,0.23,18.0,0.0,0.0,1.0,0.5,80.0,27.0,4.0,0.0 
 09/27  06:00:00,17.867469258063764,14.627592553549245,18.513738377027828,0.010459657208540661,0.98,0.0,0.23,18.0,0.0,0.0,1.0,0.5,80.0,27.0,4.0,0.0 
 09/27  07:00:00,17.84233398633715,14.396707418684137,18.288069746554758,0.010300665777859182,0.85,0.0,0.23,18.0,0.0,0.0,1.0,0.5,80.0,27.0,4.0,0.0 
 09/27  08:00:00,22.36844382610581,14.233657429969528,20.915197729412796,0.010189276393297635,0.65,0.0,0.23,12.0,0.0,0.0,0.0,0.5,80.0,37.0,4.0,0.0 
 09/27  09:00:00,27.237003203496617,14.309294718364566,26.118840594024075,0.010238591598150626,0.1,0.0,0.23,18.0,0.0,0.0,0.0,0.0,120.0,37.0,4.0,0.0 
 09/27  10:00:00,32.79607972944374,14.426905032609227,31.250363968312783,0.010316666009869632,0.1,0.0,0.23,18.0,0.0,0.0,0.0,0.0,120.0,37.0,4.0,0.0 
 09/27  11:00:00,35.45525698554456,14.59601899263555,34.57291192685137,0.010430507715147275,0.1,0.0,0.23,18.0,0.0,0.0,0.0,0.0,120.0,37.0,4.0,0.0 
 09/27  12:00:00,35.810414891364196,14.782052938804682,35.411982446589,0.010557078048008501,0.1,0.0,0.23,18.0,0.0,0.0,0.0,0.0,120.0,37.0,4.0,0.0 
 09/27  13:00:00,36.17252426530795,14.960798490382826,36.43991902210959,0.010680026272149253,0.1,0.0,0.69,18.0,0.0,0.0,0.0,0.0,120.0,37.0,4.0,0.0 
 09/27  14:00:00,36.4945858578055,15.113664087168246,36.6566144604638,0.010787926364474799,0.1,0.0,0.69,18.0,0.0,0.0,0.0,0.0,120.0,37.0,4.0,0.0 
 09/27  15:00:00,36.6401884557729,15.391964924284636,36.39124588364234,0.010986629258729534,0.1,0.0,0.23,18.0,0.0,0.0,0.0,0.0,120.0,37.0,4.0,0.0 
 09/27  16:00:00,36.50492353859435,15.748697766462202,36.320279476489425,0.0112458627697491,0.1,0.0,0.23,18.0,0.0,0.0,0.0,0.0,120.0,37.0,4.0,0.0 
 09/27  17:00:00,35.779601277313596,15.859425598017861,35.90101349416804,0.011327867347847194,0.1,0.0,0.23,18.0,0.0,0.0,0.0,0.0,120.0,37.0,4.0,0.0 
 09/27  18:00:00,31.782067934819363,16.527159645974624,31.6510125190463,0.011830764671298866,0.75,0.0,0.23,18.0,0.0,0.0,0.0,0.5,120.0,37.0,4.0,0.0 
 09/27  19:00:00,27.678018989883373,16.986676831392025,27.80618582660558,0.012188680504803881,0.75,0.0,0.23,18.0,0.0,0.0,0.0,0.5,80.0,37.0,4.0,0.0 
 09/27  20:00:00,25.162956873235807,16.75168260835219,26.87488662590963,0.012005242687798793,0.9,1.0,0.23,18.0,0.0,0.0,1.0,0.5,80.0,27.0,4.0,0.0 
 09/27  21:00:00,24.34247570568769,16.44900086537185,26.76754893424834,0.011772603839046948,0.9,1.0,1.0,18.0,0.0,0.0,1.0,0.5,80.0,27.0,4.0,0.0 
 09/27  22:00:00,24.276012977735608,16.505107093244321,26.560633071796448,0.011815839731802633,0.9,1,1,18,0,0,1,0.5,80,27,4,0
 09/27  23:00:00,24.209550249783526,16.561213321116792,26.353717209344556,0.011859075624558318,0.9,1.0,1.0,18.0,0.0,0.0,1.0,0.5,80.0,27.0,4.0,0.0 
 09/27  24:00:00,23.6885295406043,16.53445858625759,25.88773673127921,0.011839119744955004,0.95,1.0,1.0,18.0,0.0,0.0,1.0,0.5,80.0,27.0,4.0,0.0 
 09/28  01:00:00,22.764523288597786,16.093263060188132,23.24522876573681,0.011505775445768807,0.98,0.0,0.23,18.0,0.0,0.0,1.0,0.5,80.0,27.0,4.0,0.0 
 09/28  02:00:00,21.165373912893024,16.00688671903996,22.044086538251502,0.011441767163355474,0.98,0.0,0.23,18.0,0.0,0.0,1.0,0.5,80.0,27.0,4.0,0.0 
 09/28  03:00:00,20.305016729149138,15.760594235342225,21.138112064640588,0.01126027513939634,0.98,0.0,0.23,18.0,0.0,0.0,1.0,0.5,80.0,27.0,4.0,0.0 
 09/28  04:00:00,19.731097170487768,15.43747418883161,20.52480952639829,0.01102580112883761,0.98,0.0,0.23,18.0,0.0,0.0,1.0,0.5,80.0,27.0,4.0,0.0 
 09/28  05:00:00,19.334546073889953,15.348813003299549,20.118324490542435,0.010962666641762781,0.98,0.0,0.23,18.0,0.0,0.0,1.0,0.5,80.0,27.0,4.0,0.0 
 09/28  06:00:00,19.03327334632205,15.104099509727966,19.63053007897352,0.010789125348416202,0.98,0.0,0.23,18.0,0.0,0.0,1.0,0.5,80.0,27.0,4.0,0.0 
 09/28  07:00:00,19.06263417804952,14.834486475408138,19.52145026830414,0.010600620101954426,0.85,0.0,0.23,18.0,0.0,0.0,1.0,0.5,80.0,27.0,4.0,0.0 
 09/28  08:00:00,24.757257721747603,14.938905632418978,23.05596949330473,0.010673979888586257,0.65,0.0,0.23,12.0,0.0,0.0,0.0,0.5,80.0,37.0,4.0,0.0 
 09/28  09:00:00,28.826185161501396,15.019678791001974,27.751754977632412,0.010731053994530686,0.1,0.0,0.23,18.0,0.0,0.0,0.0,0.0,120.0,37.0,4.0,0.0 
 09/28  10:00:00,32.31376331998324,15.142821649230884,31.084359081939404,0.010818474712961754,0.1,0.0,0.23,18.0,0.0,0.0,0.0,0.0,120.0,37.0,4.0,0.0 
 09/28  11:00:00,34.22905175412507,15.293407762559909,33.466036751841685,0.01092601367094613,0.1,0.0,0.23,18.0,0.0,0.0,0.0,0.0,120.0,37.0,4.0,0.0 
 09/28  12:00:00,34.6272538777286,15.45102740074562,34.240923027681355,0.011039694100770674,0.1,0.0,0.23,18.0,0.0,0.0,0.0,0.0,120.0,37.0,4.0,0.0 
 09/28  13:00:00,36.131678713307274,15.617673745989347,36.16835610764404,0.011160894874097963,0.1,0.0,0.69,18.0,0.0,0.0,0.0,0.0,120.0,37.0,4.0,0.0 
 09/28  14:00:00,38.25595963270113,15.797127697260398,37.86333399255199,0.011292254366561338,0.1,0.0,0.69,18.0,0.0,0.0,0.0,0.0,120.0,37.0,4.0,0.0 
 09/28  15:00:00,37.532541148442625,16.086688422688354,37.79415601762674,0.011507023326626585,0.1,0.0,0.23,18.0,0.0,0.0,0.0,0.0,120.0,37.0,4.0,0.0 
 09/28  16:00:00,34.146712496797775,16.2565331156003,35.16653114463572,0.011634767279052651,0.1,0.0,0.23,18.0,0.0,0.0,0.0,0.0,120.0,37.0,4.0,0.0 
 09/28  17:00:00,32.0308508378111,16.605226699847734,32.80260224003388,0.011901026435541242,0.1,0.0,0.23,18.0,0.0,0.0,0.0,0.0,120.0,37.0,4.0,0.0 
 09/28  18:00:00,28.137810068187218,17.289223320138134,29.214669872191685,0.012439277465757726,0.75,0.0,0.23,18.0,0.0,0.0,0.0,0.5,120.0,37.0,4.0,0.0 
 09/28  19:00:00,25.848341917540242,17.43102189497457,26.946579600436557,0.01255343464893168,0.75,0.0,0.23,18.0,0.0,0.0,0.0,0.5,80.0,37.0,4.0,0.0 
 09/28  20:00:00,24.61140079629129,17.566692483837322,26.832620781521115,0.012663661637782575,0.9,1.0,0.23,18.0,0.0,0.0,1.0,0.5,80.0,27.0,4.0,0.0 
 09/28  21:00:00,24.773571922620274,17.61319566901612,26.973470333618298,0.012701643246767688,0.9,1.0,1.0,18.0,0.0,0.0,1.0,0.5,80.0,27.0,4.0,0.0 
 09/28  22:00:00,24.728976789348992,17.6369260084459285,26.980981529216399,0.0127210133093599315,0.9,1,1,18,0,0,1,0.5,80,27,4,0
 09/28  23:00:00,24.68438165607771,17.660656347875737,26.9884927248145,0.012740383371952175,0.9,1.0,1.0,18.0,0.0,0.0,1.0,0.5,80.0,27.0,4.0,0.0 
 09/28  24:00:00,24.54352510705537,17.74534327423871,26.809905024537972,0.012810005677811414,0.95,1.0,1.0,18.0,0.0,0.0,1.0,0.5,80.0,27.0,4.0,0.0 
 09/29  01:00:00,23.95507608172983,17.83183981506839,24.485293419675095,0.012881337491517476,0.98,0.0,0.23,18.0,0.0,0.0,1.0,0.5,80.0,27.0,4.0,0.0 
 09/29  02:00:00,22.340554146833217,17.59599133611958,23.271554456271645,0.012687322608685433,0.98,0.0,0.23,18.0,0.0,0.0,1.0,0.5,80.0,27.0,4.0,0.0 
 09/29  03:00:00,21.451754514011014,17.386099176385482,22.319141501384653,0.012516873156429608,0.98,0.0,0.23,18.0,0.0,0.0,1.0,0.5,80.0,27.0,4.0,0.0 
 09/29  04:00:00,20.84869791905893,17.166016184303587,21.688847392852082,0.012340237572399722,0.98,0.0,0.23,18.0,0.0,0.0,1.0,0.5,80.0,27.0,4.0,0.0 
 09/29  05:00:00,20.403991899858312,16.88413822751994,21.234746635965834,0.012117436744903936,0.98,0.0,0.23,18.0,0.0,0.0,1.0,0.5,80.0,27.0,4.0,0.0 
 09/29  06:00:00,20.094031912830594,16.479519795499865,20.711372662074908,0.011803935775122296,0.98,0.0,0.23,18.0,0.0,0.0,1.0,0.5,80.0,27.0,4.0,0.0 
 09/29  07:00:00,20.068754815449708,16.306035782617293,20.56660979012942,0.01167164750054412,0.85,0.0,0.23,18.0,0.0,0.0,1.0,0.5,80.0,27.0,4.0,0.0 
 09/29  08:00:00,23.970899977689292,16.360499901754366,23.011607558083398,0.011712997294947933,0.65,0.0,0.23,12.0,0.0,0.0,0.0,0.5,80.0,37.0,4.0,0.0 
 09/29  09:00:00,29.009376394955414,16.433471093072892,27.543711042020675,0.011768603576079738,0.1,0.0,0.23,18.0,0.0,0.0,0.0,0.0,120.0,37.0,4.0,0.0 
 09/29  10:00:00,35.160065625245046,16.549428679673657,33.2035413743552,0.011857335089064721,0.1,0.0,0.23,18.0,0.0,0.0,0.0,0.0,120.0,37.0,4.0,0.0 
 09/29  11:00:00,36.88603191059156,16.720662006136823,36.09470413233219,0.01198964162862349,0.1,0.0,0.23,18.0,0.0,0.0,0.0,0.0,120.0,37.0,4.0,0.0 
 09/29  12:00:00,37.68459934940456,16.882830185271757,37.18690110738552,0.012116165698982863,0.1,0.0,0.23,18.0,0.0,0.0,0.0,0.0,120.0,37.0,4.0,0.0 
 09/29  13:00:00,37.08378256431258,17.01941691944868,37.49591149378003,0.012223659785555063,0.1,0.0,0.69,18.0,0.0,0.0,0.0,0.0,120.0,37.0,4.0,0.0 
 09/29  14:00:00,35.97325901820465,17.36989518642076,37.13838359253246,0.01250240727496566,0.1,0.0,0.69,18.0,0.0,0.0,0.0,0.0,120.0,37.0,4.0,0.0 
 09/29  15:00:00,36.15049648102422,17.48700798449931,36.31385345400034,0.012596135042696563,0.1,0.0,0.23,18.0,0.0,0.0,0.0,0.0,120.0,37.0,4.0,0.0 
 09/29  16:00:00,35.644352869449826,17.829920088308597,35.711026321998034,0.012876222712804527,0.1,0.0,0.23,18.0,0.0,0.0,0.0,0.0,120.0,37.0,4.0,0.0 
 09/29  17:00:00,34.01268960530175,17.965156298677986,34.47091745780422,0.012987574512859574,0.1,0.0,0.23,18.0,0.0,0.0,0.0,0.0,120.0,37.0,4.0,0.0 
 09/29  18:00:00,29.677363327163892,17.507380054769445,30.475814146296063,0.012609614964058524,0.75,0.0,0.23,18.0,0.0,0.0,0.0,0.5,120.0,37.0,4.0,0.0 
 09/29  19:00:00,26.814700893669947,16.656404104108987,27.758243646787815,0.011934037525554199,0.75,0.0,0.23,18.0,0.0,0.0,0.0,0.5,80.0,37.0,4.0,0.0 
 09/29  20:00:00,25.052127484301995,15.793093255305148,27.29298867068246,0.011282096849524715,0.9,1.0,0.23,18.0,0.0,0.0,1.0,0.5,80.0,27.0,4.0,0.0 
 09/29  21:00:00,24.786563618564397,14.84235720452736,27.013164337370288,0.01060148912152,0.9,1.0,1.0,18.0,0.0,0.0,1.0,0.5,80.0,27.0,4.0,0.0 
 09/29  22:00:00,24.6473315403682035,14.357668739358031,26.866738101067096,0.0102735499820856135,0.9,1,1,18,0,0,1,0.5,80,27,4,0
 09/29  23:00:00,24.50809946217201,13.872980274188702,26.720311864763904,0.009945610842651227,0.9,1.0,1.0,18.0,0.0,0.0,1.0,0.5,80.0,27.0,4.0,0.0 
 09/29  24:00:00,24.04243666571807,13.533915604207564,26.245840261382142,0.009724432433671068,0.95,1.0,1.0,18.0,0.0,0.0,1.0,0.5,80.0,27.0,4.0,0.0 
 09/30  01:00:00,22.71045963912245,12.380082858561172,23.1230975215491,0.009005445068826383,0.95,0.0,0.23,5.0,0.0,0.0,1.0,0.5,80.0,27.0,4.0,0.0 
 09/30  02:00:00,20.949932002636153,11.731403219508692,21.526319737432473,0.008622592509886236,0.95,0.0,0.23,5.0,0.0,0.0,1.0,0.5,80.0,27.0,4.0,0.0 
 09/30  03:00:00,19.61550512727822,11.01877168380905,20.24436273955112,0.008218925214771546,0.95,0.0,0.23,5.0,0.0,0.0,1.0,0.5,80.0,27.0,4.0,0.0 
 09/30  04:00:00,18.648153973229295,10.465419190946486,19.261647449612003,0.007917101842938049,0.95,0.0,0.23,5.0,0.0,0.0,1.0,0.5,80.0,27.0,4.0,0.0 
 09/30  05:00:00,17.98616474150687,9.988669572528416,18.55755600202468,0.007665053286338368,0.95,0.0,0.23,5.0,0.0,0.0,1.0,0.5,80.0,27.0,4.0,0.0 
 09/30  06:00:00,17.4174289708501,8.79667827588832,17.748106037260428,0.0070666821544864405,0.95,0.0,0.23,5.0,0.0,0.0,1.0,0.5,80.0,27.0,4.0,0.0 
 09/30  07:00:00,17.06154812428049,8.412033207160716,17.526700815873028,0.006882342502817107,0.95,0.0,0.23,5.0,0.0,0.0,1.0,0.5,80.0,27.0,4.0,0.0 
 09/30  08:00:00,20.280615715376076,8.110179572251027,19.376931279640925,0.0067405908288659475,0.95,0.0,0.23,5.0,0.0,0.0,1.0,0.5,80.0,27.0,4.0,0.0 
 09/30  09:00:00,24.023220974965362,7.970758306409773,22.821324107697077,0.006675716684522775,0.95,0.0,0.23,5.0,0.0,0.0,1.0,0.5,80.0,27.0,4.0,0.0 
 09/30  10:00:00,28.2796645006712,7.682302823009694,26.23868340042397,0.0065438295296709765,0.6,0.0,0.23,5.0,0.0,0.0,1.0,0.5,80.0,27.0,4.0,0.0 
 09/30  11:00:00,31.832775355464978,7.459919420074031,28.94606040002237,0.006443630594678784,0.6,0.0,0.23,5.0,0.0,0.0,1.0,0.5,80.0,27.0,4.0,0.0 
 09/30  12:00:00,33.132284643483935,7.247798796383231,30.701588811285504,0.006349378152638412,0.6,0.0,0.23,5.0,0.0,0.0,1.0,0.5,80.0,27.0,4.0,0.0 
 09/30  13:00:00,34.17636646226171,7.313775312400367,32.113667749107414,0.006377910532497701,0.6,0.0,0.69,5.0,0.0,0.0,1.0,0.5,80.0,27.0,4.0,0.0 
 09/30  14:00:00,35.47462731078882,7.408185670315889,33.191238242153965,0.006419288091091398,0.6,0.0,0.69,5.0,0.0,0.0,1.0,0.5,80.0,27.0,4.0,0.0 
 09/30  15:00:00,33.78638199979056,7.661222312685167,32.357540050414606,0.006532095882476274,0.6,0.0,0.23,5.0,0.0,0.0,1.0,0.5,80.0,27.0,4.0,0.0 
 09/30  16:00:00,32.91804428721887,7.952556690140875,31.466754000584253,0.006664152081653317,0.6,0.0,0.23,5.0,0.0,0.0,1.0,0.5,80.0,27.0,4.0,0.0 
 09/30  17:00:00,31.549154016527268,8.187460846038192,30.287227644863744,0.006772282132429662,0.6,0.0,0.23,5.0,0.0,0.0,1.0,0.5,80.0,27.0,4.0,0.0 
 09/30  18:00:00,27.38102548742162,8.621776050407732,27.324704781117298,0.006976765952500949,0.6,0.0,0.23,5.0,0.0,0.0,1.0,0.5,80.0,27.0,4.0,0.0 
 09/30  19:00:00,24.54746773015164,9.10838219109774,24.890308274328447,0.00721238206852582,0.9,0.0,0.23,5.0,0.0,0.0,1.0,0.5,80.0,27.0,4.0,0.0 
 09/30  20:00:00,22.705296458887812,9.368502183514792,24.55920704704144,0.007341096434143752,0.9,1.0,0.23,5.0,0.0,0.0,1.0,0.5,80.0,27.0,4.0,0.0 
 09/30  21:00:00,22.22003022200922,9.688144672771982,24.560717888371833,0.007502084490855748,0.9,1.0,1.0,5.0,0.0,0.0,1.0,0.5,80.0,27.0,4.0,0.0 
 09/30  22:00:00,22.17593001242673,9.793801500244419,24.3666843346122265,0.0075561219274393075,0.9,1,1,5,0,0,1,0.5,80,27,4,0
 09/30  23:00:00,22.13182980284424,9.899458327716856,24.17265078085262,0.007610159364022867,0.9,1.0,1.0,5.0,0.0,0.0,1.0,0.5,80.0,27.0,4.0,0.0 
 09/30  24:00:00,21.6289174954494,10.339123547109503,23.716510321206428,0.007839841212742433,0.9,1.0,1.0,5.0,0.0,0.0,1.0,0.5,80.0,27.0,4.0,0.0 
 10/01  01:00:00,20.43819222954752,9.16398649811771,20.74803142895157,0.00723980330020112,0.95,0.0,0.23,5.0,0.0,0.0,1.0,0.5,80.0,27.0,4.0,0.0 
 10/01  02:00:00,18.76125996276933,7.759006658551609,19.219509825599445,0.006574379161177929,0.95,0.0,0.23,5.0,0.0,0.0,1.0,0.5,80.0,27.0,4.0,0.0 
 10/01  03:00:00,17.61505102978346,6.590209909172974,18.09053009742112,0.006063019672745902,0.95,0.0,0.23,5.0,0.0,0.0,1.0,0.5,80.0,27.0,4.0,0.0 
 10/01  04:00:00,16.775714054808862,5.538427176462729,17.27958818209074,0.005633594240994877,0.95,0.0,0.23,5.0,0.0,0.0,1.0,0.5,80.0,27.0,4.0,0.0 
 10/01  05:00:00,16.123953832090002,4.609913147301437,16.66999794766593,0.00527723145087147,0.95,0.0,0.23,5.0,0.0,0.0,1.0,0.5,80.0,27.0,4.0,0.0 
 10/01  06:00:00,15.654428502476993,3.9306620376471635,16.178662610924334,0.0050294119161970316,0.95,0.0,0.23,5.0,0.0,0.0,1.0,0.5,80.0,27.0,4.0,0.0 
 10/01  07:00:00,15.513724641003886,3.0457909151338693,15.91446376402904,0.004722218085089306,0.95,0.0,0.23,5.0,0.0,0.0,1.0,0.5,80.0,27.0,4.0,0.0 
 10/01  08:00:00,19.740847048758432,2.546829671319858,18.6782287199593,0.0045564201740765885,0.95,0.0,0.23,5.0,0.0,0.0,1.0,0.5,80.0,27.0,4.0,0.0 
 10/01  09:00:00,25.236836512669747,2.290402997146533,23.62180886573421,0.004473100998081705,0.95,0.0,0.23,5.0,0.0,0.0,1.0,0.5,80.0,27.0,4.0,0.0 
 10/01  10:00:00,29.893473652253604,1.8026648691880003,27.124644005864113,0.0043186075614821025,0.6,0.0,0.23,5.0,0.0,0.0,1.0,0.5,80.0,27.0,4.0,0.0 
 10/01  11:00:00,31.560999968672384,1.3765756562610854,29.669555322837628,0.0041875743210581734,0.6,0.0,0.23,5.0,0.0,0.0,1.0,0.5,80.0,27.0,4.0,0.0 
 10/01  12:00:00,33.62498484477682,1.6476757915364264,31.486303025949532,0.004270135381738177,0.6,0.0,0.23,5.0,0.0,0.0,1.0,0.5,80.0,27.0,4.0,0.0 
 10/01  13:00:00,35.109663919825344,2.0467983819440976,33.632127375327734,0.0043944981337511535,0.6,0.0,0.69,5.0,0.0,0.0,1.0,0.5,80.0,27.0,4.0,0.0 
 10/01  14:00:00,37.85206266574699,2.3198445454826753,35.7700630574047,0.004481895872261756,0.6,0.0,0.69,5.0,0.0,0.0,1.0,0.5,80.0,27.0,4.0,0.0 
 10/01  15:00:00,39.64470361197249,2.6149190966440856,37.15935704926224,0.004578063464921241,0.6,0.0,0.23,5.0,0.0,0.0,1.0,0.5,80.0,27.0,4.0,0.0 
 10/01  16:00:00,39.72161453338745,2.8755546572060657,37.60441201186873,0.0046645754567491825,0.6,0.0,0.23,5.0,0.0,0.0,1.0,0.5,80.0,27.0,4.0,0.0 
 10/01  17:00:00,37.542331940402086,3.228147909133131,36.442053693871756,0.004783819100206404,0.6,0.0,0.23,5.0,0.0,0.0,1.0,0.5,80.0,27.0,4.0,0.0 
 10/01  18:00:00,31.905578074324094,3.7837533123679923,31.91403634646177,0.0049770569231988694,0.6,0.0,0.23,5.0,0.0,0.0,1.0,0.5,80.0,27.0,4.0,0.0 
 10/01  19:00:00,27.90029293671453,4.676764525985872,28.506684147254074,0.005302069816487485,0.9,0.0,0.23,5.0,0.0,0.0,1.0,0.5,80.0,27.0,4.0,0.0 
 10/01  20:00:00,25.323788365158165,4.956125706509368,27.415039986751562,0.00540782866636881,0.9,1.0,0.23,5.0,0.0,0.0,1.0,0.5,80.0,27.0,4.0,0.0 
 10/01  21:00:00,24.524602860205515,5.1683367720437055,27.02015759991123,0.005489515433903841,0.9,1.0,1.0,5.0,0.0,0.0,1.0,0.5,80.0,27.0,4.0,0.0 
 10/01  22:00:00,24.3651856842558715,5.58180128359354875,26.74601223970663,0.005653399979125124,0.9,1,1,5,0,0,1,0.5,80,27,4,0
 10/01  23:00:00,24.205768508306228,5.995265795143392,26.47186687950203,0.005817284524346407,0.9,1.0,1.0,5.0,0.0,0.0,1.0,0.5,80.0,27.0,4.0,0.0 
 10/01  24:00:00,23.657290429429256,6.6931554729284315,25.92219168776265,0.006107470113860726,0.9,1.0,1.0,5.0,0.0,0.0,1.0,0.5,80.0,27.0,4.0,0.0 
 10/02  01:00:00,22.4051160041251,7.098390856584357,22.902036399752276,0.0062824710594494735,0.98,0.0,0.23,18.0,0.0,0.0,1.0,0.5,80.0,27.0,4.0,0.0 
 10/02  02:00:00,20.531330652978912,6.952910942879638,21.281560819989778,0.006219946982747635,0.98,0.0,0.23,18.0,0.0,0.0,1.0,0.5,80.0,27.0,4.0,0.0 
 10/02  03:00:00,19.2121545998384,6.8038913233112055,19.96993211641073,0.00615640422248963,0.98,0.0,0.23,18.0,0.0,0.0,1.0,0.5,80.0,27.0,4.0,0.0 
 10/02  04:00:00,18.26324440217328,6.58859705231397,19.009631907298488,0.006065435278806758,0.98,0.0,0.23,18.0,0.0,0.0,1.0,0.5,80.0,27.0,4.0,0.0 
 10/02  05:00:00,17.628874217456953,6.334376417315083,17.87929137984927,0.005959489742405105,0.98,0.0,0.23,18.0,0.0,0.0,1.0,0.5,80.0,27.0,4.0,0.0 
 10/02  06:00:00,16.97706753882508,6.5595214682359115,17.192576236858322,0.006054033615102527,0.98,0.0,0.23,18.0,0.0,0.0,1.0,0.5,80.0,27.0,4.0,0.0 
 10/02  07:00:00,16.48750108616649,6.555189516478136,16.710453158016858,0.006052634311378617,0.85,0.0,0.23,18.0,0.0,0.0,1.0,0.5,80.0,27.0,4.0,0.0 
 10/02  08:00:00,17.6327313410268,6.698704546413765,17.294079364651235,0.006113741384494132,0.65,0.0,0.23,12.0,0.0,0.0,0.0,0.5,80.0,37.0,4.0,0.0 
 10/02  09:00:00,18.753816777574325,6.747278968254195,18.57572214628748,0.006134833086342915,0.1,0.0,0.23,18.0,0.0,0.0,0.0,0.0,120.0,37.0,4.0,0.0 
 10/02  10:00:00,27.47122500646776,6.823061172011041,24.154590154864145,0.0061676272698722385,0.1,0.0,0.23,18.0,0.0,0.0,0.0,0.0,120.0,37.0,4.0,0.0 
 10/02  11:00:00,32.056500590246515,6.989303813922245,30.806944972421924,0.006239596700032315,0.1,0.0,0.23,18.0,0.0,0.0,0.0,0.0,120.0,37.0,4.0,0.0 
 10/02  12:00:00,34.79643553748477,7.24103889027279,33.76742407432228,0.006349780098651569,0.1,0.0,0.23,18.0,0.0,0.0,0.0,0.0,120.0,37.0,4.0,0.0 
 10/02  13:00:00,35.50415017466794,7.516252173049426,35.51365275127715,0.006472187169424443,0.1,0.0,0.69,18.0,0.0,0.0,0.0,0.0,120.0,37.0,4.0,0.0 
 10/02  14:00:00,36.3984410716827,7.788789928926528,36.38144718900421,0.006594691866917746,0.1,0.0,0.69,18.0,0.0,0.0,0.0,0.0,120.0,37.0,4.0,0.0 
 10/02  15:00:00,36.1633961991229,8.238568553093286,36.11738418134542,0.006801624007581686,0.1,0.0,0.23,18.0,0.0,0.0,0.0,0.0,120.0,37.0,4.0,0.0 
 10/02  16:00:00,35.46479411747449,8.459307262447071,35.51397693077537,0.006905111512678173,0.1,0.0,0.23,18.0,0.0,0.0,0.0,0.0,120.0,37.0,4.0,0.0 
 10/02  17:00:00,34.92185833692554,9.028269849130194,34.89546223632417,0.007178939666074375,0.1,0.0,0.23,18.0,0.0,0.0,0.0,0.0,120.0,37.0,4.0,0.0 
 10/02  18:00:00,29.35041983655837,10.35682317791276,29.674189185173677,0.007856961008284017,0.75,0.0,0.23,18.0,0.0,0.0,0.0,0.5,120.0,37.0,4.0,0.0 
 10/02  19:00:00,25.661640413808865,10.747620707939184,26.24295368412933,0.008066757088525285,0.75,0.0,0.23,18.0,0.0,0.0,0.0,0.5,80.0,37.0,4.0,0.0 
 10/02  20:00:00,23.328721998354954,10.95321943227724,25.468358872088615,0.008178935850687349,0.9,1.0,0.23,18.0,0.0,0.0,1.0,0.5,80.0,27.0,4.0,0.0 
 10/02  21:00:00,22.738526134756444,11.17496232542087,25.22641890562103,0.008301517372511738,0.9,1.0,1.0,18.0,0.0,0.0,1.0,0.5,80.0,27.0,4.0,0.0 
 10/02  22:00:00,22.6153420459925235,11.4637277335962315,24.904847601647162,0.008465372632806778,0.9,1,1,18,0,0,1,0.5,80,27,4,0
 10/02  23:00:00,22.492157957228603,11.752493141771593,24.583276297673294,0.008629227893101818,0.9,1.0,1.0,18.0,0.0,0.0,1.0,0.5,80.0,27.0,4.0,0.0 
 10/02  24:00:00,21.8542552585175,11.81567569051211,24.052681842914385,0.008665298108664374,0.95,1.0,1.0,18.0,0.0,0.0,1.0,0.5,80.0,27.0,4.0,0.0 
 10/03  01:00:00,20.594600563636615,11.83097037408144,20.96897886834428,0.00867330455857664,0.98,0.0,0.23,18.0,0.0,0.0,1.0,0.5,80.0,27.0,4.0,0.0 
 10/03  02:00:00,18.973872613995805,11.845391703438956,19.484144037785967,0.008681246276911633,0.98,0.0,0.23,18.0,0.0,0.0,1.0,0.5,80.0,27.0,4.0,0.0 
 10/03  03:00:00,17.871596312170777,11.769663105596878,18.3507469512815,0.008636900565878423,0.98,0.0,0.23,18.0,0.0,0.0,1.0,0.5,80.0,27.0,4.0,0.0 
 10/03  04:00:00,17.03779410870259,11.668789580947697,17.397135557486422,0.008578289462482031,0.98,0.0,0.23,18.0,0.0,0.0,1.0,0.5,80.0,27.0,4.0,0.0 
 10/03  05:00:00,16.405294515691498,11.525831316436546,16.657917079699548,0.008495929438655677,0.98,0.0,0.23,18.0,0.0,0.0,1.0,0.5,80.0,27.0,4.0,0.0 
 10/03  06:00:00,15.912435837473579,11.278691610687286,15.990389874133587,0.008355671466566945,0.98,0.0,0.23,18.0,0.0,0.0,1.0,0.5,80.0,27.0,4.0,0.0 
 10/03  07:00:00,15.735654479936755,11.131835983554538,15.78306727101154,0.008273144573408707,0.85,0.0,0.23,18.0,0.0,0.0,1.0,0.5,80.0,27.0,4.0,0.0 
 10/03  08:00:00,21.04895789387511,11.044328412759473,19.463551203879245,0.008224150368680789,0.65,0.0,0.23,12.0,0.0,0.0,0.0,0.5,80.0,37.0,4.0,0.0 
 10/03  09:00:00,26.662556665287738,11.120370955255511,25.229420256410116,0.008265934937125768,0.1,0.0,0.23,18.0,0.0,0.0,0.0,0.0,120.0,37.0,4.0,0.0 
 10/03  10:00:00,31.476725688654085,11.253837563004401,30.25148326466384,0.008340048050796845,0.1,0.0,0.23,18.0,0.0,0.0,0.0,0.0,120.0,37.0,4.0,0.0 
 10/03  11:00:00,34.89735944248068,11.440343455627815,33.827791254356896,0.008444692434637156,0.1,0.0,0.23,18.0,0.0,0.0,0.0,0.0,120.0,37.0,4.0,0.0 
 10/03  12:00:00,36.64438772010084,11.664120913733091,36.02960519163924,0.008571986927939923,0.1,0.0,0.23,18.0,0.0,0.0,0.0,0.0,120.0,37.0,4.0,0.0 
 10/03  13:00:00,37.99120544341497,11.889736702252058,38.04160402468725,0.008702065653855055,0.1,0.0,0.69,18.0,0.0,0.0,0.0,0.0,120.0,37.0,4.0,0.0 
 10/03  14:00:00,40.035083223281276,12.36424294988786,40.035895178149474,0.00898228071022167,0.1,0.0,0.69,18.0,0.0,0.0,0.0,0.0,120.0,37.0,4.0,0.0 
 10/03  15:00:00,42.18804196059348,12.559362044105617,41.53338677774349,0.009099686520118156,0.1,0.0,0.23,18.0,0.0,0.0,0.0,0.0,120.0,37.0,4.0,0.0 
 10/03  16:00:00,41.4080873624383,12.849827534985815,41.61506008637001,0.009277193933802535,0.1,0.0,0.23,18.0,0.0,0.0,0.0,0.0,120.0,37.0,4.0,0.0 
 10/03  17:00:00,37.73394514953638,13.061329428108307,38.437508675616236,0.009408270076679971,0.1,0.0,0.23,18.0,0.0,0.0,0.0,0.0,120.0,37.0,4.0,0.0 
 10/03  18:00:00,31.661539518908658,13.23474731024174,32.27661043381602,0.009516944566604407,0.75,0.0,0.23,18.0,0.0,0.0,0.0,0.5,120.0,37.0,4.0,0.0 
 10/03  19:00:00,27.762447157065257,12.790409040987333,28.363996994719955,0.00924014854070336,0.75,0.0,0.23,18.0,0.0,0.0,0.0,0.5,80.0,37.0,4.0,0.0 
 10/03  20:00:00,25.243188828408073,12.231560161211767,27.209082774505706,0.008902203840192493,0.9,1.0,0.23,18.0,0.0,0.0,1.0,0.5,80.0,27.0,4.0,0.0 
 10/03  21:00:00,24.397112015284776,11.787601771270088,26.821793015742784,0.008641724250342379,0.9,1.0,1.0,18.0,0.0,0.0,1.0,0.5,80.0,27.0,4.0,0.0 
 10/03  22:00:00,24.121709799113753,11.510893102269554,26.4041526184090785,0.008484125695515768,0.9,1,1,18,0,0,1,0.5,80,27,4,0
 10/03  23:00:00,23.84630758294273,11.23418443326902,25.986512221075373,0.008326527140689157,0.9,1.0,1.0,18.0,0.0,0.0,1.0,0.5,80.0,27.0,4.0,0.0 
 10/03  24:00:00,22.985585076772043,10.134598667797226,25.166800584704774,0.007730857245039656,0.95,1.0,1.0,18.0,0.0,0.0,1.0,0.5,80.0,27.0,4.0,0.0 
 10/04  01:00:00,21.454539746525274,8.775832657034917,21.778106538137656,0.007047489565246289,0.98,0.0,0.23,18.0,0.0,0.0,1.0,0.5,80.0,27.0,4.0,0.0 
 10/04  02:00:00,19.67000283938085,8.312404333762279,20.073388255004147,0.006827024092111391,0.98,0.0,0.23,18.0,0.0,0.0,1.0,0.5,80.0,27.0,4.0,0.0 
 10/04  03:00:00,18.335643190083548,7.7395088000756465,18.68850517872185,0.00656311640575008,0.98,0.0,0.23,18.0,0.0,0.0,1.0,0.5,80.0,27.0,4.0,0.0 
 10/04  04:00:00,17.32825109772032,7.263299225147318,17.512176238186075,0.006350656625703219,0.98,0.0,0.23,18.0,0.0,0.0,1.0,0.5,80.0,27.0,4.0,0.0 
 10/04  05:00:00,16.389070644677812,6.648134334756486,16.314126578969034,0.006085409952644019,0.98,0.0,0.23,18.0,0.0,0.0,1.0,0.5,80.0,27.0,4.0,0.0 
 10/04  06:00:00,15.606999085323539,6.3101666067171545,15.618332611695278,0.005943854165491313,0.98,0.0,0.23,18.0,0.0,0.0,1.0,0.5,80.0,27.0,4.0,0.0 
 10/04  07:00:00,15.247648101078822,6.1983981066929745,15.233768280368091,0.005897672628265784,0.85,0.0,0.23,18.0,0.0,0.0,1.0,0.5,80.0,27.0,4.0,0.0 
 10/04  08:00:00,19.743552074521954,5.951843551685057,18.448392631566037,0.005796943511589289,0.65,0.0,0.23,12.0,0.0,0.0,0.0,0.5,80.0,37.0,4.0,0.0 
 10/04  09:00:00,24.962128227544618,6.044019018760369,23.712875829750544,0.005834318031986558,0.1,0.0,0.23,18.0,0.0,0.0,0.0,0.0,120.0,37.0,4.0,0.0 
 10/04  10:00:00,30.064926840220835,6.286785059866135,29.09748650747255,0.005933822836320379,0.1,0.0,0.23,18.0,0.0,0.0,0.0,0.0,120.0,37.0,4.0,0.0 
 10/04  11:00:00,33.44981543047057,6.508618084208564,32.392700319862925,0.006026120456020677,0.1,0.0,0.23,18.0,0.0,0.0,0.0,0.0,120.0,37.0,4.0,0.0 
 10/04  12:00:00,34.865219763108584,6.7765516306349864,34.2210326063324,0.006139259657544634,0.1,0.0,0.23,18.0,0.0,0.0,0.0,0.0,120.0,37.0,4.0,0.0 
 10/04  13:00:00,35.97228936508545,7.356533500124146,36.18276734194857,0.006390905394396682,0.1,0.0,0.69,18.0,0.0,0.0,0.0,0.0,120.0,37.0,4.0,0.0 
 10/04  14:00:00,37.761701866730625,7.6202753249680235,37.57059255437567,0.006508648625767735,0.1,0.0,0.69,18.0,0.0,0.0,0.0,0.0,120.0,37.0,4.0,0.0 
 10/04  15:00:00,39.23414493904747,7.892560475007768,38.6487994035887,0.0066322958330441665,0.1,0.0,0.23,18.0,0.0,0.0,0.0,0.0,120.0,37.0,4.0,0.0 
 10/04  16:00:00,38.71340548867063,8.343767321177738,38.74113340076252,0.00684160098744188,0.1,0.0,0.23,18.0,0.0,0.0,0.0,0.0,120.0,37.0,4.0,0.0 
 10/04  17:00:00,36.21767279259851,8.604341852936422,36.53472685539448,0.006965296998478927,0.1,0.0,0.23,18.0,0.0,0.0,0.0,0.0,120.0,37.0,4.0,0.0 
 10/04  18:00:00,30.0698259159341,9.589706003650344,30.38556500969069,0.007450316079332194,0.75,0.0,0.23,18.0,0.0,0.0,0.0,0.5,120.0,37.0,4.0,0.0 
 10/04  19:00:00,25.888861075087792,9.415904480666327,26.399890058083425,0.007363067525377179,0.75,0.0,0.23,18.0,0.0,0.0,0.0,0.5,80.0,37.0,4.0,0.0 
 10/04  20:00:00,23.299735385100572,9.059424612425753,25.177648863641952,0.007186586368477673,0.9,1.0,0.23,18.0,0.0,0.0,1.0,0.5,80.0,27.0,4.0,0.0 
 10/04  21:00:00,22.328020269948937,8.856219515110105,24.940679185161507,0.0070878400947285754,0.9,1.0,1.0,18.0,0.0,0.0,1.0,0.5,80.0,27.0,4.0,0.0 
 10/04  22:00:00,22.2010684699780115,8.7328303780826085,24.5459002870069585,0.0070286581846770227,0.9,1,1,18,0,0,1,0.5,80,27,4,0
 10/04  23:00:00,22.074116670007086,8.609441241055112,24.15112138885241,0.00696947627462547,0.9,1.0,1.0,18.0,0.0,0.0,1.0,0.5,80.0,27.0,4.0,0.0 
 10/04  24:00:00,21.313927798981304,8.139425499145675,23.47689800942916,0.0067485410262861055,0.95,1.0,1.0,18.0,0.0,0.0,1.0,0.5,80.0,27.0,4.0,0.0 
 10/05  01:00:00,20.041540904266522,7.587218299833497,20.358180548547956,0.006497329754348611,0.98,0.0,0.23,18.0,0.0,0.0,1.0,0.5,80.0,27.0,4.0,0.0 
 10/05  02:00:00,18.39959791440551,7.2181612738268885,18.83664214193294,0.006334022536665842,0.98,0.0,0.23,18.0,0.0,0.0,1.0,0.5,80.0,27.0,4.0,0.0 
 10/05  03:00:00,17.257041991063534,7.012923678528121,17.471692979893238,0.006244939961006391,0.98,0.0,0.23,18.0,0.0,0.0,1.0,0.5,80.0,27.0,4.0,0.0 
 10/05  04:00:00,16.276795592474198,6.954396908100037,16.435766324570118,0.006219965080550751,0.98,0.0,0.23,18.0,0.0,0.0,1.0,0.5,80.0,27.0,4.0,0.0 
 10/05  05:00:00,15.581505056198141,6.753544474411557,15.700483866918317,0.006134185033652989,0.98,0.0,0.23,18.0,0.0,0.0,1.0,0.5,80.0,27.0,4.0,0.0 
 10/05  06:00:00,15.067664994135097,6.815129917667186,15.039782639957409,0.00616077684561136,0.98,0.0,0.23,18.0,0.0,0.0,1.0,0.5,80.0,27.0,4.0,0.0 
 10/05  07:00:00,14.789623024136302,6.959261159935223,14.766727571584727,0.006222997853758558,0.85,0.0,0.23,18.0,0.0,0.0,1.0,0.5,80.0,27.0,4.0,0.0 
 10/05  08:00:00,18.53213642288797,7.0302723826154745,17.502921942667747,0.006253955828783286,0.65,0.0,0.23,12.0,0.0,0.0,0.0,0.5,80.0,37.0,4.0,0.0 
 10/05  09:00:00,23.788091593536752,7.097598419061432,22.411757993422224,0.006283510404431455,0.1,0.0,0.23,18.0,0.0,0.0,0.0,0.0,120.0,37.0,4.0,0.0 
 10/05  10:00:00,28.774027379017976,7.226211160046966,27.016247676908463,0.006340027877632148,0.1,0.0,0.23,18.0,0.0,0.0,0.0,0.0,120.0,37.0,4.0,0.0 
 10/05  11:00:00,32.744816223400555,7.4165744711759425,31.477641253448997,0.006424361915527066,0.1,0.0,0.23,18.0,0.0,0.0,0.0,0.0,120.0,37.0,4.0,0.0 
 10/05  12:00:00,34.669197068580466,7.665701087335766,33.869025522761966,0.006536144034600325,0.1,0.0,0.23,18.0,0.0,0.0,0.0,0.0,120.0,37.0,4.0,0.0 
 10/05  13:00:00,36.16851247558167,7.935333429479588,36.140893034610585,0.00665905776625855,0.1,0.0,0.69,18.0,0.0,0.0,0.0,0.0,120.0,37.0,4.0,0.0 
 10/05  14:00:00,37.43374328450149,8.207635947003707,37.32411671583108,0.0067851441922082666,0.1,0.0,0.69,18.0,0.0,0.0,0.0,0.0,120.0,37.0,4.0,0.0 
 10/05  15:00:00,36.919310068382806,8.435393560496017,36.72087319353038,0.006892205190733142,0.1,0.0,0.23,18.0,0.0,0.0,0.0,0.0,120.0,37.0,4.0,0.0 
 10/05  16:00:00,34.66574433874496,8.705692287281439,35.06693248991177,0.007021266572155999,0.1,0.0,0.23,18.0,0.0,0.0,0.0,0.0,120.0,37.0,4.0,0.0 
 10/05  17:00:00,31.692099841169,8.956871318478521,32.3593686459161,0.007143147816372619,0.1,0.0,0.23,18.0,0.0,0.0,0.0,0.0,120.0,37.0,4.0,0.0 
 10/05  18:00:00,27.077722993367605,9.725241525912839,27.614265432347757,0.007527365777336376,0.75,0.0,0.23,18.0,0.0,0.0,0.0,0.5,120.0,37.0,4.0,0.0 
 10/05  19:00:00,24.07445691253804,9.587174117306565,24.660076107449893,0.007457183082465701,0.75,0.0,0.23,18.0,0.0,0.0,0.0,0.5,80.0,37.0,4.0,0.0 
 10/05  20:00:00,22.21910463486163,9.266552486117753,24.36317556678359,0.007296335548811087,0.9,1.0,0.23,18.0,0.0,0.0,1.0,0.5,80.0,27.0,4.0,0.0 
 10/05  21:00:00,21.91208319432141,8.92778573278166,24.30852063376114,0.007129749898123336,0.9,1.0,1.0,18.0,0.0,0.0,1.0,0.5,80.0,27.0,4.0,0.0 
 10/05  22:00:00,21.865505555420362,8.9503598944146605,24.1197406832744465,0.0071408733505848338,0.9,1,1,18,0,0,1,0.5,80,27,4,0
 10/05  23:00:00,21.818927916519314,8.972934056047661,23.930960732787753,0.0071519968030463316,0.9,1.0,1.0,18.0,0.0,0.0,1.0,0.5,80.0,27.0,4.0,0.0 
 10/05  24:00:00,21.322588689574918,8.890941920926764,23.49448579009584,0.007112172504046982,0.95,1.0,1.0,18.0,0.0,0.0,1.0,0.5,80.0,27.0,4.0,0.0 
 10/06  01:00:00,20.33453418312158,8.514616218679915,20.735260151012803,0.006931695827242161,0.98,0.0,0.23,18.0,0.0,0.0,1.0,0.5,80.0,27.0,4.0,0.0 
 10/06  02:00:00,18.716036900498175,8.147200828598875,19.278685643480955,0.006759258860923702,0.98,0.0,0.23,18.0,0.0,0.0,1.0,0.5,80.0,27.0,4.0,0.0 
 10/06  03:00:00,17.59939789422644,7.805882665327502,18.05061801178934,0.006602464376240648,0.98,0.0,0.23,18.0,0.0,0.0,1.0,0.5,80.0,27.0,4.0,0.0 
 10/06  04:00:00,16.72933806847276,7.510008269929761,17.062685123956452,0.0064692674164949105,0.98,0.0,0.23,18.0,0.0,0.0,1.0,0.5,80.0,27.0,4.0,0.0 
 10/06  05:00:00,16.126337929940846,7.2068567940775825,16.41124857305572,0.006335285584470141,0.98,0.0,0.23,18.0,0.0,0.0,1.0,0.5,80.0,27.0,4.0,0.0 
 10/06  06:00:00,15.642491166177289,6.956506637376115,15.950489263875482,0.006226548022778304,0.98,0.0,0.23,18.0,0.0,0.0,1.0,0.5,80.0,27.0,4.0,0.0 
 10/06  07:00:00,15.419117326163372,6.808907130445995,15.527636455810828,0.006163299815979021,0.85,0.0,0.23,18.0,0.0,0.0,1.0,0.5,80.0,27.0,4.0,0.0 
 10/06  08:00:00,17.660044755527647,6.798513725631714,17.17370158723513,0.00615897820895772,0.65,0.0,0.23,12.0,0.0,0.0,0.0,0.5,80.0,37.0,4.0,0.0 
 10/06  09:00:00,19.172251245329544,6.8637578920150535,18.762891822378613,0.006187115824017346,0.1,0.0,0.23,18.0,0.0,0.0,0.0,0.0,120.0,37.0,4.0,0.0 
 10/06  10:00:00,22.092873051332568,6.939651811335482,20.799186422786452,0.0062199605744256165,0.1,0.0,0.23,18.0,0.0,0.0,0.0,0.0,120.0,37.0,4.0,0.0 
 10/06  11:00:00,25.41186766458426,7.042008643273016,24.450859974661086,0.006264439383964282,0.1,0.0,0.23,18.0,0.0,0.0,0.0,0.0,120.0,37.0,4.0,0.0 
 10/06  12:00:00,29.728305059871047,7.190419068132509,28.181052772493867,0.006329287076808316,0.1,0.0,0.23,18.0,0.0,0.0,0.0,0.0,120.0,37.0,4.0,0.0 
 10/06  13:00:00,32.906469367108365,7.393342287127963,32.34127716636146,0.006418942791983851,0.1,0.0,0.69,18.0,0.0,0.0,0.0,0.0,120.0,37.0,4.0,0.0 
 10/06  14:00:00,35.13787656424181,7.656677900018827,34.83372332797015,0.006536924442081203,0.1,0.0,0.69,18.0,0.0,0.0,0.0,0.0,120.0,37.0,4.0,0.0 
 10/06  15:00:00,36.54081840597014,7.932704364510185,35.97738673743135,0.006662594176271094,0.1,0.0,0.23,18.0,0.0,0.0,0.0,0.0,120.0,37.0,4.0,0.0 
 10/06  16:00:00,38.14115682756216,8.209583749728735,37.70520393693476,0.006790886298430537,0.1,0.0,0.23,18.0,0.0,0.0,0.0,0.0,120.0,37.0,4.0,0.0 
 10/06  17:00:00,36.525845318106136,8.435958205855465,36.72370450891077,0.006897452019209946,0.1,0.0,0.23,18.0,0.0,0.0,0.0,0.0,120.0,37.0,4.0,0.0 
 10/06  18:00:00,30.256263862940052,9.67890246237684,30.76632819110172,0.0075085937976438095,0.75,0.0,0.23,18.0,0.0,0.0,0.0,0.5,120.0,37.0,4.0,0.0 
 10/06  19:00:00,26.08667253798821,9.905291484541646,26.80718439779671,0.00762518168080726,0.75,0.0,0.23,18.0,0.0,0.0,0.0,0.5,80.0,37.0,4.0,0.0 
 10/06  20:00:00,23.475276752275285,9.89208285843548,25.784190374109617,0.007618501561881683,0.9,1.0,0.23,18.0,0.0,0.0,1.0,0.5,80.0,27.0,4.0,0.0 
 10/06  21:00:00,22.792002381941806,9.762182359850256,25.36864174781538,0.007551818472888083,0.9,1.0,1.0,18.0,0.0,0.0,1.0,0.5,80.0,27.0,4.0,0.0 
 10/06  22:00:00,22.596018722332145,9.678018286860579,25.00714077508768,0.0075089683435238495,0.9,1,1,18,0,0,1,0.5,80,27,4,0
 10/06  23:00:00,22.400035062722484,9.593854213870902,24.64563980235998,0.007466118214159616,0.9,1.0,1.0,18.0,0.0,0.0,1.0,0.5,80.0,27.0,4.0,0.0 
 10/06  24:00:00,21.73696450661501,9.49116806516022,24.005508549712836,0.007414278942815107,0.95,1.0,1.0,18.0,0.0,0.0,1.0,0.5,80.0,27.0,4.0,0.0 
 10/07  01:00:00,20.587727863656962,9.463496877536071,21.043686350563267,0.007400770532810125,0.95,0.0,0.23,5.0,0.0,0.0,1.0,0.5,80.0,27.0,4.0,0.0 
 10/07  02:00:00,18.883500072310692,9.223359491628694,19.49662753602048,0.007280794186358018,0.95,0.0,0.23,5.0,0.0,0.0,1.0,0.5,80.0,27.0,4.0,0.0 
 10/07  03:00:00,17.667642887891287,8.946601360181486,18.269043618767792,0.007144730736250618,0.95,0.0,0.23,5.0,0.0,0.0,1.0,0.5,80.0,27.0,4.0,0.0 
 10/07  04:00:00,16.837314171503817,8.714617453797745,17.40093240495166,0.0070323997676254475,0.95,0.0,0.23,5.0,0.0,0.0,1.0,0.5,80.0,27.0,4.0,0.0 
 10/07  05:00:00,16.258275670323574,8.693954597942463,16.739368283660042,0.00702267048501154,0.95,0.0,0.23,5.0,0.0,0.0,1.0,0.5,80.0,27.0,4.0,0.0 
 10/07  06:00:00,15.797825147959493,8.976024043537635,16.267607557864547,0.00715968510540786,0.95,0.0,0.23,5.0,0.0,0.0,1.0,0.5,80.0,27.0,4.0,0.0 
 10/07  07:00:00,15.601139400641395,9.296452018957872,15.860998789287642,0.00731812708470524,0.95,0.0,0.23,5.0,0.0,0.0,1.0,0.5,80.0,27.0,4.0,0.0 
 10/07  08:00:00,20.55074611799265,9.395740434538967,19.188410589063004,0.007368031013887631,0.95,0.0,0.23,5.0,0.0,0.0,1.0,0.5,80.0,27.0,4.0,0.0 
 10/07  09:00:00,25.627280254126248,9.506055988196454,23.985539719626544,0.0074238099099584055,0.95,0.0,0.23,5.0,0.0,0.0,1.0,0.5,80.0,27.0,4.0,0.0 
 10/07  10:00:00,30.120046823628815,9.130416085358865,27.059521008969462,0.007236296903445188,0.6,0.0,0.23,5.0,0.0,0.0,1.0,0.5,80.0,27.0,4.0,0.0 
 10/07  11:00:00,31.311120381754993,8.748064568910037,29.22317328515412,0.007049862613789972,0.6,0.0,0.23,5.0,0.0,0.0,1.0,0.5,80.0,27.0,4.0,0.0 
 10/07  12:00:00,32.35006845000236,8.508518764019373,30.199989060254694,0.006935268673168959,0.6,0.0,0.23,5.0,0.0,0.0,1.0,0.5,80.0,27.0,4.0,0.0 
 10/07  13:00:00,32.15143891828154,8.161215888269979,30.754602708538535,0.006772089381687771,0.6,0.0,0.69,5.0,0.0,0.0,1.0,0.5,80.0,27.0,4.0,0.0 
 10/07  14:00:00,32.30521533739664,7.885660124283483,31.02202709483978,0.00664457914274298,0.6,0.0,0.69,5.0,0.0,0.0,1.0,0.5,80.0,27.0,4.0,0.0 
 10/07  15:00:00,32.12517031596496,7.711847633424897,30.795502774294533,0.006565136956129245,0.6,0.0,0.23,5.0,0.0,0.0,1.0,0.5,80.0,27.0,4.0,0.0 
 10/07  16:00:00,29.466195131080855,7.4325944830287884,28.928365243523167,0.006439477427695105,0.6,0.0,0.23,5.0,0.0,0.0,1.0,0.5,80.0,27.0,4.0,0.0 
 10/07  17:00:00,26.528949627475463,7.232386556957033,26.611106407594153,0.006350625807659693,0.6,0.0,0.23,5.0,0.0,0.0,1.0,0.5,80.0,27.0,4.0,0.0 
 10/07  18:00:00,23.55427187801874,7.0836523656404315,23.99031936122309,0.006285248914234046,0.6,0.0,0.23,5.0,0.0,0.0,1.0,0.5,80.0,27.0,4.0,0.0 
 10/07  19:00:00,21.65889435743338,7.0616297841002424,22.297482811529093,0.006275352090127445,0.9,0.0,0.23,5.0,0.0,0.0,1.0,0.5,80.0,27.0,4.0,0.0 
 10/07  20:00:00,20.336759571732667,6.852130460299925,22.40740885570752,0.006184543082522108,0.9,1.0,0.23,5.0,0.0,0.0,1.0,0.5,80.0,27.0,4.0,0.0 
 10/07  21:00:00,20.386055336705702,6.506775021337457,22.638129625029055,0.006037606628102221,0.9,1.0,1.0,5.0,0.0,0.0,1.0,0.5,80.0,27.0,4.0,0.0 
 10/07  22:00:00,20.343843567694769,6.3021731908655375,22.5460649053441705,0.00595260639180682125,0.9,1,1,5,0,0,1,0.5,80,27,4,0
 10/07  23:00:00,20.301631798683836,6.097571360393618,22.454000185659286,0.0058676061555114215,0.9,1.0,1.0,5.0,0.0,0.0,1.0,0.5,80.0,27.0,4.0,0.0 
 10/07  24:00:00,19.941119675666393,5.9801263195829915,22.03389910404953,0.0058194038254052935,0.9,1.0,1.0,5.0,0.0,0.0,1.0,0.5,80.0,27.0,4.0,0.0 
 10/08  01:00:00,18.921158795703537,5.682736672114059,19.25909409002357,0.00569908109169479,0.95,0.0,0.23,5.0,0.0,0.0,1.0,0.5,80.0,27.0,4.0,0.0 
 10/08  02:00:00,17.355339473476654,5.587166753765783,17.810069484819614,0.005660788081543889,0.95,0.0,0.23,5.0,0.0,0.0,1.0,0.5,80.0,27.0,4.0,0.0 
 10/08  03:00:00,16.237288379021113,5.468076257036669,16.662264637242707,0.005613462533321337,0.95,0.0,0.23,5.0,0.0,0.0,1.0,0.5,80.0,27.0,4.0,0.0 
 10/08  04:00:00,15.462464248438371,5.487866694661752,15.900087870101334,0.005620974208241395,0.95,0.0,0.23,5.0,0.0,0.0,1.0,0.5,80.0,27.0,4.0,0.0 
 10/08  05:00:00,14.875485994871104,5.408013131806991,15.158483003796343,0.005589310005053281,0.95,0.0,0.23,5.0,0.0,0.0,1.0,0.5,80.0,27.0,4.0,0.0 
 10/08  06:00:00,14.416089486398493,5.114000117420372,14.77712704512032,0.0054748327209206546,0.95,0.0,0.23,5.0,0.0,0.0,1.0,0.5,80.0,27.0,4.0,0.0 
 10/08  07:00:00,14.188560019811785,4.763719902518086,14.499825680194126,0.005341291771839769,0.95,0.0,0.23,5.0,0.0,0.0,1.0,0.5,80.0,27.0,4.0,0.0 
 10/08  08:00:00,15.664111598536158,4.785947140482507,15.588357050607536,0.0053493971704090025,0.95,0.0,0.23,5.0,0.0,0.0,1.0,0.5,80.0,27.0,4.0,0.0 
 10/08  09:00:00,17.717390583511936,4.841939257942147,17.319486047142878,0.00537027159009309,0.95,0.0,0.23,5.0,0.0,0.0,1.0,0.5,80.0,27.0,4.0,0.0 
 10/08  10:00:00,22.39708078738301,4.746362538210257,20.474737463826628,0.00533396084162494,0.6,0.0,0.23,5.0,0.0,0.0,1.0,0.5,80.0,27.0,4.0,0.0 
 10/08  11:00:00,25.390139304119362,4.641814188492832,24.14192171815412,0.005294518455912128,0.6,0.0,0.23,5.0,0.0,0.0,1.0,0.5,80.0,27.0,4.0,0.0 
 10/08  12:00:00,29.042113608689913,4.639317890488728,26.676161979211432,0.0052933214679438245,0.6,0.0,0.23,5.0,0.0,0.0,1.0,0.5,80.0,27.0,4.0,0.0 
 10/08  13:00:00,30.925122635038946,4.709382026824191,29.352567308883252,0.00531927536044676,0.6,0.0,0.69,5.0,0.0,0.0,1.0,0.5,80.0,27.0,4.0,0.0 
 10/08  14:00:00,33.592194746384045,5.067071403268364,31.277068396870433,0.005454779444562463,0.6,0.0,0.69,5.0,0.0,0.0,1.0,0.5,80.0,27.0,4.0,0.0 
 10/08  15:00:00,35.51402747142032,5.320267010657751,33.1613439487095,0.005552560300357963,0.6,0.0,0.23,5.0,0.0,0.0,1.0,0.5,80.0,27.0,4.0,0.0 
 10/08  16:00:00,36.906404569857045,5.656711311857035,34.35575549808314,0.005684950233274018,0.6,0.0,0.23,5.0,0.0,0.0,1.0,0.5,80.0,27.0,4.0,0.0 
 10/08  17:00:00,35.1720867467434,5.722609267625442,33.65905370111996,0.005711059699261679,0.6,0.0,0.23,5.0,0.0,0.0,1.0,0.5,80.0,27.0,4.0,0.0 
 10/08  18:00:00,28.838205286474643,6.212646656078823,28.769132028518484,0.00590979932858135,0.6,0.0,0.23,5.0,0.0,0.0,1.0,0.5,80.0,27.0,4.0,0.0 
 10/08  19:00:00,24.769297356345337,7.225826775931641,25.374465226581354,0.006340557874136327,0.9,0.0,0.23,5.0,0.0,0.0,1.0,0.5,80.0,27.0,4.0,0.0 
 10/08  20:00:00,22.242345516124285,7.324411275952639,24.476157052856006,0.0063837542078490584,0.9,1.0,0.23,5.0,0.0,0.0,1.0,0.5,80.0,27.0,4.0,0.0 
 10/08  21:00:00,21.59764529779947,7.295930962842072,24.090323162092865,0.006371065193781701,0.9,1.0,1.0,5.0,0.0,0.0,1.0,0.5,80.0,27.0,4.0,0.0 
 10/08  22:00:00,21.411064452081833,7.3619852817090285,23.7526280302533265,0.006400227184530765,0.9,1,1,5,0,0,1,0.5,80,27,4,0
 10/08  23:00:00,21.224483606364196,7.428039600575985,23.414932898413788,0.006429389175279829,0.9,1.0,1.0,5.0,0.0,0.0,1.0,0.5,80.0,27.0,4.0,0.0 
 10/08  24:00:00,20.553421027817542,7.464251485157265,22.734086632780322,0.006445300929215187,0.9,1.0,1.0,5.0,0.0,0.0,1.0,0.5,80.0,27.0,4.0,0.0 
 10/09  01:00:00,19.256880206838602,6.7730908026291,19.631526923844838,0.006143807728728926,0.98,0.0,0.23,18.0,0.0,0.0,1.0,0.5,80.0,27.0,4.0,0.0 
 10/09  02:00:00,17.561372998263423,6.368040745513632,17.849098327300062,0.005973000655438827,0.98,0.0,0.23,18.0,0.0,0.0,1.0,0.5,80.0,27.0,4.0,0.0 
 10/09  03:00:00,16.17603593205945,6.074459666085205,16.33994367112703,0.005851876728296407,0.98,0.0,0.23,18.0,0.0,0.0,1.0,0.5,80.0,27.0,4.0,0.0 
 10/09  04:00:00,15.178231262856032,5.863511116297678,15.282685692791574,0.005766173087289183,0.98,0.0,0.23,18.0,0.0,0.0,1.0,0.5,80.0,27.0,4.0,0.0 
 10/09  05:00:00,14.404578289485018,5.7806207691349405,14.478949527383476,0.0057326779547807166,0.98,0.0,0.23,18.0,0.0,0.0,1.0,0.5,80.0,27.0,4.0,0.0 
 10/09  06:00:00,13.83010069713748,5.917141596496995,13.746688112282879,0.0057875358769195195,0.98,0.0,0.23,18.0,0.0,0.0,1.0,0.5,80.0,27.0,4.0,0.0 
 10/09  07:00:00,13.501782709305063,5.986194900248377,13.417216948249855,0.00581540413310622,0.85,0.0,0.23,18.0,0.0,0.0,1.0,0.5,80.0,27.0,4.0,0.0 
 10/09  08:00:00,17.127511671206253,6.165315210936978,16.13832174908784,0.005888380882405979,0.65,0.0,0.23,12.0,0.0,0.0,0.0,0.5,80.0,37.0,4.0,0.0 
 10/09  09:00:00,21.413662320058297,6.2207123924792525,20.28832432981404,0.005911052229386605,0.1,0.0,0.23,18.0,0.0,0.0,0.0,0.0,120.0,37.0,4.0,0.0 
 10/09  10:00:00,27.366615743484815,6.3288131305351225,25.195067779121896,0.005955630520555535,0.1,0.0,0.23,18.0,0.0,0.0,0.0,0.0,120.0,37.0,4.0,0.0 
 10/09  11:00:00,30.474250493448803,6.506995892269409,29.43927628899617,0.006029843110629944,0.1,0.0,0.23,18.0,0.0,0.0,0.0,0.0,120.0,37.0,4.0,0.0 
 10/09  12:00:00,32.89427500689893,6.733589364375939,32.00002182205743,0.006125383505645808,0.1,0.0,0.23,18.0,0.0,0.0,0.0,0.0,120.0,37.0,4.0,0.0 
 10/09  13:00:00,34.467019614291196,6.989800276857192,34.41436318873234,0.00623512591024354,0.1,0.0,0.69,18.0,0.0,0.0,0.0,0.0,120.0,37.0,4.0,0.0 
 10/09  14:00:00,36.67398594475194,7.2783668501177115,36.37395436166328,0.006362118758917275,0.1,0.0,0.69,18.0,0.0,0.0,0.0,0.0,120.0,37.0,4.0,0.0 
 10/09  15:00:00,38.25242070896991,7.55897761448497,37.70719539098637,0.00648786048926074,0.1,0.0,0.23,18.0,0.0,0.0,0.0,0.0,120.0,37.0,4.0,0.0 
 10/09  16:00:00,37.14104735174761,7.792842805887505,37.11960940368719,0.006594550577751609,0.1,0.0,0.23,18.0,0.0,0.0,0.0,0.0,120.0,37.0,4.0,0.0 
 10/09  17:00:00,34.3939273025644,8.076850934919195,34.879618947515254,0.00672596956853246,0.1,0.0,0.23,18.0,0.0,0.0,0.0,0.0,120.0,37.0,4.0,0.0 
 10/09  18:00:00,28.161924643299933,9.168701409196276,28.512757098565093,0.007249619819498297,0.75,0.0,0.23,18.0,0.0,0.0,0.0,0.5,120.0,37.0,4.0,0.0 
 10/09  19:00:00,24.200605516348478,9.142531149206674,24.668346278340127,0.007237992959465487,0.75,0.0,0.23,18.0,0.0,0.0,0.0,0.5,80.0,37.0,4.0,0.0 
 10/09  20:00:00,21.845310787619933,9.102121136869304,23.64779392553957,0.0072193613965755195,0.9,1.0,0.23,18.0,0.0,0.0,1.0,0.5,80.0,27.0,4.0,0.0 
 10/09  21:00:00,20.96791546133424,8.724449519427381,23.393874620186057,0.007036639815558909,0.9,1.0,1.0,18.0,0.0,0.0,1.0,0.5,80.0,27.0,4.0,0.0 
 10/09  22:00:00,20.898282864494938,8.6308148158895215,23.1387663694716135,0.006992425098354017,0.9,1,1,18,0,0,1,0.5,80,27,4,0
 10/09  23:00:00,20.828650267655636,8.537180112351662,22.88365811875717,0.006948210381149125,0.9,1.0,1.0,18.0,0.0,0.0,1.0,0.5,80.0,27.0,4.0,0.0 
 10/09  24:00:00,20.161565009981455,7.964798187649631,22.270725781697664,0.006681551946981591,0.95,1.0,1.0,18.0,0.0,0.0,1.0,0.5,80.0,27.0,4.0,0.0 
 10/10  01:00:00,18.970736107661345,7.206467791952932,19.328417398600934,0.006343125360490452,0.98,0.0,0.23,18.0,0.0,0.0,1.0,0.5,80.0,27.0,4.0,0.0 
 10/10  02:00:00,17.404270047688662,6.726871568535652,17.71594022167254,0.0061367783499373316,0.98,0.0,0.23,18.0,0.0,0.0,1.0,0.5,80.0,27.0,4.0,0.0 
 10/10  03:00:00,16.276483033284762,6.507375597458391,16.526988498511706,0.006044947270908669,0.98,0.0,0.23,18.0,0.0,0.0,1.0,0.5,80.0,27.0,4.0,0.0 
 10/10  04:00:00,15.56423515788074,6.385326628132783,15.816069209390388,0.005994897583066454,0.98,0.0,0.23,18.0,0.0,0.0,1.0,0.5,80.0,27.0,4.0,0.0 
 10/10  05:00:00,15.039071577519197,6.205783443916418,15.157068473096661,0.00592143658471561,0.98,0.0,0.23,18.0,0.0,0.0,1.0,0.5,80.0,27.0,4.0,0.0 
 10/10  06:00:00,14.550309650318466,5.984345100985833,14.7774828062367,0.005831692932360695,0.98,0.0,0.23,18.0,0.0,0.0,1.0,0.5,80.0,27.0,4.0,0.0 
 10/10  07:00:00,14.289966205592457,5.758711375144309,14.38927538869224,0.005741478072556152,0.85,0.0,0.23,18.0,0.0,0.0,1.0,0.5,80.0,27.0,4.0,0.0 
 10/10  08:00:00,15.65835039363755,6.2752346841863655,15.492093625830904,0.005953399436163995,0.65,0.0,0.23,12.0,0.0,0.0,0.0,0.5,80.0,37.0,4.0,0.0 
 10/10  09:00:00,17.383253998239486,6.282386011599547,17.021860989565386,0.00595744389268069,0.1,0.0,0.23,18.0,0.0,0.0,0.0,0.0,120.0,37.0,4.0,0.0 
 10/10  10:00:00,20.29662183101704,6.345595952041154,19.408197278422946,0.005984819156667683,0.1,0.0,0.23,18.0,0.0,0.0,0.0,0.0,120.0,37.0,4.0,0.0 
 10/10  11:00:00,22.665487084477917,6.502622622556038,22.18045650705993,0.0060516927923437115,0.1,0.0,0.23,18.0,0.0,0.0,0.0,0.0,120.0,37.0,4.0,0.0 
 10/10  12:00:00,24.860811091736664,6.609820145692136,24.07466352728461,0.006098080111241474,0.1,0.0,0.23,18.0,0.0,0.0,0.0,0.0,120.0,37.0,4.0,0.0 
 10/10  13:00:00,27.0181375478851,6.746574553302836,26.842134430924066,0.006157414696896242,0.1,0.0,0.69,18.0,0.0,0.0,0.0,0.0,120.0,37.0,4.0,0.0 
 10/10  14:00:00,28.702543735761143,6.922242946734704,28.240236922346,0.006232568631480171,0.1,0.0,0.69,18.0,0.0,0.0,0.0,0.0,120.0,37.0,4.0,0.0 
 10/10  15:00:00,28.44531702472919,7.224532417660888,28.491913722942947,0.006364153177942181,0.1,0.0,0.23,18.0,0.0,0.0,0.0,0.0,120.0,37.0,4.0,0.0 
 10/10  16:00:00,27.336069023936084,7.364317332963368,27.717567651601488,0.006425597251488967,0.1,0.0,0.23,18.0,0.0,0.0,0.0,0.0,120.0,37.0,4.0,0.0 
 10/10  17:00:00,24.650648304282782,7.528052809636504,25.620936323043896,0.006498309146312733,0.1,0.0,0.23,18.0,0.0,0.0,0.0,0.0,120.0,37.0,4.0,0.0 
 10/10  18:00:00,21.40223943265198,9.537882274498413,22.501861863943713,0.007457816743792381,0.75,0.0,0.23,18.0,0.0,0.0,0.0,0.5,120.0,37.0,4.0,0.0 
 10/10  19:00:00,19.607107259852278,10.256361785580589,20.573309411844658,0.00783006779676848,0.75,0.0,0.23,18.0,0.0,0.0,0.0,0.5,80.0,37.0,4.0,0.0 
 10/10  20:00:00,18.482781759552072,10.437912161740124,21.610690608489115,0.007926444163177693,0.9,1.0,0.23,18.0,0.0,0.0,1.0,0.5,80.0,27.0,4.0,0.0 
 10/10  21:00:00,19.40345592354927,10.774237950917714,21.66998000221086,0.00810805629188708,0.9,1.0,1.0,18.0,0.0,0.0,1.0,0.5,80.0,27.0,4.0,0.0 
 10/10  22:00:00,19.3293671698226835,10.89937024874408,21.551438007362588,0.00817676523769985,0.9,1,1,18,0,0,1,0.5,80,27,4,0
 10/10  23:00:00,19.255278416096097,11.024502546570446,21.432896012514316,0.00824547418351262,0.9,1.0,1.0,18.0,0.0,0.0,1.0,0.5,80.0,27.0,4.0,0.0 
 10/10  24:00:00,18.928451703265353,10.894862534311939,21.145031579581335,0.00817336408007553,0.95,1.0,1.0,18.0,0.0,0.0,1.0,0.5,80.0,27.0,4.0,0.0 
 10/11  01:00:00,18.199459491074766,10.39961251322589,18.68214177770529,0.007903630824700306,0.98,0.0,0.23,18.0,0.0,0.0,1.0,0.5,80.0,27.0,4.0,0.0 
 10/11  02:00:00,16.69342777419241,10.008074317272968,17.26727519421247,0.007696405181618519,0.98,0.0,0.23,18.0,0.0,0.0,1.0,0.5,80.0,27.0,4.0,0.0 
 10/11  03:00:00,15.590900743009106,9.361306083296022,15.862079383527728,0.0073648977360310655,0.98,0.0,0.23,18.0,0.0,0.0,1.0,0.5,80.0,27.0,4.0,0.0 
 10/11  04:00:00,14.834818208923318,9.04494509795986,15.223369835332113,0.007207296996196463,0.98,0.0,0.23,18.0,0.0,0.0,1.0,0.5,80.0,27.0,4.0,0.0 
 10/11  05:00:00,14.269698888242228,8.062754954786378,14.541446352690297,0.0067376930197084245,0.98,0.0,0.23,18.0,0.0,0.0,1.0,0.5,80.0,27.0,4.0,0.0 
 10/11  06:00:00,13.750885490277627,7.242388442755446,14.139264573360464,0.00636657979666062,0.98,0.0,0.23,18.0,0.0,0.0,1.0,0.5,80.0,27.0,4.0,0.0 
 10/11  07:00:00,13.551883095982536,6.305618593510761,13.773993818785598,0.005965358393381437,0.85,0.0,0.23,18.0,0.0,0.0,1.0,0.5,80.0,27.0,4.0,0.0 
 10/11  08:00:00,18.666881072772778,5.669704851884211,17.432584802524346,0.005705884820718132,0.65,0.0,0.23,12.0,0.0,0.0,0.0,0.5,80.0,37.0,4.0,0.0 
 10/11  09:00:00,22.27896412939786,5.769825886898298,21.222127175800956,0.005745655445214679,0.1,0.0,0.23,18.0,0.0,0.0,0.0,0.0,120.0,37.0,4.0,0.0 
 10/11  10:00:00,24.745134248723076,5.889022363914787,23.95326906931802,0.005793450203620112,0.1,0.0,0.23,18.0,0.0,0.0,0.0,0.0,120.0,37.0,4.0,0.0 
 10/11  11:00:00,26.47964315907243,6.0345379149543685,25.87744583120331,0.005852284947275915,0.1,0.0,0.23,18.0,0.0,0.0,0.0,0.0,120.0,37.0,4.0,0.0 
 10/11  12:00:00,28.570831628475666,6.359902056149343,28.168304605780744,0.005986275176811423,0.1,0.0,0.23,18.0,0.0,0.0,0.0,0.0,120.0,37.0,4.0,0.0 
 10/11  13:00:00,29.6178835733596,6.5409744994656505,29.780325068700318,0.006061828893014962,0.1,0.0,0.69,18.0,0.0,0.0,0.0,0.0,120.0,37.0,4.0,0.0 
 10/11  14:00:00,30.675291056396205,6.746043798671699,30.726347325110062,0.0061483482496085245,0.1,0.0,0.69,18.0,0.0,0.0,0.0,0.0,120.0,37.0,4.0,0.0 
 10/11  15:00:00,30.095495322199383,6.936448665977028,30.097537560511487,0.006229629956568253,0.1,0.0,0.23,18.0,0.0,0.0,0.0,0.0,120.0,37.0,4.0,0.0 
 10/11  16:00:00,27.846214408961718,7.13720799689537,28.472536583161407,0.006316333527917857,0.1,0.0,0.23,18.0,0.0,0.0,0.0,0.0,120.0,37.0,4.0,0.0 
 10/11  17:00:00,24.84999704227429,7.308362892692899,25.95802286536941,0.006391079347466558,0.1,0.0,0.23,18.0,0.0,0.0,0.0,0.0,120.0,37.0,4.0,0.0 
 10/11  18:00:00,21.6530057795656,7.659230752939658,22.871454054779313,0.006547333610536335,0.75,0.0,0.23,18.0,0.0,0.0,0.0,0.5,120.0,37.0,4.0,0.0 
 10/11  19:00:00,19.765227863653998,7.263869997606277,20.839876258975405,0.006370416664612181,0.75,0.0,0.23,18.0,0.0,0.0,0.0,0.5,80.0,37.0,4.0,0.0 
 10/11  20:00:00,18.5410045573789,6.51415939732288,21.020870251603245,0.006047072604625544,0.9,1.0,0.23,18.0,0.0,0.0,1.0,0.5,80.0,27.0,4.0,0.0 
 10/11  21:00:00,18.914097591298138,5.931248477690556,21.162662108934914,0.005805791831465761,0.9,1.0,1.0,18.0,0.0,0.0,1.0,0.5,80.0,27.0,4.0,0.0 
 10/11  22:00:00,18.854122337473463,5.769841955271629,21.070369935918448,0.00574074900681099775,0.9,1,1,18,0,0,1,0.5,80,27,4,0
 10/11  23:00:00,18.794147083648788,5.608435432852702,20.978077762901982,0.0056757061821562345,0.9,1.0,1.0,18.0,0.0,0.0,1.0,0.5,80.0,27.0,4.0,0.0 
 10/11  24:00:00,18.512185485615113,5.786350172485311,20.662137966769713,0.0057463024902863966,0.95,1.0,1.0,18.0,0.0,0.0,1.0,0.5,80.0,27.0,4.0,0.0 
 10/12  01:00:00,17.605790395932107,5.619992859322485,17.754140959055533,0.00567887853646417,0.98,0.0,0.23,18.0,0.0,0.0,1.0,0.5,80.0,27.0,4.0,0.0 
 10/12  02:00:00,15.840766859065539,5.314733591032075,16.055867064521117,0.005558190643453961,0.98,0.0,0.23,18.0,0.0,0.0,1.0,0.5,80.0,27.0,4.0,0.0 
 10/12  03:00:00,14.632112155500996,5.238638013495202,14.756826896584267,0.0055281322729792085,0.98,0.0,0.23,18.0,0.0,0.0,1.0,0.5,80.0,27.0,4.0,0.0 
 10/12  04:00:00,13.77014105192404,5.306361234660228,13.851138867779147,0.005554034856503785,0.98,0.0,0.23,18.0,0.0,0.0,1.0,0.5,80.0,27.0,4.0,0.0 
 10/12  05:00:00,13.14266554476929,5.278327849386755,13.183477110241915,0.005542615961462351,0.98,0.0,0.23,18.0,0.0,0.0,1.0,0.5,80.0,27.0,4.0,0.0 
 10/12  06:00:00,12.676923749038314,5.535396962006757,12.71317784845284,0.005643006497780107,0.98,0.0,0.23,18.0,0.0,0.0,1.0,0.5,80.0,27.0,4.0,0.0 
 10/12  07:00:00,12.430744283316942,5.864434660904242,12.292534368442157,0.005773998818049771,0.85,0.0,0.23,18.0,0.0,0.0,1.0,0.5,80.0,27.0,4.0,0.0 
 10/12  08:00:00,15.465171112079005,6.104714700766235,14.662258393607809,0.0058712373865036135,0.65,0.0,0.23,12.0,0.0,0.0,0.0,0.5,80.0,37.0,4.0,0.0 
 10/12  09:00:00,20.019613700289117,6.146219515924285,18.817998162867678,0.0058877907547096155,0.1,0.0,0.23,18.0,0.0,0.0,0.0,0.0,120.0,37.0,4.0,0.0 
 10/12  10:00:00,24.063954330739694,6.289364604779273,23.11473667574704,0.005946366659763732,0.1,0.0,0.23,18.0,0.0,0.0,0.0,0.0,120.0,37.0,4.0,0.0 
 10/12  11:00:00,27.26331708251782,6.423078350774797,26.256942670349396,0.006001520539263073,0.1,0.0,0.23,18.0,0.0,0.0,0.0,0.0,120.0,37.0,4.0,0.0 
 10/12  12:00:00,28.35735923798439,6.596577371883544,27.843030475499326,0.00607384872998068,0.1,0.0,0.23,18.0,0.0,0.0,0.0,0.0,120.0,37.0,4.0,0.0 
 10/12  13:00:00,30.03154073092429,6.782740331966038,29.979542321905384,0.00615242255427774,0.1,0.0,0.69,18.0,0.0,0.0,0.0,0.0,120.0,37.0,4.0,0.0 
 10/12  14:00:00,32.472564271988155,7.205371238595298,32.342024168432474,0.006335205718042007,0.1,0.0,0.69,18.0,0.0,0.0,0.0,0.0,120.0,37.0,4.0,0.0 
 10/12  15:00:00,32.96179251448214,7.396603055589846,32.634982584029956,0.006419424088083104,0.1,0.0,0.23,18.0,0.0,0.0,0.0,0.0,120.0,37.0,4.0,0.0 
 10/12  16:00:00,33.48031682175752,7.579883509978905,33.10497479238727,0.006501072924410977,0.1,0.0,0.23,18.0,0.0,0.0,0.0,0.0,120.0,37.0,4.0,0.0 
 10/12  17:00:00,30.959157014419006,7.8256081238429225,31.350733230448082,0.006611974527781758,0.1,0.0,0.23,18.0,0.0,0.0,0.0,0.0,120.0,37.0,4.0,0.0 
 10/12  18:00:00,25.53330191353349,8.193039764871793,25.94505773507674,0.0067811302458836,0.75,0.0,0.23,18.0,0.0,0.0,0.0,0.5,120.0,37.0,4.0,0.0 
 10/12  19:00:00,21.93422922612399,7.61956224896093,22.449415128099243,0.006518441817333017,0.75,0.0,0.23,18.0,0.0,0.0,0.0,0.5,80.0,37.0,4.0,0.0 
 10/12  20:00:00,19.69065131617771,6.935053027869589,21.51024466061977,0.006216855774776063,0.9,1.0,0.23,18.0,0.0,0.0,1.0,0.5,80.0,27.0,4.0,0.0 
 10/12  21:00:00,18.85447251053144,6.226627266784228,21.304485861191964,0.005917932063420652,0.9,1.0,1.0,18.0,0.0,0.0,1.0,0.5,80.0,27.0,4.0,0.0 
 10/12  22:00:00,18.7306321121571525,5.87843936560471725,20.9642207167210055,0.0057772781056435895,0.9,1,1,18,0,0,1,0.5,80,27,4,0
 10/12  23:00:00,18.606791713782865,5.5302514644252065,20.623955572250047,0.005636624147866527,0.9,1.0,1.0,18.0,0.0,0.0,1.0,0.5,80.0,27.0,4.0,0.0 
 10/12  24:00:00,17.909656354946318,4.099200935377206,19.983254964663093,0.005095957138810768,0.95,1.0,1.0,18.0,0.0,0.0,1.0,0.5,80.0,27.0,4.0,0.0 
 10/13  01:00:00,16.66208817351192,2.319733451603908,16.633543192431997,0.0044884877242318015,0.98,0.0,0.23,18.0,0.0,0.0,1.0,0.5,80.0,27.0,4.0,0.0 
 10/13  02:00:00,14.762167173778908,1.3442995103016155,14.586662477978702,0.0041837352549084494,0.98,0.0,0.23,18.0,0.0,0.0,1.0,0.5,80.0,27.0,4.0,0.0 
 10/13  03:00:00,13.499047380538995,1.1051328970004233,13.46408704649005,0.004111792815242163,0.98,0.0,0.23,18.0,0.0,0.0,1.0,0.5,80.0,27.0,4.0,0.0 
 10/13  04:00:00,12.644639830184245,1.1674564650096522,12.630537512896918,0.0041303179614455825,0.98,0.0,0.23,18.0,0.0,0.0,1.0,0.5,80.0,27.0,4.0,0.0 
 10/13  05:00:00,11.989694652778336,1.1155797078649903,11.8263353519744,0.004114742286560591,0.98,0.0,0.23,18.0,0.0,0.0,1.0,0.5,80.0,27.0,4.0,0.0 
 10/13  06:00:00,11.417572145443078,1.0515461322865527,11.359658717369278,0.004095608243327458,0.98,0.0,0.23,18.0,0.0,0.0,1.0,0.5,80.0,27.0,4.0,0.0 
 10/13  07:00:00,11.080913828678092,0.9010369323596134,10.898941181099431,0.004051056478677975,0.85,0.0,0.23,18.0,0.0,0.0,1.0,0.5,80.0,27.0,4.0,0.0 
 10/13  08:00:00,14.671781348537717,1.0066183347265096,13.712495289622924,0.004082084214335766,0.65,0.0,0.23,12.0,0.0,0.0,0.0,0.5,80.0,37.0,4.0,0.0 
 10/13  09:00:00,18.453714913835388,1.0607330112786648,17.48590111844109,0.004098050338474185,0.1,0.0,0.23,18.0,0.0,0.0,0.0,0.0,120.0,37.0,4.0,0.0 
 10/13  10:00:00,22.297454758775835,1.2261910717440103,21.562125416317905,0.004147384152941943,0.1,0.0,0.23,18.0,0.0,0.0,0.0,0.0,120.0,37.0,4.0,0.0 
 10/13  11:00:00,25.79449719164658,1.381353143232036,24.70519476585026,0.004194124077889138,0.1,0.0,0.23,18.0,0.0,0.0,0.0,0.0,120.0,37.0,4.0,0.0 
 10/13  12:00:00,28.035646583238087,1.5937513023913985,27.190741202871294,0.0042588994642762,0.1,0.0,0.23,18.0,0.0,0.0,0.0,0.0,120.0,37.0,4.0,0.0 
 10/13  13:00:00,30.71266321445455,1.8452316247320888,30.360549938253055,0.004336720741189199,0.1,0.0,0.69,18.0,0.0,0.0,0.0,0.0,120.0,37.0,4.0,0.0 
 10/13  14:00:00,33.798988845066646,2.4280088826442836,33.49499116241082,0.004522189469138972,0.1,0.0,0.69,18.0,0.0,0.0,0.0,0.0,120.0,37.0,4.0,0.0 
 10/13  15:00:00,35.04326532020192,2.752836316734276,34.57993235079389,0.0046285254338808875,0.1,0.0,0.23,18.0,0.0,0.0,0.0,0.0,120.0,37.0,4.0,0.0 
 10/13  16:00:00,34.35120507598974,3.279939534343413,34.41008179423179,0.004805975342047085,0.1,0.0,0.23,18.0,0.0,0.0,0.0,0.0,120.0,37.0,4.0,0.0 
 10/13  17:00:00,31.26908826335635,3.617154145828831,31.8120935776456,0.0049225780918543864,0.1,0.0,0.23,18.0,0.0,0.0,0.0,0.0,120.0,37.0,4.0,0.0 
 10/13  18:00:00,25.40441252506911,4.863592382012698,25.88968733380092,0.005376262018357529,0.75,0.0,0.23,18.0,0.0,0.0,0.0,0.5,120.0,37.0,4.0,0.0 
 10/13  19:00:00,21.67224047512556,4.683530147315936,22.17348299610754,0.005308366565495402,0.75,0.0,0.23,18.0,0.0,0.0,0.0,0.5,80.0,37.0,4.0,0.0 
 10/13  20:00:00,19.406029960358698,4.566911816598854,21.182679887820207,0.005264714034023341,0.9,1.0,0.23,18.0,0.0,0.0,1.0,0.5,80.0,27.0,4.0,0.0 
 10/13  21:00:00,18.587717802198693,4.3773360602348586,20.938836814004397,0.005194586336135231,0.9,1.0,1.0,18.0,0.0,0.0,1.0,0.5,80.0,27.0,4.0,0.0 
 10/13  22:00:00,18.5059014401682865,4.3279986144602383,20.682328605575961,0.005176450679626444,0.9,1,1,18,0,0,1,0.5,80,27,4,0
 10/13  23:00:00,18.42408507813788,4.278661168685618,20.425820397147525,0.005158315023117657,0.9,1.0,1.0,18.0,0.0,0.0,1.0,0.5,80.0,27.0,4.0,0.0 
 10/13  24:00:00,17.81171377119913,4.0815772785504665,19.862743767324545,0.00508675050606576,0.95,1.0,1.0,18.0,0.0,0.0,1.0,0.5,80.0,27.0,4.0,0.0 
 10/14  01:00:00,16.72767001785043,3.887324902170773,16.951625515234234,0.00501688207117636,0.95,0.0,0.23,5.0,0.0,0.0,1.0,0.5,80.0,27.0,4.0,0.0 
 10/14  02:00:00,15.121807676032395,3.862082628625476,15.433183961847462,0.005007805216463101,0.95,0.0,0.23,5.0,0.0,0.0,1.0,0.5,80.0,27.0,4.0,0.0 
 10/14  03:00:00,13.990893831966813,3.8238667322784066,14.252622623533302,0.004994092533774951,0.95,0.0,0.23,5.0,0.0,0.0,1.0,0.5,80.0,27.0,4.0,0.0 
 10/14  04:00:00,13.158403656026579,3.858620603843373,13.41289477203312,0.005006325021194434,0.95,0.0,0.23,5.0,0.0,0.0,1.0,0.5,80.0,27.0,4.0,0.0 
 10/14  05:00:00,12.52977295908158,3.794687162296036,12.777921751836745,0.0049835100393770945,0.95,0.0,0.23,5.0,0.0,0.0,1.0,0.5,80.0,27.0,4.0,0.0 
 10/14  06:00:00,12.051662685979052,4.050602278766044,12.355198791574253,0.005074686922803159,0.95,0.0,0.23,5.0,0.0,0.0,1.0,0.5,80.0,27.0,4.0,0.0 
 10/14  07:00:00,11.861163406052132,4.572540275673206,11.965147924126192,0.0052653315771187485,0.95,0.0,0.23,5.0,0.0,0.0,1.0,0.5,80.0,27.0,4.0,0.0 
 10/14  08:00:00,16.15335997270453,4.75109113744016,15.14151724845842,0.0053318981414823205,0.95,0.0,0.23,5.0,0.0,0.0,1.0,0.5,80.0,27.0,4.0,0.0 
 10/14  09:00:00,21.168096233706773,4.86316011259787,19.264612685805606,0.005374055785445314,0.95,0.0,0.23,5.0,0.0,0.0,1.0,0.5,80.0,27.0,4.0,0.0 
 10/14  10:00:00,24.62547672051582,4.712717860241955,23.028491536183306,0.005317228803329281,0.6,0.0,0.23,5.0,0.0,0.0,1.0,0.5,80.0,27.0,4.0,0.0 
 10/14  11:00:00,27.82121435885377,4.622765260781094,26.198138258591985,0.005283497170988662,0.6,0.0,0.23,5.0,0.0,0.0,1.0,0.5,80.0,27.0,4.0,0.0 
 10/14  12:00:00,29.88869362938307,4.447785908118881,27.531885224676643,0.00521847517320994,0.6,0.0,0.23,5.0,0.0,0.0,1.0,0.5,80.0,27.0,4.0,0.0 
 10/14  13:00:00,30.63184001530129,4.080283201438399,28.830101688575432,0.005084403755200754,0.6,0.0,0.69,5.0,0.0,0.0,1.0,0.5,80.0,27.0,4.0,0.0 
 10/14  14:00:00,32.90385226594598,3.859376388452047,30.523872922711405,0.00500599315488468,0.6,0.0,0.69,5.0,0.0,0.0,1.0,0.5,80.0,27.0,4.0,0.0 
 10/14  15:00:00,33.89529726763219,3.7211497919325476,31.383741427240796,0.004957653044528436,0.6,0.0,0.23,5.0,0.0,0.0,1.0,0.5,80.0,27.0,4.0,0.0 
 10/14  16:00:00,33.421283059603816,3.5914766720561238,31.528042909860336,0.004912765285124609,0.6,0.0,0.23,5.0,0.0,0.0,1.0,0.5,80.0,27.0,4.0,0.0 
 10/14  17:00:00,30.602282832226628,3.2279266442503753,29.429824069116478,0.00478775881442353,0.6,0.0,0.23,5.0,0.0,0.0,1.0,0.5,80.0,27.0,4.0,0.0 
 10/14  18:00:00,25.211130666852934,3.2028280380919503,25.369534751231363,0.004779771238334668,0.6,0.0,0.23,5.0,0.0,0.0,1.0,0.5,80.0,27.0,4.0,0.0 
 10/14  19:00:00,21.895123185970686,3.4948347838166147,22.358250671096215,0.004880769587639924,0.9,0.0,0.23,5.0,0.0,0.0,1.0,0.5,80.0,27.0,4.0,0.0 
 10/14  20:00:00,19.76553839728533,3.501826491493099,21.549498650712405,0.004883735236483551,0.9,1.0,0.23,5.0,0.0,0.0,1.0,0.5,80.0,27.0,4.0,0.0 
 10/14  21:00:00,18.968152966110903,3.4432671887331696,21.273235851324824,0.0048640085653591045,0.9,1.0,1.0,5.0,0.0,0.0,1.0,0.5,80.0,27.0,4.0,0.0 
 10/14  22:00:00,18.835005302753105,3.3232660262611543,20.9441120020041095,0.00482303957499213675,0.9,1,1,5,0,0,1,0.5,80,27,4,0
 10/14  23:00:00,18.701857639395307,3.203264863789139,20.614988152683395,0.004782070584625169,0.9,1.0,1.0,5.0,0.0,0.0,1.0,0.5,80.0,27.0,4.0,0.0 
 10/14  24:00:00,17.888380846235208,2.522762949832627,19.885296335432265,0.004555523312987739,0.9,1.0,1.0,5.0,0.0,0.0,1.0,0.5,80.0,27.0,4.0,0.0 
 10/15  01:00:00,16.412259356906432,1.7412084428430792,16.456445453053558,0.004307593640205081,0.95,0.0,0.23,5.0,0.0,0.0,1.0,0.5,80.0,27.0,4.0,0.0 
 10/15  02:00:00,14.6021114820727,1.6329426640701679,14.707917095734382,0.004274550136373268,0.95,0.0,0.23,5.0,0.0,0.0,1.0,0.5,80.0,27.0,4.0,0.0 
 10/15  03:00:00,13.261072548811205,1.2355752396495747,13.23325778764779,0.004153976874029051,0.95,0.0,0.23,5.0,0.0,0.0,1.0,0.5,80.0,27.0,4.0,0.0 
 10/15  04:00:00,12.170998762026978,0.7195051925086047,12.126764902380419,0.004001829840598412,0.95,0.0,0.23,5.0,0.0,0.0,1.0,0.5,80.0,27.0,4.0,0.0 
 10/15  05:00:00,11.286795548100313,0.35130541198825815,11.20018557168781,0.0038964345053152712,0.95,0.0,0.23,5.0,0.0,0.0,1.0,0.5,80.0,27.0,4.0,0.0 
 10/15  06:00:00,10.50179074232913,-0.27169224968924155,10.4352174733401,0.0037132666852414406,0.95,0.0,0.23,5.0,0.0,0.0,1.0,0.5,80.0,27.0,4.0,0.0 
 10/15  07:00:00,9.964192622943894,-0.5710821021776502,9.965803520696136,0.0036224307740105087,0.95,0.0,0.23,5.0,0.0,0.0,1.0,0.5,80.0,27.0,4.0,0.0 
 10/15  08:00:00,11.383399994918753,-0.7679741844212765,10.90753116475956,0.0035639770085368113,0.95,0.0,0.23,5.0,0.0,0.0,1.0,0.5,80.0,27.0,4.0,0.0 
 10/15  09:00:00,15.334163674259994,-0.9708266191890671,14.05306690995754,0.003504610195816474,0.95,0.0,0.23,5.0,0.0,0.0,1.0,0.5,80.0,27.0,4.0,0.0 
 10/15  10:00:00,18.229621091075302,-1.4338338258301628,16.99446584696767,0.003372007451669083,0.6,0.0,0.23,5.0,0.0,0.0,1.0,0.5,80.0,27.0,4.0,0.0 
 10/15  11:00:00,21.1707239862025,-1.6080702744435822,19.729079168565093,0.0033235701163684176,0.6,0.0,0.23,5.0,0.0,0.0,1.0,0.5,80.0,27.0,4.0,0.0 
 10/15  12:00:00,22.968753424141145,-1.7950981356998217,21.59599519062933,0.0032722245410741905,0.6,0.0,0.23,5.0,0.0,0.0,1.0,0.5,80.0,27.0,4.0,0.0 
 10/15  13:00:00,24.222899600423023,-1.9535879977406905,23.473416594879197,0.0032293695041182074,0.6,0.0,0.69,5.0,0.0,0.0,1.0,0.5,80.0,27.0,4.0,0.0 
 10/15  14:00:00,25.25767707934514,-1.81580971734397,24.280392290180835,0.0032668699682754597,0.6,0.0,0.69,5.0,0.0,0.0,1.0,0.5,80.0,27.0,4.0,0.0 
 10/15  15:00:00,25.067088642068963,-1.6349722109489992,24.027614850584218,0.0033167496987518397,0.6,0.0,0.23,5.0,0.0,0.0,1.0,0.5,80.0,27.0,4.0,0.0 
 10/15  16:00:00,23.585737334821584,-1.6754582220772667,22.849656004395285,0.003305481926679286,0.6,0.0,0.23,5.0,0.0,0.0,1.0,0.5,80.0,27.0,4.0,0.0 
 10/15  17:00:00,21.528221531182446,-1.7791938506204417,21.045249422363188,0.0032768221448514464,0.6,0.0,0.23,5.0,0.0,0.0,1.0,0.5,80.0,27.0,4.0,0.0 
 10/15  18:00:00,17.740708002086436,-2.0283224668348177,17.808126578683847,0.003208934517143708,0.6,0.0,0.23,5.0,0.0,0.0,1.0,0.5,80.0,27.0,4.0,0.0 
 10/15  19:00:00,15.360331632580984,-2.0785947328272862,15.63388362332905,0.0031953736190361115,0.9,0.0,0.23,5.0,0.0,0.0,1.0,0.5,80.0,27.0,4.0,0.0 
 10/15  20:00:00,13.898226494964078,-2.1989589755376544,15.457401528356998,0.003163162742824732,0.9,1.0,0.23,5.0,0.0,0.0,1.0,0.5,80.0,27.0,4.0,0.0 
 10/15  21:00:00,13.531226768286622,-2.1950558616965665,15.63940378333052,0.003164138334316983,0.9,1.0,1.0,5.0,0.0,0.0,1.0,0.5,80.0,27.0,4.0,0.0 
 10/15  22:00:00,13.55166337168726,-2.15295182133877525,15.522359441543682,0.00317536624964397135,0.9,1,1,5,0,0,1,0.5,80,27,4,0
 10/15  23:00:00,13.572099975087898,-2.110847780980984,15.405315099756844,0.0031865941649709597,0.9,1.0,1.0,5.0,0.0,0.0,1.0,0.5,80.0,27.0,4.0,0.0 
 10/15  24:00:00,13.270560852420322,-1.9706119394231338,15.08831207563704,0.0032243367185293592,0.9,1.0,1.0,5.0,0.0,0.0,1.0,0.5,80.0,27.0,4.0,0.0 
 10/16  01:00:00,12.418193158326368,-1.4306741164817933,12.180037340215438,0.0033735393701510917,0.98,0.0,0.23,18.0,0.0,0.0,1.0,0.5,80.0,27.0,4.0,0.0 
 10/16  02:00:00,10.741361630038814,-1.1966114582346117,10.578950706867065,0.0034401734770204,0.98,0.0,0.23,18.0,0.0,0.0,1.0,0.5,80.0,27.0,4.0,0.0 
 10/16  03:00:00,9.806207007868899,-1.084323781862384,9.827524821750654,0.003472513600853583,0.98,0.0,0.23,18.0,0.0,0.0,1.0,0.5,80.0,27.0,4.0,0.0 
 10/16  04:00:00,9.24089361260871,-0.9041078941604879,9.152657526355124,0.0035250784060085914,0.98,0.0,0.23,18.0,0.0,0.0,1.0,0.5,80.0,27.0,4.0,0.0 
 10/16  05:00:00,8.7944066476441,-0.8048047784294852,8.797004147583404,0.003554337555641172,0.98,0.0,0.23,18.0,0.0,0.0,1.0,0.5,80.0,27.0,4.0,0.0 
 10/16  06:00:00,8.47213478605412,-0.6632145028991195,8.427767330465747,0.003596420801889351,0.98,0.0,0.23,18.0,0.0,0.0,1.0,0.5,80.0,27.0,4.0,0.0 
 10/16  07:00:00,8.208227966134883,-0.6298943804185682,8.141686663572939,0.0036063712203348963,0.85,0.0,0.23,18.0,0.0,0.0,1.0,0.5,80.0,27.0,4.0,0.0 
 10/16  08:00:00,11.23713490580769,-0.43757998508585183,10.631815241826493,0.0036644715443177682,0.65,0.0,0.23,12.0,0.0,0.0,0.0,0.5,80.0,37.0,4.0,0.0 
 10/16  09:00:00,14.595129507421523,-0.41610587177956376,13.905484063518319,0.0036709428015454723,0.1,0.0,0.23,18.0,0.0,0.0,0.0,0.0,120.0,37.0,4.0,0.0 
 10/16  10:00:00,18.9278488429697,-0.3553996873522182,18.02472574771494,0.0036894649044063596,0.1,0.0,0.23,18.0,0.0,0.0,0.0,0.0,120.0,37.0,4.0,0.0 
 10/16  11:00:00,22.043418967392057,-0.2466642634600285,21.397537911490858,0.00372288490343258,0.1,0.0,0.23,18.0,0.0,0.0,0.0,0.0,120.0,37.0,4.0,0.0 
 10/16  12:00:00,23.85050848000379,-0.09832590168257944,23.220683616009737,0.003768900518152527,0.1,0.0,0.23,18.0,0.0,0.0,0.0,0.0,120.0,37.0,4.0,0.0 
 10/16  13:00:00,25.477866759104188,0.26098150465071707,25.759755853848503,0.003873178774691529,0.1,0.0,0.69,18.0,0.0,0.0,0.0,0.0,120.0,37.0,4.0,0.0 
 10/16  14:00:00,27.70027734946092,0.4778332920723612,27.54929907009009,0.003935467395438043,0.1,0.0,0.69,18.0,0.0,0.0,0.0,0.0,120.0,37.0,4.0,0.0 
 10/16  15:00:00,27.367033250566415,0.8516751519022506,27.594921317947385,0.0040445203840191735,0.1,0.0,0.23,18.0,0.0,0.0,0.0,0.0,120.0,37.0,4.0,0.0 
 10/16  16:00:00,26.567765354852856,1.0489522637004203,26.77649078542051,0.004103400763539699,0.1,0.0,0.23,18.0,0.0,0.0,0.0,0.0,120.0,37.0,4.0,0.0 
 10/16  17:00:00,23.05357731289541,1.2705240124771526,24.020185352507323,0.0041704166541436365,0.1,0.0,0.23,18.0,0.0,0.0,0.0,0.0,120.0,37.0,4.0,0.0 
 10/16  18:00:00,19.271875482199704,1.8702271054093722,20.02887963038362,0.00435562960782717,0.75,0.0,0.23,18.0,0.0,0.0,0.0,0.5,120.0,37.0,4.0,0.0 
 10/16  19:00:00,16.89323948441088,1.6763048832051237,17.56751740472844,0.004295760096185728,0.75,0.0,0.23,18.0,0.0,0.0,0.0,0.5,80.0,37.0,4.0,0.0 
 10/16  20:00:00,15.447027306159802,1.7999223124527102,17.04038530041176,0.004334877423503166,0.9,1.0,0.23,18.0,0.0,0.0,1.0,0.5,80.0,27.0,4.0,0.0 
 10/16  21:00:00,15.075899119075112,1.9066497472789767,16.77112542177218,0.004368996639681668,0.9,1.0,1.0,18.0,0.0,0.0,1.0,0.5,80.0,27.0,4.0,0.0 
 10/16  22:00:00,15.004993204486223,1.98379521361352085,16.663386521840897,0.0043937241774602485,0.9,1,1,18,0,0,1,0.5,80,27,4,0
 10/16  23:00:00,14.934087289897334,2.060940679948065,16.555647621909614,0.004418451715238829,0.9,1.0,1.0,18.0,0.0,0.0,1.0,0.5,80.0,27.0,4.0,0.0 
 10/16  24:00:00,14.679000321609992,2.207830822698616,16.306049311608778,0.004465987913739826,0.95,1.0,1.0,18.0,0.0,0.0,1.0,0.5,80.0,27.0,4.0,0.0 
 10/17  01:00:00,13.888297325277449,2.4434300832167133,14.028955809020085,0.004543533797104942,0.98,0.0,0.23,18.0,0.0,0.0,1.0,0.5,80.0,27.0,4.0,0.0 
 10/17  02:00:00,12.529393364374098,2.400979822321321,12.558750991514973,0.004530399658675351,0.98,0.0,0.23,18.0,0.0,0.0,1.0,0.5,80.0,27.0,4.0,0.0 
 10/17  03:00:00,11.563578863215524,2.220515286688362,11.653074117308787,0.004472704615682611,0.98,0.0,0.23,18.0,0.0,0.0,1.0,0.5,80.0,27.0,4.0,0.0 
 10/17  04:00:00,10.92809410941635,2.3851849012836177,11.004085500392703,0.004526584229478204,0.98,0.0,0.23,18.0,0.0,0.0,1.0,0.5,80.0,27.0,4.0,0.0 
 10/17  05:00:00,10.45414691947577,2.65410252997815,10.530389362383888,0.004615385930965783,0.98,0.0,0.23,18.0,0.0,0.0,1.0,0.5,80.0,27.0,4.0,0.0 
 10/17  06:00:00,10.14365583503488,3.001037014039114,10.08087626020621,0.0047319990808689285,0.98,0.0,0.23,18.0,0.0,0.0,1.0,0.5,80.0,27.0,4.0,0.0 
 10/17  07:00:00,9.795937413023402,3.1847334829793623,9.682673412567645,0.004795170636710503,0.85,0.0,0.23,18.0,0.0,0.0,1.0,0.5,80.0,27.0,4.0,0.0 
 10/17  08:00:00,10.401153649081722,3.571168259637531,10.23125645427108,0.004929716055786112,0.65,0.0,0.23,12.0,0.0,0.0,0.0,0.5,80.0,37.0,4.0,0.0 
 10/17  09:00:00,12.021777874824936,3.557971656744114,11.796578364544075,0.00492583354916519,0.1,0.0,0.23,18.0,0.0,0.0,0.0,0.0,120.0,37.0,4.0,0.0 
 10/17  10:00:00,14.24137119571042,3.589022722482665,13.70502943077171,0.004937416836513725,0.1,0.0,0.23,18.0,0.0,0.0,0.0,0.0,120.0,37.0,4.0,0.0 
 10/17  11:00:00,16.750411669858618,3.6328480001474754,15.965735927824259,0.004953570706749599,0.1,0.0,0.23,18.0,0.0,0.0,0.0,0.0,120.0,37.0,4.0,0.0 
 10/17  12:00:00,18.566649895091107,3.698268585344216,17.886502127838206,0.004977403957453857,0.1,0.0,0.23,18.0,0.0,0.0,0.0,0.0,120.0,37.0,4.0,0.0 
 10/17  13:00:00,19.533852160069262,3.7803869134820447,19.72360328639642,0.005007223608582574,0.1,0.0,0.69,18.0,0.0,0.0,0.0,0.0,120.0,37.0,4.0,0.0 
 10/17  14:00:00,20.735902125989124,3.883065469148305,20.90447879005097,0.005043087460700832,0.1,0.0,0.69,18.0,0.0,0.0,0.0,0.0,120.0,37.0,4.0,0.0 
 10/17  15:00:00,20.39849890613734,4.064541789991809,20.671562961715946,0.005107623622916177,0.1,0.0,0.23,18.0,0.0,0.0,0.0,0.0,120.0,37.0,4.0,0.0 
 10/17  16:00:00,18.814038154367083,4.158827749891915,19.385563558404932,0.005141070680714651,0.1,0.0,0.23,18.0,0.0,0.0,0.0,0.0,120.0,37.0,4.0,0.0 
 10/17  17:00:00,16.762531467930067,4.243206569119114,17.677548000257907,0.005171086346182392,0.1,0.0,0.23,18.0,0.0,0.0,0.0,0.0,120.0,37.0,4.0,0.0 
 10/17  18:00:00,14.816552971788647,4.848702835701675,15.528933414887744,0.005396101248709858,0.75,0.0,0.23,18.0,0.0,0.0,0.0,0.5,120.0,37.0,4.0,0.0 
 10/17  19:00:00,13.539901827273274,4.752738148293687,14.080739539258182,0.005358930174048725,0.75,0.0,0.23,18.0,0.0,0.0,0.0,0.5,80.0,37.0,4.0,0.0 
 10/17  20:00:00,12.659368755060036,4.5995306269037455,13.987924151095562,0.005300539909124379,0.9,1.0,0.23,18.0,0.0,0.0,1.0,0.5,80.0,27.0,4.0,0.0 
 10/17  21:00:00,12.619425514226554,4.421884440099435,14.046239346412783,0.005233623775182885,0.9,1.0,1.0,18.0,0.0,0.0,1.0,0.5,80.0,27.0,4.0,0.0 
 10/17  22:00:00,12.571325428997722,4.3536075368151225,13.991748565293948,0.0052080928407691775,0.9,1,1,18,0,0,1,0.5,80,27,4,0
 10/17  23:00:00,12.52322534376889,4.28533063353081,13.937257784175113,0.00518256190635547,0.9,1.0,1.0,18.0,0.0,0.0,1.0,0.5,80.0,27.0,4.0,0.0 
 10/17  24:00:00,12.371148065228113,4.082674114078943,13.819563807032647,0.005107978072516038,0.95,1.0,1.0,18.0,0.0,0.0,1.0,0.5,80.0,27.0,4.0,0.0 
 10/18  01:00:00,11.96895987165438,3.8531999498937273,12.070618459162247,0.005024030742202383,0.98,0.0,0.23,18.0,0.0,0.0,1.0,0.5,80.0,27.0,4.0,0.0 
 10/18  02:00:00,10.813169403062881,3.669306535532376,10.922927609130927,0.004958104098738161,0.98,0.0,0.23,18.0,0.0,0.0,1.0,0.5,80.0,27.0,4.0,0.0 
 10/18  03:00:00,10.12292464592,3.615652402540556,10.307024643420085,0.004938489361752172,0.98,0.0,0.23,18.0,0.0,0.0,1.0,0.5,80.0,27.0,4.0,0.0 
 10/18  04:00:00,9.651990961929636,3.423715551369427,9.894320924065777,0.0048707813069628,0.98,0.0,0.23,18.0,0.0,0.0,1.0,0.5,80.0,27.0,4.0,0.0 
 10/18  05:00:00,9.391727974175367,3.139088515417003,9.470004967096159,0.004772205259116558,0.98,0.0,0.23,18.0,0.0,0.0,1.0,0.5,80.0,27.0,4.0,0.0 
 10/18  06:00:00,9.092238570551963,2.8910540656144397,9.173556769993928,0.004687713545509471,0.98,0.0,0.23,18.0,0.0,0.0,1.0,0.5,80.0,27.0,4.0,0.0 
 10/18  07:00:00,8.899900046693144,2.7350220210822545,8.95247107380366,0.004634992557147112,0.85,0.0,0.23,18.0,0.0,0.0,1.0,0.5,80.0,27.0,4.0,0.0 
 10/18  08:00:00,10.143371170888695,2.875370015996247,10.067801240303547,0.004681053598889486,0.65,0.0,0.23,12.0,0.0,0.0,0.0,0.5,80.0,37.0,4.0,0.0 
 10/18  09:00:00,12.657404659322932,2.8899759963233995,12.290751897459678,0.004685239820082985,0.1,0.0,0.23,18.0,0.0,0.0,0.0,0.0,120.0,37.0,4.0,0.0 
 10/18  10:00:00,16.205934368841348,2.930604703500641,15.553518646204077,0.004698158678335216,0.1,0.0,0.23,18.0,0.0,0.0,0.0,0.0,120.0,37.0,4.0,0.0 
 10/18  11:00:00,20.133160151192442,3.0025026356541122,19.334897587894737,0.004721643245257871,0.1,0.0,0.23,18.0,0.0,0.0,0.0,0.0,120.0,37.0,4.0,0.0 
 10/18  12:00:00,23.45752566251457,3.118249143089803,22.41391626549978,0.004760105195524835,0.1,0.0,0.23,18.0,0.0,0.0,0.0,0.0,120.0,37.0,4.0,0.0 
 10/18  13:00:00,25.347337498063432,3.2737254277321393,25.280296029772664,0.004812407624736447,0.1,0.0,0.69,18.0,0.0,0.0,0.0,0.0,120.0,37.0,4.0,0.0 
 10/18  14:00:00,27.372779799205965,3.4633884620215167,27.15713673036622,0.00487785596648345,0.1,0.0,0.69,18.0,0.0,0.0,0.0,0.0,120.0,37.0,4.0,0.0 
 10/18  15:00:00,28.387643329010416,3.664865109715694,28.035134474834635,0.00494825108264593,0.1,0.0,0.23,18.0,0.0,0.0,0.0,0.0,120.0,37.0,4.0,0.0 
 10/18  16:00:00,28.818975741977532,3.8636608092911815,28.700845528966653,0.005018547512079006,0.1,0.0,0.23,18.0,0.0,0.0,0.0,0.0,120.0,37.0,4.0,0.0 
 10/18  17:00:00,26.683430343146153,4.083518439079622,27.115999454706248,0.005097385987960808,0.1,0.0,0.23,18.0,0.0,0.0,0.0,0.0,120.0,37.0,4.0,0.0 
 10/18  18:00:00,21.585795546862997,4.734554285104926,22.301137803160266,0.005337319090459884,0.75,0.0,0.23,18.0,0.0,0.0,0.0,0.5,120.0,37.0,4.0,0.0 
 10/18  19:00:00,18.478159764305335,4.426971170223622,19.260735003346394,0.0052227082748148015,0.75,0.0,0.23,18.0,0.0,0.0,0.0,0.5,80.0,37.0,4.0,0.0 
 10/18  20:00:00,16.62049536535789,4.18503778491887,18.963207780403252,0.005134110337116591,0.9,1.0,0.23,18.0,0.0,0.0,1.0,0.5,80.0,27.0,4.0,0.0 
 10/18  21:00:00,16.560889952924807,4.131889704642512,18.910400814091485,0.0051147767532587545,0.9,1.0,1.0,18.0,0.0,0.0,1.0,0.5,80.0,27.0,4.0,0.0 
 10/18  22:00:00,16.5535350368896585,4.1019328637545015,18.8067576757707425,0.00510394718365759125,0.9,1,1,18,0,0,1,0.5,80,27,4,0
 10/18  23:00:00,16.54618012085451,4.071976022866491,18.70311453745,0.005093117614056428,0.9,1.0,1.0,18.0,0.0,0.0,1.0,0.5,80.0,27.0,4.0,0.0 
 10/18  24:00:00,16.27607434452693,3.9895834332661795,18.444538846458713,0.005063415453243224,0.95,1.0,1.0,18.0,0.0,0.0,1.0,0.5,80.0,27.0,4.0,0.0 
 10/19  01:00:00,15.665031340957984,4.264182571138709,16.043462111438156,0.005162841370145501,0.98,0.0,0.23,18.0,0.0,0.0,1.0,0.5,80.0,27.0,4.0,0.0 
 10/19  02:00:00,14.108104409754674,4.394385194633206,14.46220348289704,0.005210539360655605,0.98,0.0,0.23,18.0,0.0,0.0,1.0,0.5,80.0,27.0,4.0,0.0 
 10/19  03:00:00,13.082294183745846,4.306984319758596,13.56775887610213,0.005178443174535908,0.98,0.0,0.23,18.0,0.0,0.0,1.0,0.5,80.0,27.0,4.0,0.0 
 10/19  04:00:00,12.499377219403758,4.372910829993564,12.941173935028008,0.005202584813050968,0.98,0.0,0.23,18.0,0.0,0.0,1.0,0.5,80.0,27.0,4.0,0.0 
 10/19  05:00:00,12.087730731888838,4.280009411523278,12.513458863106507,0.0051685211774199135,0.98,0.0,0.23,18.0,0.0,0.0,1.0,0.5,80.0,27.0,4.0,0.0 
 10/19  06:00:00,11.790672265443131,4.2138051306548725,12.07700978635666,0.0051443682568227764,0.98,0.0,0.23,18.0,0.0,0.0,1.0,0.5,80.0,27.0,4.0,0.0 
 10/19  07:00:00,11.511197378736643,4.190283351514354,11.751929601669154,0.005135759780046883,0.85,0.0,0.23,18.0,0.0,0.0,1.0,0.5,80.0,27.0,4.0,0.0 
 10/19  08:00:00,13.37777541918915,4.391126618113049,13.188718375527584,0.005209235230421728,0.65,0.0,0.23,12.0,0.0,0.0,0.0,0.5,80.0,37.0,4.0,0.0 
 10/19  09:00:00,16.356760527158936,4.420989596388182,15.80468981790959,0.005220187618142102,0.1,0.0,0.23,18.0,0.0,0.0,0.0,0.0,120.0,37.0,4.0,0.0 
 10/19  10:00:00,20.03079787204682,4.4859007728373195,19.24098507190028,0.005244179409717243,0.1,0.0,0.23,18.0,0.0,0.0,0.0,0.0,120.0,37.0,4.0,0.0 
 10/19  11:00:00,24.110881188305484,4.588661406947114,23.153872443420596,0.005282362160609883,0.1,0.0,0.23,18.0,0.0,0.0,0.0,0.0,120.0,37.0,4.0,0.0 
 10/19  12:00:00,27.004570347576827,4.7422558115933375,26.135306920485995,0.005339842900781141,0.1,0.0,0.23,18.0,0.0,0.0,0.0,0.0,120.0,37.0,4.0,0.0 
 10/19  13:00:00,28.735814077767902,4.932540926576936,28.69162937090347,0.005411896576313089,0.1,0.0,0.69,18.0,0.0,0.0,0.0,0.0,120.0,37.0,4.0,0.0 
 10/19  14:00:00,30.034676529840077,5.152090166500094,30.005596627946886,0.005495889781331321,0.1,0.0,0.69,18.0,0.0,0.0,0.0,0.0,120.0,37.0,4.0,0.0 
 10/19  15:00:00,29.625877573368367,5.526757770112457,29.78806203881971,0.005642134990781121,0.1,0.0,0.23,18.0,0.0,0.0,0.0,0.0,120.0,37.0,4.0,0.0 
 10/19  16:00:00,27.67937504168978,5.727714389597412,28.1811453987511,0.005721861899110138,0.1,0.0,0.23,18.0,0.0,0.0,0.0,0.0,120.0,37.0,4.0,0.0 
 10/19  17:00:00,24.07048657006935,5.912624189747556,25.23553018766812,0.005796091043819236,0.1,0.0,0.23,18.0,0.0,0.0,0.0,0.0,120.0,37.0,4.0,0.0 
 10/19  18:00:00,20.821137698571075,6.482856129929852,21.887926610216017,0.0060310127515430904,0.75,0.0,0.23,18.0,0.0,0.0,0.0,0.5,120.0,37.0,4.0,0.0 
 10/19  19:00:00,18.781943934481458,6.463352943664132,19.79733724131425,0.006022591693377743,0.75,0.0,0.23,18.0,0.0,0.0,0.0,0.5,80.0,37.0,4.0,0.0 
 10/19  20:00:00,17.489773836628633,6.096209969296766,19.802445783845464,0.0058702835855552965,0.9,1.0,0.23,18.0,0.0,0.0,1.0,0.5,80.0,27.0,4.0,0.0 
 10/19  21:00:00,17.739701358204314,5.645382818558037,19.986961379999933,0.005687957370198995,0.9,1.0,1.0,18.0,0.0,0.0,1.0,0.5,80.0,27.0,4.0,0.0 
 10/19  22:00:00,17.707701502694107,5.462632536201228,19.925679772034233,0.0056158945564493865,0.9,1,1,18,0,0,1,0.5,80,27,4,0
 10/19  23:00:00,17.6757016471839,5.279882253844419,19.864398164068533,0.005543831742699778,0.9,1.0,1.0,18.0,0.0,0.0,1.0,0.5,80.0,27.0,4.0,0.0 
 10/19  24:00:00,17.41573111916023,5.20965260524739,19.552377313062326,0.005516392207285336,0.95,1.0,1.0,18.0,0.0,0.0,1.0,0.5,80.0,27.0,4.0,0.0 
 10/20  01:00:00,16.50477956221203,4.612014344738374,16.682552680915535,0.005288742679512648,0.98,0.0,0.23,18.0,0.0,0.0,1.0,0.5,80.0,27.0,4.0,0.0 
 10/20  02:00:00,14.721500754703069,4.2356011143235435,14.735662579963389,0.00514972983994217,0.98,0.0,0.23,18.0,0.0,0.0,1.0,0.5,80.0,27.0,4.0,0.0 
 10/20  03:00:00,13.462229561668497,4.105378556187825,13.568485424298542,0.005102269933526854,0.98,0.0,0.23,18.0,0.0,0.0,1.0,0.5,80.0,27.0,4.0,0.0 
 10/20  04:00:00,12.572090766699725,3.814918090085144,12.486473359711386,0.004998114033977633,0.98,0.0,0.23,18.0,0.0,0.0,1.0,0.5,80.0,27.0,4.0,0.0 
 10/20  05:00:00,11.840514078165862,3.4980349128872104,11.829373682709468,0.004886619163940783,0.98,0.0,0.23,18.0,0.0,0.0,1.0,0.5,80.0,27.0,4.0,0.0 
 10/20  06:00:00,11.292113661529234,3.280822725823556,11.322741873895243,0.004811470746114651,0.98,0.0,0.23,18.0,0.0,0.0,1.0,0.5,80.0,27.0,4.0,0.0 
 10/20  07:00:00,10.89730204222677,2.99887742564801,10.800438539163107,0.004715463334743507,0.85,0.0,0.23,18.0,0.0,0.0,1.0,0.5,80.0,27.0,4.0,0.0 
 10/20  08:00:00,13.60486869453072,2.7861260165351065,12.890791810220488,0.004644109710422223,0.65,0.0,0.23,12.0,0.0,0.0,0.0,0.5,80.0,37.0,4.0,0.0 
 10/20  09:00:00,17.832636502487812,2.836861710533242,16.760135228762554,0.004660853176345316,0.1,0.0,0.23,18.0,0.0,0.0,0.0,0.0,120.0,37.0,4.0,0.0 
 10/20  10:00:00,21.973613518680423,2.9242851716798133,20.729217997763374,0.004689885198913279,0.1,0.0,0.23,18.0,0.0,0.0,0.0,0.0,120.0,37.0,4.0,0.0 
 10/20  11:00:00,25.12529213464164,3.061362636894886,24.08309147677118,0.004735886470182739,0.1,0.0,0.23,18.0,0.0,0.0,0.0,0.0,120.0,37.0,4.0,0.0 
 10/20  12:00:00,26.94690007609462,3.2407830720812916,26.220590089720687,0.004796702518621367,0.1,0.0,0.23,18.0,0.0,0.0,0.0,0.0,120.0,37.0,4.0,0.0 
 10/20  13:00:00,28.215507054001193,3.4420389330330576,28.19283675104256,0.004865772481881268,0.1,0.0,0.69,18.0,0.0,0.0,0.0,0.0,120.0,37.0,4.0,0.0 
 10/20  14:00:00,29.761724277297258,3.671603657702792,29.651410502143833,0.00494561937330844,0.1,0.0,0.69,18.0,0.0,0.0,0.0,0.0,120.0,37.0,4.0,0.0 
 10/20  15:00:00,31.084890511696607,3.9102187430640245,30.5972189393251,0.005029862087406828,0.1,0.0,0.23,18.0,0.0,0.0,0.0,0.0,120.0,37.0,4.0,0.0 
 10/20  16:00:00,30.085293413066434,4.3217934756947205,30.34652109269272,0.005178370953812024,0.1,0.0,0.23,18.0,0.0,0.0,0.0,0.0,120.0,37.0,4.0,0.0 
 10/20  17:00:00,27.16052718297193,4.559210553992104,27.746775545562855,0.005265644132134888,0.1,0.0,0.23,18.0,0.0,0.0,0.0,0.0,120.0,37.0,4.0,0.0 
 10/20  18:00:00,22.24113157773544,4.852225136340717,22.75870782903224,0.005375292985796492,0.75,0.0,0.23,18.0,0.0,0.0,0.0,0.5,120.0,37.0,4.0,0.0 
 10/20  19:00:00,19.136667795105783,4.122462226200385,19.64051376836495,0.005105023154902461,0.75,0.0,0.23,18.0,0.0,0.0,0.0,0.5,80.0,37.0,4.0,0.0 
 10/20  20:00:00,17.260701566088027,3.7358153898750306,19.037549976158765,0.004966691078745857,0.9,1.0,0.23,18.0,0.0,0.0,1.0,0.5,80.0,27.0,4.0,0.0 
 10/20  21:00:00,16.682828693296784,3.042287939987967,18.96174209186055,0.00472707774441855,0.9,1.0,1.0,18.0,0.0,0.0,1.0,0.5,80.0,27.0,4.0,0.0 
 10/20  22:00:00,16.6252586954924745,2.87163348079176075,18.750287387175957,0.004669988730413069,0.9,1,1,18,0,0,1,0.5,80,27,4,0
 10/20  23:00:00,16.567688697688165,2.7009790215955545,18.538832682491364,0.004612899716407588,0.9,1.0,1.0,18.0,0.0,0.0,1.0,0.5,80.0,27.0,4.0,0.0 
 10/20  24:00:00,16.01027968185134,2.0197483569858607,17.860236966774586,0.004392569708590331,0.95,1.0,1.0,18.0,0.0,0.0,1.0,0.5,80.0,27.0,4.0,0.0 
 10/21  01:00:00,14.514811433119537,1.8538984218506507,14.754756791058869,0.004339949776097615,0.95,0.0,0.23,5.0,0.0,0.0,1.0,0.5,80.0,27.0,4.0,0.0 
 10/21  02:00:00,13.138217106956128,1.6250033135055229,13.479824308209952,0.004268688522312064,0.95,0.0,0.23,5.0,0.0,0.0,1.0,0.5,80.0,27.0,4.0,0.0 
 10/21  03:00:00,12.226854764807074,1.6047746700820629,12.512103352618526,0.0042622473959053235,0.95,0.0,0.23,5.0,0.0,0.0,1.0,0.5,80.0,27.0,4.0,0.0 
 10/21  04:00:00,11.502277111806425,1.509496387067448,11.808494391178119,0.0042328108291796104,0.95,0.0,0.23,5.0,0.0,0.0,1.0,0.5,80.0,27.0,4.0,0.0 
 10/21  05:00:00,10.958069934031617,1.3374483195025662,11.134260768375144,0.004180243041443154,0.95,0.0,0.23,5.0,0.0,0.0,1.0,0.5,80.0,27.0,4.0,0.0 
 10/21  06:00:00,10.486928497393942,1.2226319796284997,10.746077620419971,0.0041454464487697545,0.95,0.0,0.23,5.0,0.0,0.0,1.0,0.5,80.0,27.0,4.0,0.0 
 10/21  07:00:00,10.119195419104434,1.0682833233601656,10.304275754237274,0.004099147975312554,0.95,0.0,0.23,5.0,0.0,0.0,1.0,0.5,80.0,27.0,4.0,0.0 
 10/21  08:00:00,13.440168641334637,0.9990705005047766,12.81411824273526,0.0040784252468968,0.95,0.0,0.23,5.0,0.0,0.0,1.0,0.5,80.0,27.0,4.0,0.0 
 10/21  09:00:00,18.72039756757035,1.1470437415342707,17.162892058784415,0.0041221572652853835,0.95,0.0,0.23,5.0,0.0,0.0,1.0,0.5,80.0,27.0,4.0,0.0 
 10/21  10:00:00,23.155572666654706,1.1457366472827377,21.69003275701928,0.004121561305854447,0.6,0.0,0.23,5.0,0.0,0.0,1.0,0.5,80.0,27.0,4.0,0.0 
 10/21  11:00:00,26.54409902189177,1.395191931200193,25.012526197628024,0.0041964374751050065,0.6,0.0,0.23,5.0,0.0,0.0,1.0,0.5,80.0,27.0,4.0,0.0 
 10/21  12:00:00,28.619357410470784,1.4734201016496995,26.726685069444557,0.0042200226725670744,0.6,0.0,0.23,5.0,0.0,0.0,1.0,0.5,80.0,27.0,4.0,0.0 
 10/21  13:00:00,29.487957734749116,1.2794598937903334,27.57835940988213,0.004160996666985554,0.6,0.0,0.69,5.0,0.0,0.0,1.0,0.5,80.0,27.0,4.0,0.0 
 10/21  14:00:00,30.589320104504583,1.2161378836891739,28.58461828380534,0.0041426707358878465,0.6,0.0,0.69,5.0,0.0,0.0,1.0,0.5,80.0,27.0,4.0,0.0 
 10/21  15:00:00,30.65940703391746,1.2881230308042626,28.82035213298267,0.004165019156125829,0.6,0.0,0.23,5.0,0.0,0.0,1.0,0.5,80.0,27.0,4.0,0.0 
 10/21  16:00:00,28.696472600425942,1.4803504155210236,27.496104080063876,0.00422399134550736,0.6,0.0,0.23,5.0,0.0,0.0,1.0,0.5,80.0,27.0,4.0,0.0 
 10/21  17:00:00,25.735679102560542,1.6464566583300397,25.508298728573383,0.004275687063438276,0.6,0.0,0.23,5.0,0.0,0.0,1.0,0.5,80.0,27.0,4.0,0.0 
 10/21  18:00:00,21.638004686885733,1.756705413281298,21.962464138684123,0.004310514431789885,0.6,0.0,0.23,5.0,0.0,0.0,1.0,0.5,80.0,27.0,4.0,0.0 
 10/21  19:00:00,19.112633220557967,1.8669208524927994,19.71604050794878,0.004345629400726515,0.9,0.0,0.23,5.0,0.0,0.0,1.0,0.5,80.0,27.0,4.0,0.0 
 10/21  20:00:00,17.586577905357426,1.8508849000567595,19.752667804650194,0.004341349030801932,0.9,1.0,0.23,5.0,0.0,0.0,1.0,0.5,80.0,27.0,4.0,0.0 
 10/21  21:00:00,17.538075420432918,1.9404448089972208,19.864581162523127,0.004370142956696577,0.9,1.0,1.0,5.0,0.0,0.0,1.0,0.5,80.0,27.0,4.0,0.0 
 10/21  22:00:00,17.558723223290619,2.0350370798735929,19.7892073066009095,0.00440046541527126475,0.9,1,1,5,0,0,1,0.5,80,27,4,0
 10/21  23:00:00,17.57937102614832,2.129629350749965,19.713833450678692,0.0044307878738459525,0.9,1.0,1.0,5.0,0.0,0.0,1.0,0.5,80.0,27.0,4.0,0.0 
 10/21  24:00:00,17.356495154348096,2.386522711267905,19.48609808479619,0.004514025256317834,0.9,1.0,1.0,5.0,0.0,0.0,1.0,0.5,80.0,27.0,4.0,0.0 
 10/22  01:00:00,16.64760904764814,2.708109449088643,17.105454546115247,0.004620842533556893,0.95,0.0,0.23,5.0,0.0,0.0,1.0,0.5,80.0,27.0,4.0,0.0 
 10/22  02:00:00,15.205851202678845,2.9418787710275147,15.877312867942507,0.004699497974784058,0.95,0.0,0.23,5.0,0.0,0.0,1.0,0.5,80.0,27.0,4.0,0.0 
 10/22  03:00:00,14.338265139088346,2.923470395889259,14.968183869016716,0.004694118817966573,0.95,0.0,0.23,5.0,0.0,0.0,1.0,0.5,80.0,27.0,4.0,0.0 
 10/22  04:00:00,13.758498214061373,2.8168918475738334,14.373566231942208,0.004659233686070838,0.95,0.0,0.23,5.0,0.0,0.0,1.0,0.5,80.0,27.0,4.0,0.0 
 10/22  05:00:00,13.362124927949512,2.7515351514481283,13.963411306864089,0.004638289262445168,0.95,0.0,0.23,5.0,0.0,0.0,1.0,0.5,80.0,27.0,4.0,0.0 
 10/22  06:00:00,13.103088016868561,2.6752120168381426,13.5483858151279,0.0046138043121036545,0.95,0.0,0.23,5.0,0.0,0.0,1.0,0.5,80.0,27.0,4.0,0.0 
 10/22  07:00:00,12.900818990336187,2.7665818775794673,13.369812239715307,0.004644820498162028,0.95,0.0,0.23,5.0,0.0,0.0,1.0,0.5,80.0,27.0,4.0,0.0 
 10/22  08:00:00,14.56772399692993,2.9238515691187597,14.594445861130174,0.00469815017249963,0.95,0.0,0.23,5.0,0.0,0.0,1.0,0.5,80.0,27.0,4.0,0.0 
 10/22  09:00:00,16.942928074429837,3.93428565225055,16.637264859791408,0.005049366207377247,0.95,0.0,0.23,5.0,0.0,0.0,1.0,0.5,80.0,27.0,4.0,0.0 
 10/22  10:00:00,17.464766819444904,5.2644986109784995,17.318362015457055,0.005547239439619664,0.6,0.0,0.23,5.0,0.0,0.0,1.0,0.5,80.0,27.0,4.0,0.0 
 10/22  11:00:00,17.55450298574236,6.858944171979972,17.61529140615567,0.006201331656439029,0.6,0.0,0.23,5.0,0.0,0.0,1.0,0.5,80.0,27.0,4.0,0.0 
 10/22  12:00:00,17.174314132002266,8.106238271494218,17.52767961832782,0.0067603862714959205,0.6,0.0,0.23,5.0,0.0,0.0,1.0,0.5,80.0,27.0,4.0,0.0 
 10/22  13:00:00,20.21338827138053,8.715767873336453,19.979019514602324,0.007050295455143557,0.6,0.0,0.69,5.0,0.0,0.0,1.0,0.5,80.0,27.0,4.0,0.0 
 10/22  14:00:00,27.081686516035482,8.562013464497504,25.26246688220753,0.006975523468016413,0.6,0.0,0.69,5.0,0.0,0.0,1.0,0.5,80.0,27.0,4.0,0.0 
 10/22  15:00:00,29.88491304435957,7.86064774086106,27.21942968789276,0.0066464152737081275,0.6,0.0,0.23,5.0,0.0,0.0,1.0,0.5,80.0,27.0,4.0,0.0 
 10/22  16:00:00,29.305923071863827,7.66530869298068,27.508641428569693,0.0065566638056357126,0.6,0.0,0.23,5.0,0.0,0.0,1.0,0.5,80.0,27.0,4.0,0.0 
 10/22  17:00:00,26.720497452587853,7.509342993563047,26.475782691939976,0.006485548696523976,0.6,0.0,0.23,5.0,0.0,0.0,1.0,0.5,80.0,27.0,4.0,0.0 
 10/22  18:00:00,22.160985242585735,7.289704373444788,22.894693271608155,0.006387005348209677,0.6,0.0,0.23,5.0,0.0,0.0,1.0,0.5,80.0,27.0,4.0,0.0 
 10/22  19:00:00,19.447916980402873,6.9187790596563055,20.597654735211854,0.00622418756694831,0.9,0.0,0.23,5.0,0.0,0.0,1.0,0.5,80.0,27.0,4.0,0.0 
 10/22  20:00:00,17.916428835989528,6.457293785707896,20.439784194727338,0.006026942178102797,0.9,1.0,0.23,5.0,0.0,0.0,1.0,0.5,80.0,27.0,4.0,0.0 
 10/22  21:00:00,18.21989184300447,6.15430165677399,20.56318100141283,0.005900274554145353,0.9,1.0,1.0,5.0,0.0,0.0,1.0,0.5,80.0,27.0,4.0,0.0 
 10/22  22:00:00,18.1883243956938175,6.0375869773772755,20.532237608396253,0.0058522099241109135,0.9,1,1,5,0,0,1,0.5,80,27,4,0
 10/22  23:00:00,18.156756948383165,5.920872297980561,20.501294215379676,0.005804145294076474,0.9,1.0,1.0,5.0,0.0,0.0,1.0,0.5,80.0,27.0,4.0,0.0 
 10/22  24:00:00,18.006750562560956,5.807894665525362,20.29696701384639,0.005757680197693399,0.9,1.0,1.0,5.0,0.0,0.0,1.0,0.5,80.0,27.0,4.0,0.0 
 10/23  01:00:00,17.477781901847727,5.951172706933638,17.94735999538211,0.005814111926708063,0.98,0.0,0.23,18.0,0.0,0.0,1.0,0.5,80.0,27.0,4.0,0.0 
 10/23  02:00:00,15.869120690586811,5.770582558701099,16.64890913253944,0.0057403713743069545,0.98,0.0,0.23,18.0,0.0,0.0,1.0,0.5,80.0,27.0,4.0,0.0 
 10/23  03:00:00,14.965432895648132,6.059171469049788,15.692866070266746,0.005856537942504535,0.98,0.0,0.23,18.0,0.0,0.0,1.0,0.5,80.0,27.0,4.0,0.0 
 10/23  04:00:00,14.386694707039732,6.130008992670098,15.046116085241223,0.00588473321468435,0.98,0.0,0.23,18.0,0.0,0.0,1.0,0.5,80.0,27.0,4.0,0.0 
 10/23  05:00:00,13.984311954006095,6.178159673905073,14.585093987086289,0.0059037611249617965,0.98,0.0,0.23,18.0,0.0,0.0,1.0,0.5,80.0,27.0,4.0,0.0 
 10/23  06:00:00,13.685603755199715,6.378365584603186,14.126143204017247,0.005985925482788762,0.98,0.0,0.23,18.0,0.0,0.0,1.0,0.5,80.0,27.0,4.0,0.0 
 10/23  07:00:00,13.413439736048415,6.549856956773036,13.792165367542433,0.006056940637867696,0.85,0.0,0.23,18.0,0.0,0.0,1.0,0.5,80.0,27.0,4.0,0.0 
 10/23  08:00:00,16.210201401648252,6.730584280519079,15.715289693162738,0.006132699886598971,0.65,0.0,0.23,12.0,0.0,0.0,0.0,0.5,80.0,37.0,4.0,0.0 
 10/23  09:00:00,20.016770109590254,6.779536398883565,19.184369384825214,0.006152780484463963,0.1,0.0,0.23,18.0,0.0,0.0,0.0,0.0,120.0,37.0,4.0,0.0 
 10/23  10:00:00,24.77133968304579,6.871403139183419,23.696254385828286,0.0061912672893683195,0.1,0.0,0.23,18.0,0.0,0.0,0.0,0.0,120.0,37.0,4.0,0.0 
 10/23  11:00:00,28.233653434417256,7.016397751345193,27.57773861364553,0.006253017295295588,0.1,0.0,0.23,18.0,0.0,0.0,0.0,0.0,120.0,37.0,4.0,0.0 
 10/23  12:00:00,30.65649344719544,7.205758549102984,30.088339647497158,0.006334740549806104,0.1,0.0,0.23,18.0,0.0,0.0,0.0,0.0,120.0,37.0,4.0,0.0 
 10/23  13:00:00,32.04518589394346,7.4227683310334225,32.13878545891363,0.006429624394929744,0.1,0.0,0.69,18.0,0.0,0.0,0.0,0.0,120.0,37.0,4.0,0.0 
 10/23  14:00:00,34.077177708944085,7.66330007552818,33.944760960454936,0.006537354421989573,0.1,0.0,0.69,18.0,0.0,0.0,0.0,0.0,120.0,37.0,4.0,0.0 
 10/23  15:00:00,34.78348605347178,7.904954980976413,34.4804185832059,0.006647209842918645,0.1,0.0,0.23,18.0,0.0,0.0,0.0,0.0,120.0,37.0,4.0,0.0 
 10/23  16:00:00,33.0031945225436,8.155408039280873,33.35523546259518,0.006762801597791992,0.1,0.0,0.23,18.0,0.0,0.0,0.0,0.0,120.0,37.0,4.0,0.0 
 10/23  17:00:00,29.81935495258436,8.38900746857108,30.689804366941917,0.006872167716797652,0.1,0.0,0.23,18.0,0.0,0.0,0.0,0.0,120.0,37.0,4.0,0.0 
 10/23  18:00:00,25.177522152976767,9.296762415769026,26.040880092277398,0.007312405507400938,0.75,0.0,0.23,18.0,0.0,0.0,0.0,0.5,120.0,37.0,4.0,0.0 
 10/23  19:00:00,22.360641914528685,9.312801925875947,23.177270471561904,0.00732047810828814,0.75,0.0,0.23,18.0,0.0,0.0,0.0,0.5,80.0,37.0,4.0,0.0 
 10/23  20:00:00,20.609518719713865,9.139224346631387,23.32490845244957,0.007234398881252069,0.9,1.0,0.23,18.0,0.0,0.0,1.0,0.5,80.0,27.0,4.0,0.0 
 10/23  21:00:00,20.74573240265919,8.940232489730978,23.142242891797686,0.007136820027267122,0.9,1.0,1.0,18.0,0.0,0.0,1.0,0.5,80.0,27.0,4.0,0.0 
 10/23  22:00:00,20.679507719787061,8.948608720985809,22.967333874804513,0.00714090771410517875,0.9,1,1,18,0,0,1,0.5,80,27,4,0
 10/23  23:00:00,20.613283036914932,8.95698495224064,22.79242485781134,0.0071449954009432355,0.9,1.0,1.0,18.0,0.0,0.0,1.0,0.5,80.0,27.0,4.0,0.0 
 10/23  24:00:00,20.162991364856477,8.965168347621551,22.39085026247551,0.007149063729960054,0.95,1.0,1.0,18.0,0.0,0.0,1.0,0.5,80.0,27.0,4.0,0.0 
 10/24  01:00:00,19.25177761422158,8.746605392544623,19.715199215187827,0.007043146969277186,0.98,0.0,0.23,18.0,0.0,0.0,1.0,0.5,80.0,27.0,4.0,0.0 
 10/24  02:00:00,17.63405256714957,8.385049064026756,18.146894050292957,0.006870852566239359,0.98,0.0,0.23,18.0,0.0,0.0,1.0,0.5,80.0,27.0,4.0,0.0 
 10/24  03:00:00,16.447359463938316,8.24667773904386,16.821991027673693,0.006805891401807668,0.98,0.0,0.23,18.0,0.0,0.0,1.0,0.5,80.0,27.0,4.0,0.0 
 10/24  04:00:00,15.602361977951631,8.095233607616173,15.921656391542783,0.006735490629773841,0.98,0.0,0.23,18.0,0.0,0.0,1.0,0.5,80.0,27.0,4.0,0.0 
 10/24  05:00:00,15.015188108053604,8.01963977815206,15.290274968967323,0.006700627480694938,0.98,0.0,0.23,18.0,0.0,0.0,1.0,0.5,80.0,27.0,4.0,0.0 
 10/24  06:00:00,14.558119887476813,8.067204950543946,14.84847823886089,0.006722654955777176,0.98,0.0,0.23,18.0,0.0,0.0,1.0,0.5,80.0,27.0,4.0,0.0 
 10/24  07:00:00,14.229151221634657,8.017413739008804,14.367610522604089,0.006699735677504776,0.85,0.0,0.23,18.0,0.0,0.0,1.0,0.5,80.0,27.0,4.0,0.0 
 10/24  08:00:00,18.034259762346895,8.032570510846003,16.98381474356691,0.006706725510479126,0.65,0.0,0.23,12.0,0.0,0.0,0.0,0.5,80.0,37.0,4.0,0.0 
 10/24  09:00:00,21.637908135687375,8.093167940059395,20.718267079234277,0.006734804141189869,0.1,0.0,0.23,18.0,0.0,0.0,0.0,0.0,120.0,37.0,4.0,0.0 
 10/24  10:00:00,25.723514217341418,8.254598374943487,24.966541062637006,0.006810005001015785,0.1,0.0,0.23,18.0,0.0,0.0,0.0,0.0,120.0,37.0,4.0,0.0 
 10/24  11:00:00,28.762270236528217,8.392277057493457,27.862990692156394,0.006874743750038584,0.1,0.0,0.23,18.0,0.0,0.0,0.0,0.0,120.0,37.0,4.0,0.0 
 10/24  12:00:00,30.611162935816008,8.565382560972289,29.955078212996707,0.00695690413324674,0.1,0.0,0.23,18.0,0.0,0.0,0.0,0.0,120.0,37.0,4.0,0.0 
 10/24  13:00:00,32.09178189660089,8.950072672437013,32.29655651244294,0.00714248126315746,0.1,0.0,0.69,18.0,0.0,0.0,0.0,0.0,120.0,37.0,4.0,0.0 
 10/24  14:00:00,32.773281369419166,9.134576278203147,32.818118975945644,0.007233774090893246,0.1,0.0,0.69,18.0,0.0,0.0,0.0,0.0,120.0,37.0,4.0,0.0 
 10/24  15:00:00,33.353512474739034,9.438277862476243,32.965323656870204,0.007385772752128519,0.1,0.0,0.23,18.0,0.0,0.0,0.0,0.0,120.0,37.0,4.0,0.0 
 10/24  16:00:00,31.69675312919865,9.614939156474227,31.987614597893828,0.007475782128457902,0.1,0.0,0.23,18.0,0.0,0.0,0.0,0.0,120.0,37.0,4.0,0.0 
 10/24  17:00:00,28.341903256808333,9.811289757642358,29.152880628656405,0.007576899709871195,0.1,0.0,0.23,18.0,0.0,0.0,0.0,0.0,120.0,37.0,4.0,0.0 
 10/24  18:00:00,23.916823041830018,10.07549201803789,24.770053278872297,0.007714652855147868,0.75,0.0,0.23,18.0,0.0,0.0,0.0,0.5,120.0,37.0,4.0,0.0 
 10/24  19:00:00,21.36752155824233,9.646582350187705,22.136213346023748,0.007493994179827509,0.75,0.0,0.23,18.0,0.0,0.0,0.0,0.5,80.0,37.0,4.0,0.0 
 10/24  20:00:00,19.76046665072354,9.33166566457124,22.30146757500537,0.007335712896984283,0.9,1.0,0.23,18.0,0.0,0.0,1.0,0.5,80.0,27.0,4.0,0.0 
 10/24  21:00:00,19.873522038518672,8.969910677071391,22.22590959919948,0.007157485742418246,0.9,1.0,1.0,18.0,0.0,0.0,1.0,0.5,80.0,27.0,4.0,0.0 
 10/24  22:00:00,19.8096817153161595,8.898462172612662,22.045064210675298,0.007123015230915794,0.9,1,1,18,0,0,1,0.5,80,27,4,0
 10/24  23:00:00,19.745841392113647,8.827013668153933,21.864218822151116,0.007088544719413342,0.9,1.0,1.0,18.0,0.0,0.0,1.0,0.5,80.0,27.0,4.0,0.0 
 10/24  24:00:00,19.24033000264757,8.165827030418797,21.406786685225,0.0067750519334781305,0.95,1.0,1.0,18.0,0.0,0.0,1.0,0.5,80.0,27.0,4.0,0.0 
 10/25  01:00:00,18.18925029277917,7.179764865949085,18.57861123027985,0.006330713148564348,0.98,0.0,0.23,18.0,0.0,0.0,1.0,0.5,80.0,27.0,4.0,0.0 
 10/25  02:00:00,16.571622933020574,6.689460004645241,16.875784836080822,0.006119622653110484,0.98,0.0,0.23,18.0,0.0,0.0,1.0,0.5,80.0,27.0,4.0,0.0 
 10/25  03:00:00,15.322356344423053,6.166319076278942,15.541750699508526,0.005901313473926456,0.98,0.0,0.23,18.0,0.0,0.0,1.0,0.5,80.0,27.0,4.0,0.0 
 10/25  04:00:00,14.46282096753413,5.8194941887780685,14.614840677114444,0.005760676675988332,0.98,0.0,0.23,18.0,0.0,0.0,1.0,0.5,80.0,27.0,4.0,0.0 
 10/25  05:00:00,13.873136249159058,5.678887943644159,13.97942759774913,0.00570480184122926,0.98,0.0,0.23,18.0,0.0,0.0,1.0,0.5,80.0,27.0,4.0,0.0 
 10/25  06:00:00,13.417019986010216,5.378637195839524,13.53372128825245,0.0055865291787787616,0.98,0.0,0.23,18.0,0.0,0.0,1.0,0.5,80.0,27.0,4.0,0.0 
 10/25  07:00:00,13.066048776105834,5.0106837798307176,13.064106564505797,0.005444464787719809,0.85,0.0,0.23,18.0,0.0,0.0,1.0,0.5,80.0,27.0,4.0,0.0 
 10/25  08:00:00,13.567846696724928,4.478845934713874,13.447831856483278,0.005244666739336483,0.65,0.0,0.23,12.0,0.0,0.0,0.0,0.5,80.0,37.0,4.0,0.0 
 10/25  09:00:00,17.809757280470183,4.54071687028358,16.64622892778539,0.005268105175526289,0.1,0.0,0.23,18.0,0.0,0.0,0.0,0.0,120.0,37.0,4.0,0.0 
 10/25  10:00:00,20.349388838358912,4.655948379304697,19.87920958654229,0.005311595696229442,0.1,0.0,0.23,18.0,0.0,0.0,0.0,0.0,120.0,37.0,4.0,0.0 
 10/25  11:00:00,23.18158628815304,4.754742287682854,22.206284527233997,0.005349207180431137,0.1,0.0,0.23,18.0,0.0,0.0,0.0,0.0,120.0,37.0,4.0,0.0 
 10/25  12:00:00,24.323281896186476,4.884556762678801,23.784339245359423,0.0053988383833520085,0.1,0.0,0.23,18.0,0.0,0.0,0.0,0.0,120.0,37.0,4.0,0.0 
 10/25  13:00:00,24.419741427002155,5.019974495722913,24.797756445297043,0.00545108456403753,0.1,0.0,0.69,18.0,0.0,0.0,0.0,0.0,120.0,37.0,4.0,0.0 
 10/25  14:00:00,27.507642835079597,5.174639193862851,26.829719812343882,0.005510955468251861,0.1,0.0,0.69,18.0,0.0,0.0,0.0,0.0,120.0,37.0,4.0,0.0 
 10/25  15:00:00,29.59930161777293,5.365453055449644,28.964623037280592,0.005585620529718502,0.1,0.0,0.23,18.0,0.0,0.0,0.0,0.0,120.0,37.0,4.0,0.0 
 10/25  16:00:00,30.87487795996046,5.580481661131675,30.42944282036761,0.005670744309509148,0.1,0.0,0.23,18.0,0.0,0.0,0.0,0.0,120.0,37.0,4.0,0.0 
 10/25  17:00:00,28.511226237743795,5.801644834144013,28.89656264104481,0.0057595549006587065,0.1,0.0,0.23,18.0,0.0,0.0,0.0,0.0,120.0,37.0,4.0,0.0 
 10/25  18:00:00,23.207655058995115,6.773276490811829,23.82017386844538,0.00616332735029588,0.75,0.0,0.23,18.0,0.0,0.0,0.0,0.5,120.0,37.0,4.0,0.0 
 10/25  19:00:00,19.99199284266473,6.406552263729157,20.593575638140425,0.006008466862689208,0.75,0.0,0.23,18.0,0.0,0.0,0.0,0.5,80.0,37.0,4.0,0.0 
 10/25  20:00:00,18.12195235833569,6.136351995956843,20.06435234291696,0.005896737879317184,0.9,1.0,0.23,18.0,0.0,0.0,1.0,0.5,80.0,27.0,4.0,0.0 
 10/25  21:00:00,17.688522649754432,5.737817601020205,20.01958052211738,0.00573510605777955,0.9,1.0,1.0,18.0,0.0,0.0,1.0,0.5,80.0,27.0,4.0,0.0 
 10/25  22:00:00,17.65753693072792,5.676652372835979,19.844998207961021,0.0057108271306957455,0.9,1,1,18,0,0,1,0.5,80,27,4,0
 10/25  23:00:00,17.626551211701408,5.615487144651753,19.670415893804662,0.005686548203611941,0.9,1.0,1.0,18.0,0.0,0.0,1.0,0.5,80.0,27.0,4.0,0.0 
 10/25  24:00:00,17.170318874791974,5.329372622834606,19.25778573344013,0.00557390170269784,0.95,1.0,1.0,18.0,0.0,0.0,1.0,0.5,80.0,27.0,4.0,0.0 
 10/26  01:00:00,16.295346586219733,5.338425054078672,16.359373234167435,0.0055780597520834335,0.98,0.0,0.23,18.0,0.0,0.0,1.0,0.5,80.0,27.0,4.0,0.0 
 10/26  02:00:00,14.558994652906138,5.312883686433222,14.529760012151495,0.005568405102485026,0.98,0.0,0.23,18.0,0.0,0.0,1.0,0.5,80.0,27.0,4.0,0.0 
 10/26  03:00:00,13.429249170884276,5.08580166983943,13.51346403910514,0.005480556163982337,0.98,0.0,0.23,18.0,0.0,0.0,1.0,0.5,80.0,27.0,4.0,0.0 
 10/26  04:00:00,12.678057391216337,4.912744436938655,12.773993161636575,0.005414505139367589,0.98,0.0,0.23,18.0,0.0,0.0,1.0,0.5,80.0,27.0,4.0,0.0 
 10/26  05:00:00,12.103449699902434,4.705624649569442,12.059386072918304,0.005336389128486016,0.98,0.0,0.23,18.0,0.0,0.0,1.0,0.5,80.0,27.0,4.0,0.0 
 10/26  06:00:00,11.6211434074411,4.466240813234723,11.666646712586696,0.005247257239310343,0.98,0.0,0.23,18.0,0.0,0.0,1.0,0.5,80.0,27.0,4.0,0.0 
 10/26  07:00:00,11.285716536270337,4.2004640513294635,11.241269913515824,0.005149880821625667,0.85,0.0,0.23,18.0,0.0,0.0,1.0,0.5,80.0,27.0,4.0,0.0 
 10/26  08:00:00,13.444474179464342,4.080706885548519,12.881454324017506,0.005106651192314192,0.65,0.0,0.23,12.0,0.0,0.0,0.0,0.5,80.0,37.0,4.0,0.0 
 10/26  09:00:00,14.977102920362853,4.126597790288354,14.647157105641798,0.005123585361160893,0.1,0.0,0.23,18.0,0.0,0.0,0.0,0.0,120.0,37.0,4.0,0.0 
 10/26  10:00:00,18.62184629533328,4.177700522093858,17.6462489169993,0.005142415411128322,0.1,0.0,0.23,18.0,0.0,0.0,0.0,0.0,120.0,37.0,4.0,0.0 
 10/26  11:00:00,21.14842493535788,4.2622756996426965,20.155161960392302,0.005173597308355635,0.1,0.0,0.23,18.0,0.0,0.0,0.0,0.0,120.0,37.0,4.0,0.0 
 10/26  12:00:00,22.140734957510325,4.369805987372839,21.649960372594137,0.005213349423566698,0.1,0.0,0.23,18.0,0.0,0.0,0.0,0.0,120.0,37.0,4.0,0.0 
 10/26  13:00:00,23.12384980194189,4.612303836729439,23.505619980937805,0.00530372123507744,0.1,0.0,0.69,18.0,0.0,0.0,0.0,0.0,120.0,37.0,4.0,0.0 
 10/26  14:00:00,23.657209056043303,4.722192356526683,23.981432627826877,0.005344879604462952,0.1,0.0,0.69,18.0,0.0,0.0,0.0,0.0,120.0,37.0,4.0,0.0 
 10/26  15:00:00,22.354815644561157,4.860743024472379,22.769424564407153,0.005397262110462794,0.1,0.0,0.23,18.0,0.0,0.0,0.0,0.0,120.0,37.0,4.0,0.0 
 10/26  16:00:00,22.83430121265596,5.065199871578031,22.5763165636677,0.005475371168667774,0.1,0.0,0.23,18.0,0.0,0.0,0.0,0.0,120.0,37.0,4.0,0.0 
 10/26  17:00:00,21.155709268505817,5.158316249249597,21.636811808596512,0.00551127320834746,0.1,0.0,0.23,18.0,0.0,0.0,0.0,0.0,120.0,37.0,4.0,0.0 
 10/26  18:00:00,18.022418285342034,5.099645947406243,18.673670243461466,0.005488482773317574,0.75,0.0,0.23,18.0,0.0,0.0,0.0,0.5,120.0,37.0,4.0,0.0 
 10/26  19:00:00,16.106105549207264,4.994350973774607,16.64747470864616,0.005447934205981142,0.75,0.0,0.23,18.0,0.0,0.0,0.0,0.5,80.0,37.0,4.0,0.0 
 10/26  20:00:00,14.935821751122285,5.272259456241385,16.204308369402906,0.005555336332594738,0.9,1.0,0.23,18.0,0.0,0.0,1.0,0.5,80.0,27.0,4.0,0.0 
 10/26  21:00:00,14.622051068835136,5.441252064640238,16.13988828639138,0.005621488881115582,0.9,1.0,1.0,18.0,0.0,0.0,1.0,0.5,80.0,27.0,4.0,0.0 
 10/26  22:00:00,14.5890978845091645,5.4636132896243595,16.0925415463553515,0.00563028753573827025,0.9,1,1,18,0,0,1,0.5,80,27,4,0
 10/26  23:00:00,14.556144700183193,5.485974514608481,16.045194806319323,0.0056390861903609585,0.9,1.0,1.0,18.0,0.0,0.0,1.0,0.5,80.0,27.0,4.0,0.0 
 10/26  24:00:00,14.301292875326423,5.30564240119512,15.815994773416454,0.005568091149585362,0.95,1.0,1.0,18.0,0.0,0.0,1.0,0.5,80.0,27.0,4.0,0.0 
 10/27  01:00:00,13.61209414243588,4.75038159892085,13.639637216997608,0.005354704568257956,0.98,0.0,0.23,18.0,0.0,0.0,1.0,0.5,80.0,27.0,4.0,0.0 
 10/27  02:00:00,12.31975809585572,4.339072912863259,12.291927236213848,0.005201355900643114,0.98,0.0,0.23,18.0,0.0,0.0,1.0,0.5,80.0,27.0,4.0,0.0 
 10/27  03:00:00,11.479094274061916,4.0526682838884245,11.55561515142886,0.0050969260845501125,0.98,0.0,0.23,18.0,0.0,0.0,1.0,0.5,80.0,27.0,4.0,0.0 
 10/27  04:00:00,10.906652670184785,3.763655433924541,10.854896159306207,0.004993399174572588,0.98,0.0,0.23,18.0,0.0,0.0,1.0,0.5,80.0,27.0,4.0,0.0 
 10/27  05:00:00,10.444671217578248,3.627997516884641,10.459197763024214,0.004945453658673219,0.98,0.0,0.23,18.0,0.0,0.0,1.0,0.5,80.0,27.0,4.0,0.0 
 10/27  06:00:00,10.075984341280734,3.3185943130567153,10.028153085532885,0.004837651163956687,0.98,0.0,0.23,18.0,0.0,0.0,1.0,0.5,80.0,27.0,4.0,0.0 
 10/27  07:00:00,9.717455929994541,3.0391719360293594,9.65097933589014,0.004742143014118792,0.85,0.0,0.23,18.0,0.0,0.0,1.0,0.5,80.0,27.0,4.0,0.0 
 10/27  08:00:00,10.421795767093803,2.739251429440184,10.251408982676418,0.004641510209758759,0.65,0.0,0.23,12.0,0.0,0.0,0.0,0.5,80.0,37.0,4.0,0.0 
 10/27  09:00:00,11.405501338939754,2.7968579150724553,11.361498200929091,0.004660587127455491,0.1,0.0,0.23,18.0,0.0,0.0,0.0,0.0,120.0,37.0,4.0,0.0 
 10/27  10:00:00,13.691004506052078,2.8227227119150786,13.251692273318408,0.004669170470575799,0.1,0.0,0.23,18.0,0.0,0.0,0.0,0.0,120.0,37.0,4.0,0.0 
 10/27  11:00:00,15.684282247638187,2.8674368654290974,15.24908735376471,0.004684029586611181,0.1,0.0,0.23,18.0,0.0,0.0,0.0,0.0,120.0,37.0,4.0,0.0 
 10/27  12:00:00,17.69444497120561,2.9783642646548754,17.46546589958515,0.004721262098573411,0.1,0.0,0.23,18.0,0.0,0.0,0.0,0.0,120.0,37.0,4.0,0.0 
 10/27  13:00:00,20.445003855834724,3.058428397819433,20.265715361675213,0.004748286207947863,0.1,0.0,0.69,18.0,0.0,0.0,0.0,0.0,120.0,37.0,4.0,0.0 
 10/27  14:00:00,23.62487029872032,3.1830303543244645,23.20357107488593,0.004790452635559309,0.1,0.0,0.69,18.0,0.0,0.0,0.0,0.0,120.0,37.0,4.0,0.0 
 10/27  15:00:00,26.026599188461148,3.3434246992243115,25.285803379346575,0.004845293058869738,0.1,0.0,0.23,18.0,0.0,0.0,0.0,0.0,120.0,37.0,4.0,0.0 
 10/27  16:00:00,25.80929844586807,3.511356247926283,25.755685014661758,0.004903321908675174,0.1,0.0,0.23,18.0,0.0,0.0,0.0,0.0,120.0,37.0,4.0,0.0 
 10/27  17:00:00,24.49410662579083,3.8969813382679783,24.8851377636474,0.005039307411826381,0.1,0.0,0.23,18.0,0.0,0.0,0.0,0.0,120.0,37.0,4.0,0.0 
 10/27  18:00:00,19.74633199761817,4.549404231822535,20.349003261194543,0.005277156003747354,0.75,0.0,0.23,18.0,0.0,0.0,0.0,0.5,120.0,37.0,4.0,0.0 
 10/27  19:00:00,16.78519804534385,3.976136679032887,17.426477670293746,0.00506716700514091,0.75,0.0,0.23,18.0,0.0,0.0,0.0,0.5,80.0,37.0,4.0,0.0 
 10/27  20:00:00,15.052566325806346,3.589505949347891,16.634098746183163,0.004929713018340976,0.9,1.0,0.23,18.0,0.0,0.0,1.0,0.5,80.0,27.0,4.0,0.0 
 10/27  21:00:00,14.564425627038581,3.3376153571212033,16.505709212056935,0.004841928438422563,0.9,1.0,1.0,18.0,0.0,0.0,1.0,0.5,80.0,27.0,4.0,0.0 
 10/27  22:00:00,14.5465312432257755,3.1816923996620319,16.3773989999896075,0.0047885565738918935,0.9,1,1,18,0,0,1,0.5,80,27,4,0
 10/27  23:00:00,14.52863685941297,3.0257694422028605,16.24908878792228,0.004735184709361224,0.9,1.0,1.0,18.0,0.0,0.0,1.0,0.5,80.0,27.0,4.0,0.0 
 10/27  24:00:00,14.331759030504834,2.8689643532670184,16.043607271329744,0.0046821933571066345,0.95,1.0,1.0,18.0,0.0,0.0,1.0,0.5,80.0,27.0,4.0,0.0 
 10/28  01:00:00,14.095925091774957,3.0438628279476316,14.589948351529081,0.004740640902564223,0.95,0.0,0.23,5.0,0.0,0.0,1.0,0.5,80.0,27.0,4.0,0.0 
 10/28  02:00:00,12.895348127778323,3.0783335971226973,13.825863737468772,0.004752083103603693,0.95,0.0,0.23,5.0,0.0,0.0,1.0,0.5,80.0,27.0,4.0,0.0 
 10/28  03:00:00,12.436412429035702,3.198171844109373,13.018146179973725,0.0047926483107502285,0.95,0.0,0.23,5.0,0.0,0.0,1.0,0.5,80.0,27.0,4.0,0.0 
 10/28  04:00:00,11.929765087621101,3.2191531403778164,12.579634651820227,0.004799631853431657,0.95,0.0,0.23,5.0,0.0,0.0,1.0,0.5,80.0,27.0,4.0,0.0 
 10/28  05:00:00,11.67112355944589,3.381269269527435,12.080086492880863,0.004855157316987383,0.95,0.0,0.23,5.0,0.0,0.0,1.0,0.5,80.0,27.0,4.0,0.0 
 10/28  06:00:00,11.448093516778332,3.884165524323215,11.850876929954598,0.005031598235253883,0.95,0.0,0.23,5.0,0.0,0.0,1.0,0.5,80.0,27.0,4.0,0.0 
 10/28  07:00:00,11.425934610632273,4.716695779890998,11.944691133261061,0.005336485177990167,0.95,0.0,0.23,5.0,0.0,0.0,1.0,0.5,80.0,27.0,4.0,0.0 
 10/28  08:00:00,12.233967079577862,5.087796646413774,12.591129134257645,0.005477530741826676,0.95,0.0,0.23,5.0,0.0,0.0,1.0,0.5,80.0,27.0,4.0,0.0 
 10/28  09:00:00,14.481187253511257,5.345498384483187,14.401185592245733,0.005577301610780748,0.95,0.0,0.23,5.0,0.0,0.0,1.0,0.5,80.0,27.0,4.0,0.0 
 10/28  10:00:00,19.123885677748884,5.816411482865945,18.075844463050714,0.0057640589498542324,0.6,0.0,0.23,5.0,0.0,0.0,1.0,0.5,80.0,27.0,4.0,0.0 
 10/28  11:00:00,22.2743762372977,6.4255478726149615,21.16560008638864,0.006014062191120859,0.6,0.0,0.23,5.0,0.0,0.0,1.0,0.5,80.0,27.0,4.0,0.0 
 10/28  12:00:00,24.782514477243318,6.981428866554447,23.59865937592906,0.006250533004661749,0.6,0.0,0.23,5.0,0.0,0.0,1.0,0.5,80.0,27.0,4.0,0.0 
 10/28  13:00:00,25.322301574632753,7.536041310405513,25.100218273428254,0.00649470968144845,0.6,0.0,0.69,5.0,0.0,0.0,1.0,0.5,80.0,27.0,4.0,0.0 
 10/28  14:00:00,26.98566720615264,8.042187483292777,26.42871839724005,0.006724787039529815,0.6,0.0,0.69,5.0,0.0,0.0,1.0,0.5,80.0,27.0,4.0,0.0 
 10/28  15:00:00,27.416025962908535,8.354516734093673,26.60656870527012,0.006870184354782892,0.6,0.0,0.23,5.0,0.0,0.0,1.0,0.5,80.0,27.0,4.0,0.0 
 10/28  16:00:00,26.642638574840046,9.021305035534162,26.327755213860463,0.007190604756479419,0.6,0.0,0.23,5.0,0.0,0.0,1.0,0.5,80.0,27.0,4.0,0.0 
 10/28  17:00:00,25.122861845783728,9.041562369164684,25.018957886801203,0.007200053680686401,0.6,0.0,0.23,5.0,0.0,0.0,1.0,0.5,80.0,27.0,4.0,0.0 
 10/28  18:00:00,21.22996980621098,9.021564927630598,22.006294901920864,0.007189720455134384,0.6,0.0,0.23,5.0,0.0,0.0,1.0,0.5,80.0,27.0,4.0,0.0 
 10/28  19:00:00,19.005014407911194,8.793147513926701,20.08515965782957,0.007077828311877441,0.9,0.0,0.23,5.0,0.0,0.0,1.0,0.5,80.0,27.0,4.0,0.0 
 10/28  20:00:00,17.658986293409452,8.339662145086264,20.220432367202907,0.006860769743483512,0.9,1.0,0.23,5.0,0.0,0.0,1.0,0.5,80.0,27.0,4.0,0.0 
 10/28  21:00:00,18.12020222179139,8.161183190212155,20.44432822749177,0.006776699656493865,0.9,1.0,1.0,5.0,0.0,0.0,1.0,0.5,80.0,27.0,4.0,0.0 
 10/28  22:00:00,18.1329474023617785,8.1192568733469035,20.4517021826408,0.006756985084097017,0.9,1,1,5,0,0,1,0.5,80,27,4,0
 10/28  23:00:00,18.145692582932167,8.077330556481652,20.45907613778983,0.006737270511700169,0.9,1.0,1.0,5.0,0.0,0.0,1.0,0.5,80.0,27.0,4.0,0.0 
 10/28  24:00:00,18.039703644915097,8.054660171028255,20.306235899777757,0.006726300737590837,0.9,1.0,1.0,5.0,0.0,0.0,1.0,0.5,80.0,27.0,4.0,0.0 
 10/29  01:00:00,17.568065765976332,7.776840423795383,18.140515874315014,0.006597928789957108,0.95,0.0,0.23,5.0,0.0,0.0,1.0,0.5,80.0,27.0,4.0,0.0 
 10/29  02:00:00,15.99543852427501,7.544925722889535,16.94195463543587,0.006492759207895599,0.95,0.0,0.23,5.0,0.0,0.0,1.0,0.5,80.0,27.0,4.0,0.0 
 10/29  03:00:00,15.12685339425631,7.299887005878306,15.918768703040804,0.006383296032918756,0.95,0.0,0.23,5.0,0.0,0.0,1.0,0.5,80.0,27.0,4.0,0.0 
 10/29  04:00:00,14.499574774961443,7.176604697266494,15.266589670034538,0.006328629891548834,0.95,0.0,0.23,5.0,0.0,0.0,1.0,0.5,80.0,27.0,4.0,0.0 
 10/29  05:00:00,14.094773473379393,7.1420248914614675,14.809310365458913,0.006313052930730171,0.95,0.0,0.23,5.0,0.0,0.0,1.0,0.5,80.0,27.0,4.0,0.0 
 10/29  06:00:00,13.817778127668188,7.231421953274864,14.317779409304448,0.006351794505620933,0.95,0.0,0.23,5.0,0.0,0.0,1.0,0.5,80.0,27.0,4.0,0.0 
 10/29  07:00:00,13.575236404110752,7.409099703418296,14.082982929624842,0.006429869489574427,0.95,0.0,0.23,5.0,0.0,0.0,1.0,0.5,80.0,27.0,4.0,0.0 
 10/29  08:00:00,16.4639547471076,7.650640566829571,15.998573526695045,0.006537546003030708,0.95,0.0,0.23,5.0,0.0,0.0,1.0,0.5,80.0,27.0,4.0,0.0 
 10/29  09:00:00,20.114992533133492,8.004393168942391,19.38050492582086,0.0066983711726673325,0.95,0.0,0.23,5.0,0.0,0.0,1.0,0.5,80.0,27.0,4.0,0.0 
 10/29  10:00:00,23.772159807074505,8.217656158741045,22.8145279990045,0.006796835641449989,0.6,0.0,0.23,5.0,0.0,0.0,1.0,0.5,80.0,27.0,4.0,0.0 
 10/29  11:00:00,26.538233167350494,8.372429340687907,25.276352348580822,0.006868970222927373,0.6,0.0,0.23,5.0,0.0,0.0,1.0,0.5,80.0,27.0,4.0,0.0 
 10/29  12:00:00,28.46350006821257,8.436648651762177,26.812144696037027,0.0068988171706855705,0.6,0.0,0.23,5.0,0.0,0.0,1.0,0.5,80.0,27.0,4.0,0.0 
 10/29  13:00:00,29.14411188251434,8.260602884731146,27.732012894181832,0.00681548008476097,0.6,0.0,0.69,5.0,0.0,0.0,1.0,0.5,80.0,27.0,4.0,0.0 
 10/29  14:00:00,30.755533007586713,8.208062725558536,28.974808435636856,0.00679092617483914,0.6,0.0,0.69,5.0,0.0,0.0,1.0,0.5,80.0,27.0,4.0,0.0 
 10/29  15:00:00,31.47117506765074,8.222181955925809,29.506917632017405,0.006797516631467879,0.6,0.0,0.23,5.0,0.0,0.0,1.0,0.5,80.0,27.0,4.0,0.0 
 10/29  16:00:00,30.062731666339317,8.12436951758286,29.20816222777191,0.0067519764980401385,0.6,0.0,0.23,5.0,0.0,0.0,1.0,0.5,80.0,27.0,4.0,0.0 
 10/29  17:00:00,27.64576653793305,7.862844440223672,27.38211205709493,0.006631550538347503,0.6,0.0,0.23,5.0,0.0,0.0,1.0,0.5,80.0,27.0,4.0,0.0 
 10/29  18:00:00,23.618784578046494,7.808140131882687,24.15821808052858,0.006606671081220059,0.6,0.0,0.23,5.0,0.0,0.0,1.0,0.5,80.0,27.0,4.0,0.0 
 10/29  19:00:00,21.172673383158635,7.915374229355767,22.052300879404726,0.006655650669974046,0.9,0.0,0.23,5.0,0.0,0.0,1.0,0.5,80.0,27.0,4.0,0.0 
 10/29  20:00:00,19.54868036507054,8.048542008864718,22.10960964348274,0.006716927464159256,0.9,1.0,0.23,5.0,0.0,0.0,1.0,0.5,80.0,27.0,4.0,0.0 
 10/29  21:00:00,19.897292331804287,8.281225325567998,22.161884046857082,0.006825207809994193,0.9,1.0,1.0,5.0,0.0,0.0,1.0,0.5,80.0,27.0,4.0,0.0 
 10/29  22:00:00,19.8257999702717785,8.2770774784924255,22.073584224033105,0.006823264219705388,0.9,1,1,5,0,0,1,0.5,80,27,4,0
 10/29  23:00:00,19.75430760873927,8.272929631416853,21.985284401209128,0.006821320629416583,0.9,1.0,1.0,5.0,0.0,0.0,1.0,0.5,80.0,27.0,4.0,0.0 
 10/29  24:00:00,19.442911921668713,8.037920942900408,21.6318682034701,0.006712021707998476,0.9,1.0,1.0,5.0,0.0,0.0,1.0,0.5,80.0,27.0,4.0,0.0 
 10/30  01:00:00,18.60088994910828,7.814601556785773,19.06209800507898,0.006609613155217971,0.98,0.0,0.23,18.0,0.0,0.0,1.0,0.5,80.0,27.0,4.0,0.0 
 10/30  02:00:00,17.039293220595365,7.758095655500612,17.5797583347558,0.0065839234533724275,0.98,0.0,0.23,18.0,0.0,0.0,1.0,0.5,80.0,27.0,4.0,0.0 
 10/30  03:00:00,15.86061178989679,7.836658862520114,16.07537557767304,0.006619665568083039,0.98,0.0,0.23,18.0,0.0,0.0,1.0,0.5,80.0,27.0,4.0,0.0 
 10/30  04:00:00,15.030430256504001,7.782721324974134,15.363290931768269,0.006595108228617939,0.98,0.0,0.23,18.0,0.0,0.0,1.0,0.5,80.0,27.0,4.0,0.0 
 10/30  05:00:00,14.50211456750189,8.032726657829587,14.669481012725358,0.006709623774897219,0.98,0.0,0.23,18.0,0.0,0.0,1.0,0.5,80.0,27.0,4.0,0.0 
 10/30  06:00:00,14.067900305692618,8.22527899420048,14.304988236361364,0.006799031436346192,0.98,0.0,0.23,18.0,0.0,0.0,1.0,0.5,80.0,27.0,4.0,0.0 
 10/30  07:00:00,13.809494161721164,8.483571931019911,13.907440429788183,0.006920637070600975,0.85,0.0,0.23,18.0,0.0,0.0,1.0,0.5,80.0,27.0,4.0,0.0 
 10/30  08:00:00,15.856905528689227,8.343620726812627,15.413639845020773,0.0068545080067222465,0.65,0.0,0.23,12.0,0.0,0.0,0.0,0.5,80.0,37.0,4.0,0.0 
 10/30  09:00:00,19.148671497179198,8.39542263016223,18.25403293672058,0.006878919037041693,0.1,0.0,0.23,18.0,0.0,0.0,0.0,0.0,120.0,37.0,4.0,0.0 
 10/30  10:00:00,23.42431050224463,8.467017261881379,21.871965602015784,0.006912785062385909,0.1,0.0,0.23,18.0,0.0,0.0,0.0,0.0,120.0,37.0,4.0,0.0 
 10/30  11:00:00,26.299508119776238,8.577547128729726,25.273310271133173,0.006965361259186676,0.1,0.0,0.23,18.0,0.0,0.0,0.0,0.0,120.0,37.0,4.0,0.0 
 10/30  12:00:00,28.425052914840922,8.720233964506646,27.631177567981467,0.00703376225808976,0.1,0.0,0.23,18.0,0.0,0.0,0.0,0.0,120.0,37.0,4.0,0.0 
 10/30  13:00:00,30.347972770963956,9.039861018523109,30.540489868400165,0.007189169695319727,0.1,0.0,0.69,18.0,0.0,0.0,0.0,0.0,120.0,37.0,4.0,0.0 
 10/30  14:00:00,32.38136882099834,9.226151511638585,32.28918109857537,0.007280791357633968,0.1,0.0,0.69,18.0,0.0,0.0,0.0,0.0,120.0,37.0,4.0,0.0 
 10/30  15:00:00,33.68819514819924,9.433675062450856,33.23325598067538,0.007384125557916511,0.1,0.0,0.23,18.0,0.0,0.0,0.0,0.0,120.0,37.0,4.0,0.0 
 10/30  16:00:00,32.45588432330235,9.624197258088948,32.584896661085125,0.007480039872757962,0.1,0.0,0.23,18.0,0.0,0.0,0.0,0.0,120.0,37.0,4.0,0.0 
 10/30  17:00:00,28.996155038387933,9.833889339772847,29.799276687154514,0.007587013029916768,0.1,0.0,0.23,18.0,0.0,0.0,0.0,0.0,120.0,37.0,4.0,0.0 
 10/30  18:00:00,24.158945277643483,10.150717244442548,24.982864548599444,0.007751434663639814,0.75,0.0,0.23,18.0,0.0,0.0,0.0,0.5,120.0,37.0,4.0,0.0 
 10/30  19:00:00,21.280822921241704,9.680072554330396,21.968963753248268,0.007507381219276771,0.75,0.0,0.23,18.0,0.0,0.0,0.0,0.5,80.0,37.0,4.0,0.0 
 10/30  20:00:00,19.492793164560506,9.372019574699982,21.60556011429974,0.007351185969091053,0.9,1.0,0.23,18.0,0.0,0.0,1.0,0.5,80.0,27.0,4.0,0.0 
 10/30  21:00:00,19.12413870902983,8.877014862944158,21.476625665583416,0.0071066154400249845,0.9,1.0,1.0,18.0,0.0,0.0,1.0,0.5,80.0,27.0,4.0,0.0 
 10/30  22:00:00,19.04454406574204,8.704110135598497,21.252318080361358,0.00702330794763650825,0.9,1,1,18,0,0,1,0.5,80,27,4,0
 10/30  23:00:00,18.96494942245425,8.531205408252836,21.0280104951393,0.006940000455248032,0.9,1.0,1.0,18.0,0.0,0.0,1.0,0.5,80.0,27.0,4.0,0.0 
 10/30  24:00:00,18.390086331122024,7.656047166235365,20.496721346530663,0.006534281047022204,0.95,1.0,1.0,18.0,0.0,0.0,1.0,0.5,80.0,27.0,4.0,0.0 
 10/31  01:00:00,17.184914257047673,7.228932152276096,17.253118061281437,0.006343636381656585,0.98,0.0,0.23,18.0,0.0,0.0,1.0,0.5,80.0,27.0,4.0,0.0 
 10/31  02:00:00,15.373958554320282,6.774218953910214,15.499499058398756,0.006146504739933676,0.98,0.0,0.23,18.0,0.0,0.0,1.0,0.5,80.0,27.0,4.0,0.0 
 10/31  03:00:00,14.134819378332638,6.096084009993058,14.139562614414046,0.005862767960365907,0.98,0.0,0.23,18.0,0.0,0.0,1.0,0.5,80.0,27.0,4.0,0.0 
 10/31  04:00:00,13.23319003898475,5.593997475760937,13.208354414783662,0.0056602662086424164,0.98,0.0,0.23,18.0,0.0,0.0,1.0,0.5,80.0,27.0,4.0,0.0 
 10/31  05:00:00,12.566562509421372,5.222072405344273,12.497667951306687,0.005514246222243136,0.98,0.0,0.23,18.0,0.0,0.0,1.0,0.5,80.0,27.0,4.0,0.0 
 10/31  06:00:00,12.00014524915468,4.60723742001998,11.829501064005118,0.005280351071606213,0.98,0.0,0.23,18.0,0.0,0.0,1.0,0.5,80.0,27.0,4.0,0.0 
 10/31  07:00:00,11.501006431724065,4.156535808459709,11.422585377418102,0.0051145408481887665,0.85,0.0,0.23,18.0,0.0,0.0,1.0,0.5,80.0,27.0,4.0,0.0 
 10/31  08:00:00,14.2603812791786,3.702841533330579,13.486571467700678,0.004952347722444206,0.65,0.0,0.23,12.0,0.0,0.0,0.0,0.5,80.0,37.0,4.0,0.0 
 10/31  09:00:00,18.91124807461874,3.7637720455382446,17.80518315745705,0.004973527639865616,0.1,0.0,0.23,18.0,0.0,0.0,0.0,0.0,120.0,37.0,4.0,0.0 
 10/31  10:00:00,23.86464051098006,3.8589295875939564,22.708233645044658,0.00500698517323115,0.1,0.0,0.23,18.0,0.0,0.0,0.0,0.0,120.0,37.0,4.0,0.0 
 10/31  11:00:00,27.40220522369744,4.018438993660792,26.610050150098523,0.005063690555450959,0.1,0.0,0.23,18.0,0.0,0.0,0.0,0.0,120.0,37.0,4.0,0.0 
 10/31  12:00:00,29.426390323792237,4.226839229768411,28.661710770247268,0.005138718737678729,0.1,0.0,0.23,18.0,0.0,0.0,0.0,0.0,120.0,37.0,4.0,0.0 
 10/31  13:00:00,30.71984855157455,4.4584828587261,30.74627439385344,0.005223255246222371,0.1,0.0,0.69,18.0,0.0,0.0,0.0,0.0,120.0,37.0,4.0,0.0 
 10/31  14:00:00,32.411913341357035,4.716155348772753,32.22463950797592,0.005319634417161144,0.1,0.0,0.69,18.0,0.0,0.0,0.0,0.0,120.0,37.0,4.0,0.0 
 10/31  15:00:00,33.314950134607436,4.970684662435883,32.9239662393696,0.005416403866417766,0.1,0.0,0.23,18.0,0.0,0.0,0.0,0.0,120.0,37.0,4.0,0.0 
 10/31  16:00:00,32.02514654750284,5.566344797968215,32.25936249009143,0.005648351904306379,0.1,0.0,0.23,18.0,0.0,0.0,0.0,0.0,120.0,37.0,4.0,0.0 
 10/31  17:00:00,28.33537323451918,5.807469141264513,29.084270748558417,0.005745061787334414,0.1,0.0,0.23,18.0,0.0,0.0,0.0,0.0,120.0,37.0,4.0,0.0 
 10/31  18:00:00,23.16144407167452,5.859379171921223,23.697602950923404,0.005766527589388499,0.75,0.0,0.23,18.0,0.0,0.0,0.0,0.5,120.0,37.0,4.0,0.0 
 10/31  19:00:00,19.881242772683404,4.9674868930117055,20.380320314944175,0.00541740666770153,0.75,0.0,0.23,18.0,0.0,0.0,0.0,0.5,80.0,37.0,4.0,0.0 
 10/31  20:00:00,17.847157311863967,4.178954271987991,19.601011954734012,0.005124662602913496,0.9,1.0,0.23,18.0,0.0,0.0,1.0,0.5,80.0,27.0,4.0,0.0 
 10/31  21:00:00,17.150895227114624,3.0795701261503994,19.427237569577123,0.004739912551740078,0.9,1.0,1.0,18.0,0.0,0.0,1.0,0.5,80.0,27.0,4.0,0.0 
 10/31  22:00:00,17.089021899139469,2.9843488191059544,19.1950870150886915,0.004708125367994711,0.9,1,1,18,0,0,1,0.5,80,27,4,0
 10/31  23:00:00,17.027148571164314,2.8891275120615094,18.96293646060026,0.004676338184249344,0.9,1.0,1.0,18.0,0.0,0.0,1.0,0.5,80.0,27.0,4.0,0.0 
 10/31  24:00:00,16.42118552293826,2.1511717019574785,18.386259111806993,0.004435881198300481,0.95,1.0,1.0,18.0,0.0,0.0,1.0,0.5,80.0,27.0,4.0,0.0 
