Date/Time,Electricity:Facility [J](Hourly),Electricity:Building [J](Hourly) 
 05/01  01:00:00,541635.4860575137,541635.4860575137 
 05/01  02:00:00,541635.4860575137,541635.4860575137 
 05/01  03:00:00,541635.4860575137,541635.4860575137 
 05/01  04:00:00,595813.6993688898,541635.4860575137 
 05/01  05:00:00,758348.3393030182,541635.4860575137 
 05/01  06:00:00,758348.3393030181,541635.4860575137 
 05/01  07:00:00,603553.4441276578,541635.4860575137 
 05/01  08:00:00,541635.4860575137,541635.4860575137 
 05/01  09:00:00,541635.4860575137,541635.4860575137 
 05/01  10:00:00,541635.4860575137,541635.4860575137 
 05/01  11:00:00,541635.4860575137,541635.4860575137 
 05/01  12:00:00,541635.4860575137,541635.4860575137 
 05/01  13:00:00,1624906.458172541,1624906.458172541 
 05/01  14:00:00,1624906.458172541,1624906.458172541 
 05/01  15:00:00,541635.4860575137,541635.4860575137 
 05/01  16:00:00,541635.4860575137,541635.4860575137 
 05/01  17:00:00,541635.4860575137,541635.4860575137 
 05/01  18:00:00,541635.4860575137,541635.4860575137 
 05/01  19:00:00,541635.4860575137,541635.4860575137 
 05/01  20:00:00,3755540.7522694976,3538827.8990239934 
 05/01  21:00:00,5404991.827519538,5352129.308868714 
 05/01  22:00:00,5352129.308868714,5352129.308868714 
 05/01  23:00:00,5352129.308868714,5352129.308868714 
 05/01  24:00:00,5352129.308868714,5352129.308868714 
 05/02  01:00:00,541635.4860575137,541635.4860575137 
 05/02  02:00:00,541635.4860575137,541635.4860575137 
 05/02  03:00:00,541635.4860575137,541635.4860575137 
 05/02  04:00:00,613873.1038060152,541635.4860575137 
 05/02  05:00:00,758348.3393030181,541635.4860575137 
 05/02  06:00:00,758348.3393030182,541635.4860575137 
 05/02  07:00:00,572594.4650925858,541635.4860575137 
 05/02  08:00:00,541635.4860575137,541635.4860575137 
 05/02  09:00:00,541635.4860575137,541635.4860575137 
 05/02  10:00:00,541635.4860575137,541635.4860575137 
 05/02  11:00:00,541635.4860575137,541635.4860575137 
 05/02  12:00:00,541635.4860575137,541635.4860575137 
 05/02  13:00:00,1624906.458172541,1624906.458172541 
 05/02  14:00:00,1624906.458172541,1624906.458172541 
 05/02  15:00:00,541635.4860575137,541635.4860575137 
 05/02  16:00:00,541635.4860575137,541635.4860575137 
 05/02  17:00:00,541635.4860575137,541635.4860575137 
 05/02  18:00:00,541635.4860575137,541635.4860575137 
 05/02  19:00:00,541635.4860575137,541635.4860575137 
 05/02  20:00:00,3755540.7522694976,3538827.8990239934 
 05/02  21:00:00,5568842.162114218,5352129.308868714 
 05/02  22:00:00,5352129.308868714,5352129.308868714 
 05/02  23:00:00,5411524.933080705,5352129.308868714 
 05/02  24:00:00,5568842.162114218,5352129.308868714 
 05/03  01:00:00,541635.4860575137,541635.4860575137 
 05/03  02:00:00,541635.4860575137,541635.4860575137 
 05/03  03:00:00,541635.4860575137,541635.4860575137 
 05/03  04:00:00,541635.4860575137,541635.4860575137 
 05/03  05:00:00,541635.4860575137,541635.4860575137 
 05/03  06:00:00,541635.4860575137,541635.4860575137 
 05/03  07:00:00,541635.4860575137,541635.4860575137 
 05/03  08:00:00,541635.4860575137,541635.4860575137 
 05/03  09:00:00,541635.4860575137,541635.4860575137 
 05/03  10:00:00,541635.4860575137,541635.4860575137 
 05/03  11:00:00,541635.4860575137,541635.4860575137 
 05/03  12:00:00,541635.4860575137,541635.4860575137 
 05/03  13:00:00,1624906.458172541,1624906.458172541 
 05/03  14:00:00,1624906.458172541,1624906.458172541 
 05/03  15:00:00,541635.4860575137,541635.4860575137 
 05/03  16:00:00,541635.4860575137,541635.4860575137 
 05/03  17:00:00,541635.4860575137,541635.4860575137 
 05/03  18:00:00,541635.4860575137,541635.4860575137 
 05/03  19:00:00,541635.4860575137,541635.4860575137 
 05/03  20:00:00,3755540.7522694976,3538827.8990239934 
 05/03  21:00:00,5568842.162114218,5352129.308868714 
 05/03  22:00:00,5481938.305547299,5352129.308868714 
 05/03  23:00:00,5568842.162114218,5352129.308868714 
 05/03  24:00:00,5568842.162114218,5352129.308868714 
 05/04  01:00:00,541635.4860575137,541635.4860575137 
 05/04  02:00:00,541635.4860575137,541635.4860575137 
 05/04  03:00:00,541635.4860575137,541635.4860575137 
 05/04  04:00:00,541635.4860575137,541635.4860575137 
 05/04  05:00:00,541635.4860575137,541635.4860575137 
 05/04  06:00:00,541635.4860575137,541635.4860575137 
 05/04  07:00:00,541635.4860575137,541635.4860575137 
 05/04  08:00:00,541635.4860575137,541635.4860575137 
 05/04  09:00:00,541635.4860575137,541635.4860575137 
 05/04  10:00:00,541635.4860575137,541635.4860575137 
 05/04  11:00:00,541635.4860575137,541635.4860575137 
 05/04  12:00:00,541635.4860575137,541635.4860575137 
 05/04  13:00:00,1624906.458172541,1624906.458172541 
 05/04  14:00:00,1624906.458172541,1624906.458172541 
 05/04  15:00:00,541635.4860575137,541635.4860575137 
 05/04  16:00:00,541635.4860575137,541635.4860575137 
 05/04  17:00:00,541635.4860575137,541635.4860575137 
 05/04  18:00:00,541635.4860575137,541635.4860575137 
 05/04  19:00:00,541635.4860575137,541635.4860575137 
 05/04  20:00:00,3755540.7522694976,3538827.8990239934 
 05/04  21:00:00,5568842.162114218,5352129.308868714 
 05/04  22:00:00,5375504.903368352,5352129.308868714 
 05/04  23:00:00,5487421.958362715,5352129.308868714 
 05/04  24:00:00,5568842.162114218,5352129.308868714 
 05/05  01:00:00,541635.4860575137,541635.4860575137 
 05/05  02:00:00,541635.4860575137,541635.4860575137 
 05/05  03:00:00,541635.4860575137,541635.4860575137 
 05/05  04:00:00,541635.4860575137,541635.4860575137 
 05/05  05:00:00,541635.4860575137,541635.4860575137 
 05/05  06:00:00,541635.4860575137,541635.4860575137 
 05/05  07:00:00,541635.4860575137,541635.4860575137 
 05/05  08:00:00,541635.4860575137,541635.4860575137 
 05/05  09:00:00,541635.4860575137,541635.4860575137 
 05/05  10:00:00,541635.4860575137,541635.4860575137 
 05/05  11:00:00,541635.4860575137,541635.4860575137 
 05/05  12:00:00,541635.4860575137,541635.4860575137 
 05/05  13:00:00,1624906.458172541,1624906.458172541 
 05/05  14:00:00,1624906.458172541,1624906.458172541 
 05/05  15:00:00,541635.4860575137,541635.4860575137 
 05/05  16:00:00,541635.4860575137,541635.4860575137 
 05/05  17:00:00,541635.4860575137,541635.4860575137 
 05/05  18:00:00,541635.4860575137,541635.4860575137 
 05/05  19:00:00,541635.4860575137,541635.4860575137 
 05/05  20:00:00,3755540.7522694976,3538827.8990239934 
 05/05  21:00:00,5568842.162114218,5352129.308868714 
 05/05  22:00:00,5489646.954282843,5352129.308868714 
 05/05  23:00:00,5568842.162114218,5352129.308868714 
 05/05  24:00:00,5568842.162114218,5352129.308868714 
 05/06  01:00:00,541635.4860575137,541635.4860575137 
 05/06  02:00:00,541635.4860575137,541635.4860575137 
 05/06  03:00:00,541635.4860575137,541635.4860575137 
 05/06  04:00:00,541635.4860575137,541635.4860575137 
 05/06  05:00:00,541635.4860575137,541635.4860575137 
 05/06  06:00:00,541635.4860575137,541635.4860575137 
 05/06  07:00:00,541635.4860575137,541635.4860575137 
 05/06  08:00:00,738647.1708261541,541635.4860575137 
 05/06  09:00:00,758348.3393030181,541635.4860575137 
 05/06  10:00:00,758348.3393030181,541635.4860575137 
 05/06  11:00:00,758348.3393030182,541635.4860575137 
 05/06  12:00:00,758348.3393030182,541635.4860575137 
 05/06  13:00:00,1841619.3114180455,1624906.458172541 
 05/06  14:00:00,1841619.3114180455,1624906.458172541 
 05/06  15:00:00,758348.3393030182,541635.4860575137 
 05/06  16:00:00,758348.3393030181,541635.4860575137 
 05/06  17:00:00,758348.3393030182,541635.4860575137 
 05/06  18:00:00,758348.3393030181,541635.4860575137 
 05/06  19:00:00,541635.4860575137,541635.4860575137 
 05/06  20:00:00,3631205.383911973,3538827.8990239934 
 05/06  21:00:00,5568842.162114218,5352129.308868714 
 05/06  22:00:00,5352129.308868714,5352129.308868714 
 05/06  23:00:00,5370579.041634042,5352129.308868714 
 05/06  24:00:00,5503438.627474598,5352129.308868714 
 05/07  01:00:00,541635.4860575137,541635.4860575137 
 05/07  02:00:00,541635.4860575137,541635.4860575137 
 05/07  03:00:00,541635.4860575137,541635.4860575137 
 05/07  04:00:00,541635.4860575137,541635.4860575137 
 05/07  05:00:00,541635.4860575137,541635.4860575137 
 05/07  06:00:00,541635.4860575137,541635.4860575137 
 05/07  07:00:00,541635.4860575137,541635.4860575137 
 05/07  08:00:00,541635.4860575137,541635.4860575137 
 05/07  09:00:00,541635.4860575137,541635.4860575137 
 05/07  10:00:00,686110.7215545167,541635.4860575137 
 05/07  11:00:00,758348.3393030181,541635.4860575137 
 05/07  12:00:00,758348.3393030181,541635.4860575137 
 05/07  13:00:00,1841619.3114180455,1624906.458172541 
 05/07  14:00:00,1841619.3114180455,1624906.458172541 
 05/07  15:00:00,758348.3393030182,541635.4860575137 
 05/07  16:00:00,758348.3393030181,541635.4860575137 
 05/07  17:00:00,758348.3393030182,541635.4860575137 
 05/07  18:00:00,758348.3393030182,541635.4860575137 
 05/07  19:00:00,758348.3393030182,541635.4860575137 
 05/07  20:00:00,3755540.7522694976,3538827.8990239934 
 05/07  21:00:00,5568842.162114218,5352129.308868714 
 05/07  22:00:00,5568842.162114218,5352129.308868714 
 05/07  23:00:00,5568842.162114218,5352129.308868714 
 05/07  24:00:00,5568842.162114218,5352129.308868714 
 05/08  01:00:00,577754.2949317645,541635.4860575137 
 05/08  02:00:00,541635.4860575137,541635.4860575137 
 05/08  03:00:00,541635.4860575137,541635.4860575137 
 05/08  04:00:00,541635.4860575137,541635.4860575137 
 05/08  05:00:00,541635.4860575137,541635.4860575137 
 05/08  06:00:00,541635.4860575137,541635.4860575137 
 05/08  07:00:00,541635.4860575137,541635.4860575137 
 05/08  08:00:00,541635.4860575137,541635.4860575137 
 05/08  09:00:00,541635.4860575137,541635.4860575137 
 05/08  10:00:00,541635.4860575137,541635.4860575137 
 05/08  11:00:00,541635.4860575137,541635.4860575137 
 05/08  12:00:00,541635.4860575137,541635.4860575137 
 05/08  13:00:00,1624906.458172541,1624906.458172541 
 05/08  14:00:00,1624906.458172541,1624906.458172541 
 05/08  15:00:00,541635.4860575137,541635.4860575137 
 05/08  16:00:00,541635.4860575137,541635.4860575137 
 05/08  17:00:00,541635.4860575137,541635.4860575137 
 05/08  18:00:00,541635.4860575137,541635.4860575137 
 05/08  19:00:00,541635.4860575137,541635.4860575137 
 05/08  20:00:00,3755540.7522694976,3538827.8990239934 
 05/08  21:00:00,5568842.162114218,5352129.308868714 
 05/08  22:00:00,5568842.162114218,5352129.308868714 
 05/08  23:00:00,5568842.162114218,5352129.308868714 
 05/08  24:00:00,5568842.162114218,5352129.308868714 
 05/09  01:00:00,541635.4860575137,541635.4860575137 
 05/09  02:00:00,541635.4860575137,541635.4860575137 
 05/09  03:00:00,541635.4860575137,541635.4860575137 
 05/09  04:00:00,541635.4860575137,541635.4860575137 
 05/09  05:00:00,541635.4860575137,541635.4860575137 
 05/09  06:00:00,541635.4860575137,541635.4860575137 
 05/09  07:00:00,541635.4860575137,541635.4860575137 
 05/09  08:00:00,541635.4860575137,541635.4860575137 
 05/09  09:00:00,541635.4860575137,541635.4860575137 
 05/09  10:00:00,541635.4860575137,541635.4860575137 
 05/09  11:00:00,541635.4860575137,541635.4860575137 
 05/09  12:00:00,541635.4860575137,541635.4860575137 
 05/09  13:00:00,1624906.458172541,1624906.458172541 
 05/09  14:00:00,1624906.458172541,1624906.458172541 
 05/09  15:00:00,541635.4860575137,541635.4860575137 
 05/09  16:00:00,541635.4860575137,541635.4860575137 
 05/09  17:00:00,541635.4860575137,541635.4860575137 
 05/09  18:00:00,541635.4860575137,541635.4860575137 
 05/09  19:00:00,541635.4860575137,541635.4860575137 
 05/09  20:00:00,3755540.7522694976,3538827.8990239934 
 05/09  21:00:00,5568842.162114218,5352129.308868714 
 05/09  22:00:00,5568842.162114218,5352129.308868714 
 05/09  23:00:00,5568842.162114218,5352129.308868714 
 05/09  24:00:00,5568842.162114218,5352129.308868714 
 05/10  01:00:00,589793.8978898481,541635.4860575137 
 05/10  02:00:00,541635.4860575137,541635.4860575137 
 05/10  03:00:00,541635.4860575137,541635.4860575137 
 05/10  04:00:00,541635.4860575137,541635.4860575137 
 05/10  05:00:00,541635.4860575137,541635.4860575137 
 05/10  06:00:00,541635.4860575137,541635.4860575137 
 05/10  07:00:00,541635.4860575137,541635.4860575137 
 05/10  08:00:00,541635.4860575137,541635.4860575137 
 05/10  09:00:00,541635.4860575137,541635.4860575137 
 05/10  10:00:00,541635.4860575137,541635.4860575137 
 05/10  11:00:00,541635.4860575137,541635.4860575137 
 05/10  12:00:00,541635.4860575137,541635.4860575137 
 05/10  13:00:00,1624906.458172541,1624906.458172541 
 05/10  14:00:00,1624906.458172541,1624906.458172541 
 05/10  15:00:00,541635.4860575137,541635.4860575137 
 05/10  16:00:00,541635.4860575137,541635.4860575137 
 05/10  17:00:00,541635.4860575137,541635.4860575137 
 05/10  18:00:00,541635.4860575137,541635.4860575137 
 05/10  19:00:00,541635.4860575137,541635.4860575137 
 05/10  20:00:00,3755540.7522694976,3538827.8990239934 
 05/10  21:00:00,5568842.162114218,5352129.308868714 
 05/10  22:00:00,5568842.162114218,5352129.308868714 
 05/10  23:00:00,5568842.162114218,5352129.308868714 
 05/10  24:00:00,5568842.162114218,5352129.308868714 
 05/11  01:00:00,565714.6919736809,541635.4860575137 
 05/11  02:00:00,541635.4860575137,541635.4860575137 
 05/11  03:00:00,541635.4860575137,541635.4860575137 
 05/11  04:00:00,541635.4860575137,541635.4860575137 
 05/11  05:00:00,541635.4860575137,541635.4860575137 
 05/11  06:00:00,541635.4860575137,541635.4860575137 
 05/11  07:00:00,541635.4860575137,541635.4860575137 
 05/11  08:00:00,541635.4860575137,541635.4860575137 
 05/11  09:00:00,541635.4860575137,541635.4860575137 
 05/11  10:00:00,541635.4860575137,541635.4860575137 
 05/11  11:00:00,541635.4860575137,541635.4860575137 
 05/11  12:00:00,541635.4860575137,541635.4860575137 
 05/11  13:00:00,1624906.458172541,1624906.458172541 
 05/11  14:00:00,1624906.458172541,1624906.458172541 
 05/11  15:00:00,541635.4860575137,541635.4860575137 
 05/11  16:00:00,541635.4860575137,541635.4860575137 
 05/11  17:00:00,541635.4860575137,541635.4860575137 
 05/11  18:00:00,541635.4860575137,541635.4860575137 
 05/11  19:00:00,541635.4860575137,541635.4860575137 
 05/11  20:00:00,3755540.7522694976,3538827.8990239934 
 05/11  21:00:00,5568842.162114218,5352129.308868714 
 05/11  22:00:00,5568842.162114218,5352129.308868714 
 05/11  23:00:00,5568842.162114218,5352129.308868714 
 05/11  24:00:00,5568842.162114218,5352129.308868714 
 05/12  01:00:00,595813.6993688898,541635.4860575137 
 05/12  02:00:00,541635.4860575137,541635.4860575137 
 05/12  03:00:00,541635.4860575137,541635.4860575137 
 05/12  04:00:00,541635.4860575137,541635.4860575137 
 05/12  05:00:00,541635.4860575137,541635.4860575137 
 05/12  06:00:00,541635.4860575137,541635.4860575137 
 05/12  07:00:00,541635.4860575137,541635.4860575137 
 05/12  08:00:00,541635.4860575137,541635.4860575137 
 05/12  09:00:00,541635.4860575137,541635.4860575137 
 05/12  10:00:00,541635.4860575137,541635.4860575137 
 05/12  11:00:00,541635.4860575137,541635.4860575137 
 05/12  12:00:00,541635.4860575137,541635.4860575137 
 05/12  13:00:00,1624906.458172541,1624906.458172541 
 05/12  14:00:00,1624906.458172541,1624906.458172541 
 05/12  15:00:00,541635.4860575137,541635.4860575137 
 05/12  16:00:00,541635.4860575137,541635.4860575137 
 05/12  17:00:00,541635.4860575137,541635.4860575137 
 05/12  18:00:00,541635.4860575137,541635.4860575137 
 05/12  19:00:00,541635.4860575137,541635.4860575137 
 05/12  20:00:00,3755540.7522694976,3538827.8990239934 
 05/12  21:00:00,5568842.162114218,5352129.308868714 
 05/12  22:00:00,5568842.162114218,5352129.308868714 
 05/12  23:00:00,5568842.162114218,5352129.308868714 
 05/12  24:00:00,5568842.162114218,5352129.308868714 
 05/13  01:00:00,645429.8197189687,541635.4860575137 
 05/13  02:00:00,557148.7729862278,541635.4860575137 
 05/13  03:00:00,541635.4860575137,541635.4860575137 
 05/13  04:00:00,541635.4860575137,541635.4860575137 
 05/13  05:00:00,541635.4860575137,541635.4860575137 
 05/13  06:00:00,541635.4860575137,541635.4860575137 
 05/13  07:00:00,670663.4843096207,541635.4860575137 
 05/13  08:00:00,758348.3393030181,541635.4860575137 
 05/13  09:00:00,758348.3393030181,541635.4860575137 
 05/13  10:00:00,758348.3393030181,541635.4860575137 
 05/13  11:00:00,758348.3393030182,541635.4860575137 
 05/13  12:00:00,758348.3393030182,541635.4860575137 
 05/13  13:00:00,1841619.3114180455,1624906.458172541 
 05/13  14:00:00,1841619.3114180455,1624906.458172541 
 05/13  15:00:00,758348.3393030182,541635.4860575137 
 05/13  16:00:00,758348.3393030182,541635.4860575137 
 05/13  17:00:00,758348.3393030182,541635.4860575137 
 05/13  18:00:00,758348.3393030181,541635.4860575137 
 05/13  19:00:00,758348.3393030182,541635.4860575137 
 05/13  20:00:00,3755540.7522694976,3538827.8990239934 
 05/13  21:00:00,5568842.162114218,5352129.308868714 
 05/13  22:00:00,5568842.162114218,5352129.308868714 
 05/13  23:00:00,5568842.162114218,5352129.308868714 
 05/13  24:00:00,5568842.162114218,5352129.308868714 
 05/14  01:00:00,758348.3393030181,541635.4860575137 
 05/14  02:00:00,541635.4860575137,541635.4860575137 
 05/14  03:00:00,541635.4860575137,541635.4860575137 
 05/14  04:00:00,541635.4860575137,541635.4860575137 
 05/14  05:00:00,541635.4860575137,541635.4860575137 
 05/14  06:00:00,541635.4860575137,541635.4860575137 
 05/14  07:00:00,607275.6879493824,541635.4860575137 
 05/14  08:00:00,758348.3393030182,541635.4860575137 
 05/14  09:00:00,758348.3393030181,541635.4860575137 
 05/14  10:00:00,758348.3393030181,541635.4860575137 
 05/14  11:00:00,758348.3393030182,541635.4860575137 
 05/14  12:00:00,758348.3393030182,541635.4860575137 
 05/14  13:00:00,1841619.3114180455,1624906.458172541 
 05/14  14:00:00,1841619.3114180455,1624906.458172541 
 05/14  15:00:00,758348.3393030182,541635.4860575137 
 05/14  16:00:00,758348.3393030182,541635.4860575137 
 05/14  17:00:00,758348.3393030182,541635.4860575137 
 05/14  18:00:00,758348.3393030181,541635.4860575137 
 05/14  19:00:00,758348.3393030182,541635.4860575137 
 05/14  20:00:00,3755540.7522694976,3538827.8990239934 
 05/14  21:00:00,5568842.162114218,5352129.308868714 
 05/14  22:00:00,5568842.162114218,5352129.308868714 
 05/14  23:00:00,5568842.162114218,5352129.308868714 
 05/14  24:00:00,5568842.162114218,5352129.308868714 
 05/15  01:00:00,758348.3393030182,541635.4860575137 
 05/15  02:00:00,541635.4860575137,541635.4860575137 
 05/15  03:00:00,541635.4860575137,541635.4860575137 
 05/15  04:00:00,541635.4860575137,541635.4860575137 
 05/15  05:00:00,541635.4860575137,541635.4860575137 
 05/15  06:00:00,541635.4860575137,541635.4860575137 
 05/15  07:00:00,704170.125991642,541635.4860575137 
 05/15  08:00:00,541635.4860575137,541635.4860575137 
 05/15  09:00:00,541635.4860575137,541635.4860575137 
 05/15  10:00:00,541635.4860575137,541635.4860575137 
 05/15  11:00:00,541635.4860575137,541635.4860575137 
 05/15  12:00:00,541635.4860575137,541635.4860575137 
 05/15  13:00:00,1624906.458172541,1624906.458172541 
 05/15  14:00:00,1624906.458172541,1624906.458172541 
 05/15  15:00:00,541635.4860575137,541635.4860575137 
 05/15  16:00:00,541635.4860575137,541635.4860575137 
 05/15  17:00:00,541635.4860575137,541635.4860575137 
 05/15  18:00:00,541635.4860575137,541635.4860575137 
 05/15  19:00:00,541635.4860575137,541635.4860575137 
 05/15  20:00:00,3755540.7522694976,3538827.8990239934 
 05/15  21:00:00,5568842.162114218,5352129.308868714 
 05/15  22:00:00,5568842.162114218,5352129.308868714 
 05/15  23:00:00,5568842.162114218,5352129.308868714 
 05/15  24:00:00,5568842.162114218,5352129.308868714 
 05/16  01:00:00,758348.3393030182,541635.4860575137 
 05/16  02:00:00,685994.3444022487,541635.4860575137 
 05/16  03:00:00,560504.7251177826,541635.4860575137 
 05/16  04:00:00,541635.4860575137,541635.4860575137 
 05/16  05:00:00,541635.4860575137,541635.4860575137 
 05/16  06:00:00,541635.4860575137,541635.4860575137 
 05/16  07:00:00,541635.4860575137,541635.4860575137 
 05/16  08:00:00,541635.4860575137,541635.4860575137 
 05/16  09:00:00,541635.4860575137,541635.4860575137 
 05/16  10:00:00,541635.4860575137,541635.4860575137 
 05/16  11:00:00,541635.4860575137,541635.4860575137 
 05/16  12:00:00,541635.4860575137,541635.4860575137 
 05/16  13:00:00,1624906.458172541,1624906.458172541 
 05/16  14:00:00,1624906.458172541,1624906.458172541 
 05/16  15:00:00,541635.4860575137,541635.4860575137 
 05/16  16:00:00,541635.4860575137,541635.4860575137 
 05/16  17:00:00,541635.4860575137,541635.4860575137 
 05/16  18:00:00,541635.4860575137,541635.4860575137 
 05/16  19:00:00,541635.4860575137,541635.4860575137 
 05/16  20:00:00,3755540.7522694976,3538827.8990239934 
 05/16  21:00:00,5568842.162114218,5352129.308868714 
 05/16  22:00:00,5568842.162114218,5352129.308868714 
 05/16  23:00:00,5568842.162114218,5352129.308868714 
 05/16  24:00:00,5568842.162114218,5352129.308868714 
 05/17  01:00:00,616928.3855013779,541635.4860575137 
 05/17  02:00:00,541635.4860575137,541635.4860575137 
 05/17  03:00:00,541635.4860575137,541635.4860575137 
 05/17  04:00:00,541635.4860575137,541635.4860575137 
 05/17  05:00:00,541635.4860575137,541635.4860575137 
 05/17  06:00:00,541635.4860575137,541635.4860575137 
 05/17  07:00:00,541635.4860575137,541635.4860575137 
 05/17  08:00:00,541635.4860575137,541635.4860575137 
 05/17  09:00:00,541635.4860575137,541635.4860575137 
 05/17  10:00:00,541635.4860575137,541635.4860575137 
 05/17  11:00:00,541635.4860575137,541635.4860575137 
 05/17  12:00:00,541635.4860575137,541635.4860575137 
 05/17  13:00:00,1624906.458172541,1624906.458172541 
 05/17  14:00:00,1624906.458172541,1624906.458172541 
 05/17  15:00:00,541635.4860575137,541635.4860575137 
 05/17  16:00:00,541635.4860575137,541635.4860575137 
 05/17  17:00:00,541635.4860575137,541635.4860575137 
 05/17  18:00:00,541635.4860575137,541635.4860575137 
 05/17  19:00:00,541635.4860575137,541635.4860575137 
 05/17  20:00:00,3755540.7522694976,3538827.8990239934 
 05/17  21:00:00,5568842.162114218,5352129.308868714 
 05/17  22:00:00,5568842.162114218,5352129.308868714 
 05/17  23:00:00,5568842.162114218,5352129.308868714 
 05/17  24:00:00,5568842.162114218,5352129.308868714 
 05/18  01:00:00,589793.8978898481,541635.4860575137 
 05/18  02:00:00,541635.4860575137,541635.4860575137 
 05/18  03:00:00,541635.4860575137,541635.4860575137 
 05/18  04:00:00,541635.4860575137,541635.4860575137 
 05/18  05:00:00,541635.4860575137,541635.4860575137 
 05/18  06:00:00,541635.4860575137,541635.4860575137 
 05/18  07:00:00,557338.8282316747,541635.4860575137 
 05/18  08:00:00,541635.4860575137,541635.4860575137 
 05/18  09:00:00,541635.4860575137,541635.4860575137 
 05/18  10:00:00,541635.4860575137,541635.4860575137 
 05/18  11:00:00,541635.4860575137,541635.4860575137 
 05/18  12:00:00,541635.4860575137,541635.4860575137 
 05/18  13:00:00,1624906.458172541,1624906.458172541 
 05/18  14:00:00,1624906.458172541,1624906.458172541 
 05/18  15:00:00,541635.4860575137,541635.4860575137 
 05/18  16:00:00,541635.4860575137,541635.4860575137 
 05/18  17:00:00,541635.4860575137,541635.4860575137 
 05/18  18:00:00,541635.4860575137,541635.4860575137 
 05/18  19:00:00,541635.4860575137,541635.4860575137 
 05/18  20:00:00,3755540.7522694976,3538827.8990239934 
 05/18  21:00:00,5568842.162114218,5352129.308868714 
 05/18  22:00:00,5568842.162114218,5352129.308868714 
 05/18  23:00:00,5568842.162114218,5352129.308868714 
 05/18  24:00:00,5568842.162114218,5352129.308868714 
 05/19  01:00:00,563306.7713820642,541635.4860575137 
 05/19  02:00:00,541635.4860575137,541635.4860575137 
 05/19  03:00:00,541635.4860575137,541635.4860575137 
 05/19  04:00:00,541635.4860575137,541635.4860575137 
 05/19  05:00:00,541635.4860575137,541635.4860575137 
 05/19  06:00:00,541635.4860575137,541635.4860575137 
 05/19  07:00:00,541635.4860575137,541635.4860575137 
 05/19  08:00:00,541635.4860575137,541635.4860575137 
 05/19  09:00:00,541635.4860575137,541635.4860575137 
 05/19  10:00:00,541635.4860575137,541635.4860575137 
 05/19  11:00:00,541635.4860575137,541635.4860575137 
 05/19  12:00:00,541635.4860575137,541635.4860575137 
 05/19  13:00:00,1624906.458172541,1624906.458172541 
 05/19  14:00:00,1624906.458172541,1624906.458172541 
 05/19  15:00:00,541635.4860575137,541635.4860575137 
 05/19  16:00:00,541635.4860575137,541635.4860575137 
 05/19  17:00:00,541635.4860575137,541635.4860575137 
 05/19  18:00:00,541635.4860575137,541635.4860575137 
 05/19  19:00:00,541635.4860575137,541635.4860575137 
 05/19  20:00:00,3755540.7522694976,3538827.8990239934 
 05/19  21:00:00,5568842.162114218,5352129.308868714 
 05/19  22:00:00,5424366.926617215,5352129.308868714 
 05/19  23:00:00,5568842.162114218,5352129.308868714 
 05/19  24:00:00,5568842.162114218,5352129.308868714 
 05/20  01:00:00,541635.4860575137,541635.4860575137 
 05/20  02:00:00,541635.4860575137,541635.4860575137 
 05/20  03:00:00,541635.4860575137,541635.4860575137 
 05/20  04:00:00,541635.4860575137,541635.4860575137 
 05/20  05:00:00,541635.4860575137,541635.4860575137 
 05/20  06:00:00,541635.4860575137,541635.4860575137 
 05/20  07:00:00,541635.4860575137,541635.4860575137 
 05/20  08:00:00,738647.1708261541,541635.4860575137 
 05/20  09:00:00,758348.3393030181,541635.4860575137 
 05/20  10:00:00,758348.3393030181,541635.4860575137 
 05/20  11:00:00,758348.3393030182,541635.4860575137 
 05/20  12:00:00,758348.3393030182,541635.4860575137 
 05/20  13:00:00,1841619.3114180455,1624906.458172541 
 05/20  14:00:00,1841619.3114180455,1624906.458172541 
 05/20  15:00:00,758348.3393030182,541635.4860575137 
 05/20  16:00:00,758348.3393030181,541635.4860575137 
 05/20  17:00:00,758348.3393030182,541635.4860575137 
 05/20  18:00:00,758348.3393030182,541635.4860575137 
 05/20  19:00:00,758348.3393030182,541635.4860575137 
 05/20  20:00:00,3755540.7522694976,3538827.8990239934 
 05/20  21:00:00,5568842.162114218,5352129.308868714 
 05/20  22:00:00,5382970.208112976,5352129.308868714 
 05/20  23:00:00,5568842.162114218,5352129.308868714 
 05/20  24:00:00,5568842.162114218,5352129.308868714 
 05/21  01:00:00,541635.4860575137,541635.4860575137 
 05/21  02:00:00,541635.4860575137,541635.4860575137 
 05/21  03:00:00,541635.4860575137,541635.4860575137 
 05/21  04:00:00,541635.4860575137,541635.4860575137 
 05/21  05:00:00,541635.4860575137,541635.4860575137 
 05/21  06:00:00,541635.4860575137,541635.4860575137 
 05/21  07:00:00,541635.4860575137,541635.4860575137 
 05/21  08:00:00,666860.367402996,541635.4860575137 
 05/21  09:00:00,758348.3393030182,541635.4860575137 
 05/21  10:00:00,758348.3393030182,541635.4860575137 
 05/21  11:00:00,758348.3393030182,541635.4860575137 
 05/21  12:00:00,758348.3393030181,541635.4860575137 
 05/21  13:00:00,1841619.3114180455,1624906.458172541 
 05/21  14:00:00,1841619.3114180455,1624906.458172541 
 05/21  15:00:00,758348.3393030181,541635.4860575137 
 05/21  16:00:00,758348.3393030181,541635.4860575137 
 05/21  17:00:00,758348.3393030182,541635.4860575137 
 05/21  18:00:00,758348.3393030182,541635.4860575137 
 05/21  19:00:00,758348.3393030182,541635.4860575137 
 05/21  20:00:00,3755540.7522694976,3538827.8990239934 
 05/21  21:00:00,5568842.162114218,5352129.308868714 
 05/21  22:00:00,5352129.308868714,5352129.308868714 
 05/21  23:00:00,5445738.461450861,5352129.308868714 
 05/21  24:00:00,5568842.162114218,5352129.308868714 
 05/22  01:00:00,541635.4860575137,541635.4860575137 
 05/22  02:00:00,541635.4860575137,541635.4860575137 
 05/22  03:00:00,541635.4860575137,541635.4860575137 
 05/22  04:00:00,541635.4860575137,541635.4860575137 
 05/22  05:00:00,541635.4860575137,541635.4860575137 
 05/22  06:00:00,541635.4860575137,541635.4860575137 
 05/22  07:00:00,541635.4860575137,541635.4860575137 
 05/22  08:00:00,541635.4860575137,541635.4860575137 
 05/22  09:00:00,541635.4860575137,541635.4860575137 
 05/22  10:00:00,541635.4860575137,541635.4860575137 
 05/22  11:00:00,541635.4860575137,541635.4860575137 
 05/22  12:00:00,541635.4860575137,541635.4860575137 
 05/22  13:00:00,1624906.458172541,1624906.458172541 
 05/22  14:00:00,1624906.458172541,1624906.458172541 
 05/22  15:00:00,541635.4860575137,541635.4860575137 
 05/22  16:00:00,541635.4860575137,541635.4860575137 
 05/22  17:00:00,541635.4860575137,541635.4860575137 
 05/22  18:00:00,541635.4860575137,541635.4860575137 
 05/22  19:00:00,541635.4860575137,541635.4860575137 
 05/22  20:00:00,3755540.7522694976,3538827.8990239934 
 05/22  21:00:00,5568842.162114218,5352129.308868714 
 05/22  22:00:00,5352129.308868714,5352129.308868714 
 05/22  23:00:00,5395471.879517814,5352129.308868714 
 05/22  24:00:00,5568842.162114218,5352129.308868714 
 05/23  01:00:00,541635.4860575137,541635.4860575137 
 05/23  02:00:00,541635.4860575137,541635.4860575137 
 05/23  03:00:00,541635.4860575137,541635.4860575137 
 05/23  04:00:00,649991.912680266,541635.4860575137 
 05/23  05:00:00,758348.3393030182,541635.4860575137 
 05/23  06:00:00,758348.3393030182,541635.4860575137 
 05/23  07:00:00,561336.6545343777,541635.4860575137 
 05/23  08:00:00,541635.4860575137,541635.4860575137 
 05/23  09:00:00,541635.4860575137,541635.4860575137 
 05/23  10:00:00,541635.4860575137,541635.4860575137 
 05/23  11:00:00,541635.4860575137,541635.4860575137 
 05/23  12:00:00,541635.4860575137,541635.4860575137 
 05/23  13:00:00,1624906.458172541,1624906.458172541 
 05/23  14:00:00,1624906.458172541,1624906.458172541 
 05/23  15:00:00,541635.4860575137,541635.4860575137 
 05/23  16:00:00,541635.4860575137,541635.4860575137 
 05/23  17:00:00,541635.4860575137,541635.4860575137 
 05/23  18:00:00,541635.4860575137,541635.4860575137 
 05/23  19:00:00,541635.4860575137,541635.4860575137 
 05/23  20:00:00,3755540.7522694976,3538827.8990239934 
 05/23  21:00:00,5568842.162114218,5352129.308868714 
 05/23  22:00:00,5352129.308868714,5352129.308868714 
 05/23  23:00:00,5352129.308868714,5352129.308868714 
 05/23  24:00:00,5460933.904900288,5352129.308868714 
 05/24  01:00:00,541635.4860575137,541635.4860575137 
 05/24  02:00:00,541635.4860575137,541635.4860575137 
 05/24  03:00:00,541635.4860575137,541635.4860575137 
 05/24  04:00:00,541635.4860575137,541635.4860575137 
 05/24  05:00:00,541635.4860575137,541635.4860575137 
 05/24  06:00:00,541635.4860575137,541635.4860575137 
 05/24  07:00:00,541635.4860575137,541635.4860575137 
 05/24  08:00:00,541635.4860575137,541635.4860575137 
 05/24  09:00:00,541635.4860575137,541635.4860575137 
 05/24  10:00:00,541635.4860575137,541635.4860575137 
 05/24  11:00:00,541635.4860575137,541635.4860575137 
 05/24  12:00:00,541635.4860575137,541635.4860575137 
 05/24  13:00:00,1624906.458172541,1624906.458172541 
 05/24  14:00:00,1624906.458172541,1624906.458172541 
 05/24  15:00:00,541635.4860575137,541635.4860575137 
 05/24  16:00:00,541635.4860575137,541635.4860575137 
 05/24  17:00:00,541635.4860575137,541635.4860575137 
 05/24  18:00:00,541635.4860575137,541635.4860575137 
 05/24  19:00:00,541635.4860575137,541635.4860575137 
 05/24  20:00:00,3538827.8990239934,3538827.8990239934 
 05/24  21:00:00,5352129.308868714,5352129.308868714 
 05/24  22:00:00,5352129.308868714,5352129.308868714 
 05/24  23:00:00,5352129.308868714,5352129.308868714 
 05/24  24:00:00,5352129.308868714,5352129.308868714 
 05/25  01:00:00,541635.4860575137,541635.4860575137 
 05/25  02:00:00,541635.4860575137,541635.4860575137 
 05/25  03:00:00,628320.6273557155,541635.4860575137 
 05/25  04:00:00,758348.3393030182,541635.4860575137 
 05/25  05:00:00,758348.3393030181,541635.4860575137 
 05/25  06:00:00,649991.912680266,541635.4860575137 
 05/25  07:00:00,541635.4860575137,541635.4860575137 
 05/25  08:00:00,541635.4860575137,541635.4860575137 
 05/25  09:00:00,541635.4860575137,541635.4860575137 
 05/25  10:00:00,541635.4860575137,541635.4860575137 
 05/25  11:00:00,541635.4860575137,541635.4860575137 
 05/25  12:00:00,541635.4860575137,541635.4860575137 
 05/25  13:00:00,1624906.458172541,1624906.458172541 
 05/25  14:00:00,1624906.458172541,1624906.458172541 
 05/25  15:00:00,541635.4860575137,541635.4860575137 
 05/25  16:00:00,541635.4860575137,541635.4860575137 
 05/25  17:00:00,541635.4860575137,541635.4860575137 
 05/25  18:00:00,541635.4860575137,541635.4860575137 
 05/25  19:00:00,541635.4860575137,541635.4860575137 
 05/25  20:00:00,3755540.7522694976,3538827.8990239934 
 05/25  21:00:00,5568842.162114218,5352129.308868714 
 05/25  22:00:00,5352129.308868714,5352129.308868714 
 05/25  23:00:00,5395471.879517814,5352129.308868714 
 05/25  24:00:00,5568842.162114218,5352129.308868714 
 05/26  01:00:00,541635.4860575137,541635.4860575137 
 05/26  02:00:00,541635.4860575137,541635.4860575137 
 05/26  03:00:00,541635.4860575137,541635.4860575137 
 05/26  04:00:00,541635.4860575137,541635.4860575137 
 05/26  05:00:00,613873.1038060152,541635.4860575137 
 05/26  06:00:00,541635.4860575137,541635.4860575137 
 05/26  07:00:00,541635.4860575137,541635.4860575137 
 05/26  08:00:00,541635.4860575137,541635.4860575137 
 05/26  09:00:00,541635.4860575137,541635.4860575137 
 05/26  10:00:00,541635.4860575137,541635.4860575137 
 05/26  11:00:00,541635.4860575137,541635.4860575137 
 05/26  12:00:00,541635.4860575137,541635.4860575137 
 05/26  13:00:00,1624906.458172541,1624906.458172541 
 05/26  14:00:00,1624906.458172541,1624906.458172541 
 05/26  15:00:00,541635.4860575137,541635.4860575137 
 05/26  16:00:00,541635.4860575137,541635.4860575137 
 05/26  17:00:00,541635.4860575137,541635.4860575137 
 05/26  18:00:00,541635.4860575137,541635.4860575137 
 05/26  19:00:00,541635.4860575137,541635.4860575137 
 05/26  20:00:00,3755540.7522694976,3538827.8990239934 
 05/26  21:00:00,5568842.162114218,5352129.308868714 
 05/26  22:00:00,5352129.308868714,5352129.308868714 
 05/26  23:00:00,5422257.531752581,5352129.308868714 
 05/26  24:00:00,5568842.162114218,5352129.308868714 
 05/27  01:00:00,541635.4860575137,541635.4860575137 
 05/27  02:00:00,541635.4860575137,541635.4860575137 
 05/27  03:00:00,541635.4860575137,541635.4860575137 
 05/27  04:00:00,541635.4860575137,541635.4860575137 
 05/27  05:00:00,541635.4860575137,541635.4860575137 
 05/27  06:00:00,541635.4860575137,541635.4860575137 
 05/27  07:00:00,541635.4860575137,541635.4860575137 
 05/27  08:00:00,712579.6292855225,541635.4860575137 
 05/27  09:00:00,758348.3393030182,541635.4860575137 
 05/27  10:00:00,758348.3393030181,541635.4860575137 
 05/27  11:00:00,758348.3393030182,541635.4860575137 
 05/27  12:00:00,758348.3393030181,541635.4860575137 
 05/27  13:00:00,1841619.3114180455,1624906.458172541 
 05/27  14:00:00,1841619.3114180455,1624906.458172541 
 05/27  15:00:00,758348.3393030181,541635.4860575137 
 05/27  16:00:00,758348.3393030181,541635.4860575137 
 05/27  17:00:00,758348.3393030181,541635.4860575137 
 05/27  18:00:00,758348.3393030182,541635.4860575137 
 05/27  19:00:00,758348.3393030182,541635.4860575137 
 05/27  20:00:00,3755540.7522694976,3538827.8990239934 
 05/27  21:00:00,5568842.162114218,5352129.308868714 
 05/27  22:00:00,5352129.308868714,5352129.308868714 
 05/27  23:00:00,5369266.835354311,5352129.308868714 
 05/27  24:00:00,5534836.959328481,5352129.308868714 
 05/28  01:00:00,541635.4860575137,541635.4860575137 
 05/28  02:00:00,541635.4860575137,541635.4860575137 
 05/28  03:00:00,541635.4860575137,541635.4860575137 
 05/28  04:00:00,541635.4860575137,541635.4860575137 
 05/28  05:00:00,541635.4860575137,541635.4860575137 
 05/28  06:00:00,541635.4860575137,541635.4860575137 
 05/28  07:00:00,541635.4860575137,541635.4860575137 
 05/28  08:00:00,541635.4860575137,541635.4860575137 
 05/28  09:00:00,541635.4860575137,541635.4860575137 
 05/28  10:00:00,541635.4860575137,541635.4860575137 
 05/28  11:00:00,686110.7215545167,541635.4860575137 
 05/28  12:00:00,758348.3393030182,541635.4860575137 
 05/28  13:00:00,1841619.3114180455,1624906.458172541 
 05/28  14:00:00,1841619.3114180455,1624906.458172541 
 05/28  15:00:00,758348.3393030182,541635.4860575137 
 05/28  16:00:00,758348.3393030182,541635.4860575137 
 05/28  17:00:00,758348.3393030181,541635.4860575137 
 05/28  18:00:00,584978.0567066146,541635.4860575137 
 05/28  19:00:00,541635.4860575137,541635.4860575137 
 05/28  20:00:00,3538827.8990239934,3538827.8990239934 
 05/28  21:00:00,5352129.308868714,5352129.308868714 
 05/28  22:00:00,5352129.308868714,5352129.308868714 
 05/28  23:00:00,5352129.308868714,5352129.308868714 
 05/28  24:00:00,5352129.308868714,5352129.308868714 
 05/29  01:00:00,541635.4860575137,541635.4860575137 
 05/29  02:00:00,603553.4441276578,541635.4860575137 
 05/29  03:00:00,758348.3393030181,541635.4860575137 
 05/29  04:00:00,758348.3393030182,541635.4860575137 
 05/29  05:00:00,758348.3393030182,541635.4860575137 
 05/29  06:00:00,758348.3393030182,541635.4860575137 
 05/29  07:00:00,758348.3393030182,541635.4860575137 
 05/29  08:00:00,541635.4860575137,541635.4860575137 
 05/29  09:00:00,541635.4860575137,541635.4860575137 
 05/29  10:00:00,541635.4860575137,541635.4860575137 
 05/29  11:00:00,541635.4860575137,541635.4860575137 
 05/29  12:00:00,541635.4860575137,541635.4860575137 
 05/29  13:00:00,1624906.458172541,1624906.458172541 
 05/29  14:00:00,1624906.458172541,1624906.458172541 
 05/29  15:00:00,541635.4860575137,541635.4860575137 
 05/29  16:00:00,541635.4860575137,541635.4860575137 
 05/29  17:00:00,541635.4860575137,541635.4860575137 
 05/29  18:00:00,541635.4860575137,541635.4860575137 
 05/29  19:00:00,541635.4860575137,541635.4860575137 
 05/29  20:00:00,3538827.8990239934,3538827.8990239934 
 05/29  21:00:00,5352129.308868714,5352129.308868714 
 05/29  22:00:00,5352129.308868714,5352129.308868714 
 05/29  23:00:00,5352129.308868714,5352129.308868714 
 05/29  24:00:00,5352129.308868714,5352129.308868714 
 05/30  01:00:00,541635.4860575137,541635.4860575137 
 05/30  02:00:00,686110.7215545167,541635.4860575137 
 05/30  03:00:00,758348.3393030181,541635.4860575137 
 05/30  04:00:00,758348.3393030181,541635.4860575137 
 05/30  05:00:00,758348.3393030182,541635.4860575137 
 05/30  06:00:00,758348.3393030182,541635.4860575137 
 05/30  07:00:00,600738.9914881059,541635.4860575137 
 05/30  08:00:00,541635.4860575137,541635.4860575137 
 05/30  09:00:00,541635.4860575137,541635.4860575137 
 05/30  10:00:00,541635.4860575137,541635.4860575137 
 05/30  11:00:00,541635.4860575137,541635.4860575137 
 05/30  12:00:00,541635.4860575137,541635.4860575137 
 05/30  13:00:00,1624906.458172541,1624906.458172541 
 05/30  14:00:00,1624906.458172541,1624906.458172541 
 05/30  15:00:00,541635.4860575137,541635.4860575137 
 05/30  16:00:00,541635.4860575137,541635.4860575137 
 05/30  17:00:00,541635.4860575137,541635.4860575137 
 05/30  18:00:00,541635.4860575137,541635.4860575137 
 05/30  19:00:00,541635.4860575137,541635.4860575137 
 05/30  20:00:00,3620768.820574475,3538827.8990239934 
 05/30  21:00:00,5407414.303666996,5352129.308868714 
 05/30  22:00:00,5352129.308868714,5352129.308868714 
 05/30  23:00:00,5352129.308868714,5352129.308868714 
 05/30  24:00:00,5352129.308868714,5352129.308868714 
 05/31  01:00:00,541635.4860575137,541635.4860575137 
 05/31  02:00:00,541635.4860575137,541635.4860575137 
 05/31  03:00:00,541635.4860575137,541635.4860575137 
 05/31  04:00:00,541635.4860575137,541635.4860575137 
 05/31  05:00:00,541635.4860575137,541635.4860575137 
 05/31  06:00:00,541635.4860575137,541635.4860575137 
 05/31  07:00:00,541635.4860575137,541635.4860575137 
 05/31  08:00:00,541635.4860575137,541635.4860575137 
 05/31  09:00:00,541635.4860575137,541635.4860575137 
 05/31  10:00:00,541635.4860575137,541635.4860575137 
 05/31  11:00:00,541635.4860575137,541635.4860575137 
 05/31  12:00:00,541635.4860575137,541635.4860575137 
 05/31  13:00:00,1624906.458172541,1624906.458172541 
 05/31  14:00:00,1624906.458172541,1624906.458172541 
 05/31  15:00:00,541635.4860575137,541635.4860575137 
 05/31  16:00:00,541635.4860575137,541635.4860575137 
 05/31  17:00:00,541635.4860575137,541635.4860575137 
 05/31  18:00:00,541635.4860575137,541635.4860575137 
 05/31  19:00:00,541635.4860575137,541635.4860575137 
 05/31  20:00:00,3755540.7522694976,3538827.8990239934 
 05/31  21:00:00,5568842.162114218,5352129.308868714 
 05/31  22:00:00,5477590.518990947,5352129.308868714 
 05/31  23:00:00,5568842.162114218,5352129.308868714 
 05/31  24:00:00,5568842.162114218,5352129.308868714 
 06/01  01:00:00,541635.4860575137,541635.4860575137 
 06/01  02:00:00,541635.4860575137,541635.4860575137 
 06/01  03:00:00,541635.4860575137,541635.4860575137 
 06/01  04:00:00,541635.4860575137,541635.4860575137 
 06/01  05:00:00,541635.4860575137,541635.4860575137 
 06/01  06:00:00,541635.4860575137,541635.4860575137 
 06/01  07:00:00,541635.4860575137,541635.4860575137 
 06/01  08:00:00,541635.4860575137,541635.4860575137 
 06/01  09:00:00,541635.4860575137,541635.4860575137 
 06/01  10:00:00,541635.4860575137,541635.4860575137 
 06/01  11:00:00,541635.4860575137,541635.4860575137 
 06/01  12:00:00,541635.4860575137,541635.4860575137 
 06/01  13:00:00,1624906.458172541,1624906.458172541 
 06/01  14:00:00,1624906.458172541,1624906.458172541 
 06/01  15:00:00,541635.4860575137,541635.4860575137 
 06/01  16:00:00,541635.4860575137,541635.4860575137 
 06/01  17:00:00,541635.4860575137,541635.4860575137 
 06/01  18:00:00,541635.4860575137,541635.4860575137 
 06/01  19:00:00,541635.4860575137,541635.4860575137 
 06/01  20:00:00,3755540.7522694976,3538827.8990239934 
 06/01  21:00:00,5568842.162114218,5352129.308868714 
 06/01  22:00:00,5352129.308868714,5352129.308868714 
 06/01  23:00:00,5394086.577078029,5352129.308868714 
 06/01  24:00:00,5555711.41485666,5352129.308868714 
 06/02  01:00:00,541635.4860575137,541635.4860575137 
 06/02  02:00:00,541635.4860575137,541635.4860575137 
 06/02  03:00:00,541635.4860575137,541635.4860575137 
 06/02  04:00:00,541635.4860575137,541635.4860575137 
 06/02  05:00:00,541635.4860575137,541635.4860575137 
 06/02  06:00:00,541635.4860575137,541635.4860575137 
 06/02  07:00:00,541635.4860575137,541635.4860575137 
 06/02  08:00:00,541635.4860575137,541635.4860575137 
 06/02  09:00:00,541635.4860575137,541635.4860575137 
 06/02  10:00:00,541635.4860575137,541635.4860575137 
 06/02  11:00:00,541635.4860575137,541635.4860575137 
 06/02  12:00:00,541635.4860575137,541635.4860575137 
 06/02  13:00:00,1624906.458172541,1624906.458172541 
 06/02  14:00:00,1624906.458172541,1624906.458172541 
 06/02  15:00:00,541635.4860575137,541635.4860575137 
 06/02  16:00:00,541635.4860575137,541635.4860575137 
 06/02  17:00:00,541635.4860575137,541635.4860575137 
 06/02  18:00:00,541635.4860575137,541635.4860575137 
 06/02  19:00:00,541635.4860575137,541635.4860575137 
 06/02  20:00:00,3755540.7522694976,3538827.8990239934 
 06/02  21:00:00,5568842.162114218,5352129.308868714 
 06/02  22:00:00,5489509.798717996,5352129.308868714 
 06/02  23:00:00,5568842.162114218,5352129.308868714 
 06/02  24:00:00,5568842.162114218,5352129.308868714 
 06/03  01:00:00,541635.4860575137,541635.4860575137 
 06/03  02:00:00,541635.4860575137,541635.4860575137 
 06/03  03:00:00,541635.4860575137,541635.4860575137 
 06/03  04:00:00,541635.4860575137,541635.4860575137 
 06/03  05:00:00,541635.4860575137,541635.4860575137 
 06/03  06:00:00,541635.4860575137,541635.4860575137 
 06/03  07:00:00,541635.4860575137,541635.4860575137 
 06/03  08:00:00,541635.4860575137,541635.4860575137 
 06/03  09:00:00,541635.4860575137,541635.4860575137 
 06/03  10:00:00,541635.4860575137,541635.4860575137 
 06/03  11:00:00,677081.019335954,541635.4860575137 
 06/03  12:00:00,758348.3393030182,541635.4860575137 
 06/03  13:00:00,1841619.3114180455,1624906.458172541 
 06/03  14:00:00,1841619.3114180455,1624906.458172541 
 06/03  15:00:00,758348.3393030182,541635.4860575137 
 06/03  16:00:00,758348.3393030181,541635.4860575137 
 06/03  17:00:00,758348.3393030182,541635.4860575137 
 06/03  18:00:00,758348.3393030182,541635.4860575137 
 06/03  19:00:00,758348.3393030181,541635.4860575137 
 06/03  20:00:00,3755540.7522694976,3538827.8990239934 
 06/03  21:00:00,5568842.162114218,5352129.308868714 
 06/03  22:00:00,5568842.162114218,5352129.308868714 
 06/03  23:00:00,5568842.162114218,5352129.308868714 
 06/03  24:00:00,5568842.162114218,5352129.308868714 
 06/04  01:00:00,542813.4585821106,541635.4860575137 
 06/04  02:00:00,541635.4860575137,541635.4860575137 
 06/04  03:00:00,541635.4860575137,541635.4860575137 
 06/04  04:00:00,541635.4860575137,541635.4860575137 
 06/04  05:00:00,541635.4860575137,541635.4860575137 
 06/04  06:00:00,541635.4860575137,541635.4860575137 
 06/04  07:00:00,600306.1481420067,541635.4860575137 
 06/04  08:00:00,758348.3393030182,541635.4860575137 
 06/04  09:00:00,758348.3393030182,541635.4860575137 
 06/04  10:00:00,758348.3393030182,541635.4860575137 
 06/04  11:00:00,758348.3393030182,541635.4860575137 
 06/04  12:00:00,758348.3393030182,541635.4860575137 
 06/04  13:00:00,1841619.3114180455,1624906.458172541 
 06/04  14:00:00,1841619.3114180455,1624906.458172541 
 06/04  15:00:00,758348.3393030181,541635.4860575137 
 06/04  16:00:00,758348.3393030181,541635.4860575137 
 06/04  17:00:00,758348.3393030182,541635.4860575137 
 06/04  18:00:00,758348.3393030181,541635.4860575137 
 06/04  19:00:00,758348.3393030182,541635.4860575137 
 06/04  20:00:00,3755540.7522694976,3538827.8990239934 
 06/04  21:00:00,5568842.162114218,5352129.308868714 
 06/04  22:00:00,5568842.162114218,5352129.308868714 
 06/04  23:00:00,5568842.162114218,5352129.308868714 
 06/04  24:00:00,5568842.162114218,5352129.308868714 
 06/05  01:00:00,618559.653741237,541635.4860575137 
 06/05  02:00:00,541635.4860575137,541635.4860575137 
 06/05  03:00:00,541635.4860575137,541635.4860575137 
 06/05  04:00:00,541635.4860575137,541635.4860575137 
 06/05  05:00:00,541635.4860575137,541635.4860575137 
 06/05  06:00:00,541635.4860575137,541635.4860575137 
 06/05  07:00:00,541635.4860575137,541635.4860575137 
 06/05  08:00:00,541635.4860575137,541635.4860575137 
 06/05  09:00:00,541635.4860575137,541635.4860575137 
 06/05  10:00:00,541635.4860575137,541635.4860575137 
 06/05  11:00:00,541635.4860575137,541635.4860575137 
 06/05  12:00:00,541635.4860575137,541635.4860575137 
 06/05  13:00:00,1624906.458172541,1624906.458172541 
 06/05  14:00:00,1624906.458172541,1624906.458172541 
 06/05  15:00:00,541635.4860575137,541635.4860575137 
 06/05  16:00:00,541635.4860575137,541635.4860575137 
 06/05  17:00:00,541635.4860575137,541635.4860575137 
 06/05  18:00:00,541635.4860575137,541635.4860575137 
 06/05  19:00:00,541635.4860575137,541635.4860575137 
 06/05  20:00:00,3755540.7522694976,3538827.8990239934 
 06/05  21:00:00,5568842.162114218,5352129.308868714 
 06/05  22:00:00,5568842.162114218,5352129.308868714 
 06/05  23:00:00,5568842.162114218,5352129.308868714 
 06/05  24:00:00,5568842.162114218,5352129.308868714 
 06/06  01:00:00,613873.1038060152,541635.4860575137 
 06/06  02:00:00,541635.4860575137,541635.4860575137 
 06/06  03:00:00,541635.4860575137,541635.4860575137 
 06/06  04:00:00,541635.4860575137,541635.4860575137 
 06/06  05:00:00,541635.4860575137,541635.4860575137 
 06/06  06:00:00,541635.4860575137,541635.4860575137 
 06/06  07:00:00,656853.3556794587,541635.4860575137 
 06/06  08:00:00,541635.4860575137,541635.4860575137 
 06/06  09:00:00,541635.4860575137,541635.4860575137 
 06/06  10:00:00,541635.4860575137,541635.4860575137 
 06/06  11:00:00,541635.4860575137,541635.4860575137 
 06/06  12:00:00,541635.4860575137,541635.4860575137 
 06/06  13:00:00,1624906.458172541,1624906.458172541 
 06/06  14:00:00,1624906.458172541,1624906.458172541 
 06/06  15:00:00,541635.4860575137,541635.4860575137 
 06/06  16:00:00,541635.4860575137,541635.4860575137 
 06/06  17:00:00,541635.4860575137,541635.4860575137 
 06/06  18:00:00,541635.4860575137,541635.4860575137 
 06/06  19:00:00,541635.4860575137,541635.4860575137 
 06/06  20:00:00,3755540.7522694976,3538827.8990239934 
 06/06  21:00:00,5568842.162114218,5352129.308868714 
 06/06  22:00:00,5568842.162114218,5352129.308868714 
 06/06  23:00:00,5568842.162114218,5352129.308868714 
 06/06  24:00:00,5568842.162114218,5352129.308868714 
 06/07  01:00:00,758348.3393030182,541635.4860575137 
 06/07  02:00:00,637407.6470895967,541635.4860575137 
 06/07  03:00:00,541635.4860575137,541635.4860575137 
 06/07  04:00:00,541635.4860575137,541635.4860575137 
 06/07  05:00:00,541635.4860575137,541635.4860575137 
 06/07  06:00:00,541635.4860575137,541635.4860575137 
 06/07  07:00:00,541635.4860575137,541635.4860575137 
 06/07  08:00:00,541635.4860575137,541635.4860575137 
 06/07  09:00:00,541635.4860575137,541635.4860575137 
 06/07  10:00:00,541635.4860575137,541635.4860575137 
 06/07  11:00:00,541635.4860575137,541635.4860575137 
 06/07  12:00:00,541635.4860575137,541635.4860575137 
 06/07  13:00:00,1624906.458172541,1624906.458172541 
 06/07  14:00:00,1624906.458172541,1624906.458172541 
 06/07  15:00:00,541635.4860575137,541635.4860575137 
 06/07  16:00:00,541635.4860575137,541635.4860575137 
 06/07  17:00:00,541635.4860575137,541635.4860575137 
 06/07  18:00:00,541635.4860575137,541635.4860575137 
 06/07  19:00:00,541635.4860575137,541635.4860575137 
 06/07  20:00:00,3550540.99614587,3538827.8990239934 
 06/07  21:00:00,5482517.629743312,5352129.308868714 
 06/07  22:00:00,5568842.162114218,5352129.308868714 
 06/07  23:00:00,5568842.162114218,5352129.308868714 
 06/07  24:00:00,5568842.162114218,5352129.308868714 
 06/08  01:00:00,541635.4860575137,541635.4860575137 
 06/08  02:00:00,541635.4860575137,541635.4860575137 
 06/08  03:00:00,541635.4860575137,541635.4860575137 
 06/08  04:00:00,541635.4860575137,541635.4860575137 
 06/08  05:00:00,541635.4860575137,541635.4860575137 
 06/08  06:00:00,541635.4860575137,541635.4860575137 
 06/08  07:00:00,541635.4860575137,541635.4860575137 
 06/08  08:00:00,541635.4860575137,541635.4860575137 
 06/08  09:00:00,541635.4860575137,541635.4860575137 
 06/08  10:00:00,541635.4860575137,541635.4860575137 
 06/08  11:00:00,541635.4860575137,541635.4860575137 
 06/08  12:00:00,541635.4860575137,541635.4860575137 
 06/08  13:00:00,1624906.458172541,1624906.458172541 
 06/08  14:00:00,1624906.458172541,1624906.458172541 
 06/08  15:00:00,541635.4860575137,541635.4860575137 
 06/08  16:00:00,541635.4860575137,541635.4860575137 
 06/08  17:00:00,541635.4860575137,541635.4860575137 
 06/08  18:00:00,541635.4860575137,541635.4860575137 
 06/08  19:00:00,541635.4860575137,541635.4860575137 
 06/08  20:00:00,3755540.7522694976,3538827.8990239934 
 06/08  21:00:00,5568842.162114218,5352129.308868714 
 06/08  22:00:00,5568842.162114218,5352129.308868714 
 06/08  23:00:00,5568842.162114218,5352129.308868714 
 06/08  24:00:00,5568842.162114218,5352129.308868714 
 06/09  01:00:00,758348.3393030182,541635.4860575137 
 06/09  02:00:00,568724.5927132018,541635.4860575137 
 06/09  03:00:00,541635.4860575137,541635.4860575137 
 06/09  04:00:00,541635.4860575137,541635.4860575137 
 06/09  05:00:00,541635.4860575137,541635.4860575137 
 06/09  06:00:00,541635.4860575137,541635.4860575137 
 06/09  07:00:00,541635.4860575137,541635.4860575137 
 06/09  08:00:00,541635.4860575137,541635.4860575137 
 06/09  09:00:00,541635.4860575137,541635.4860575137 
 06/09  10:00:00,541635.4860575137,541635.4860575137 
 06/09  11:00:00,541635.4860575137,541635.4860575137 
 06/09  12:00:00,541635.4860575137,541635.4860575137 
 06/09  13:00:00,1624906.458172541,1624906.458172541 
 06/09  14:00:00,1624906.458172541,1624906.458172541 
 06/09  15:00:00,541635.4860575137,541635.4860575137 
 06/09  16:00:00,541635.4860575137,541635.4860575137 
 06/09  17:00:00,541635.4860575137,541635.4860575137 
 06/09  18:00:00,541635.4860575137,541635.4860575137 
 06/09  19:00:00,541635.4860575137,541635.4860575137 
 06/09  20:00:00,3755540.7522694976,3538827.8990239934 
 06/09  21:00:00,5568842.162114218,5352129.308868714 
 06/09  22:00:00,5568842.162114218,5352129.308868714 
 06/09  23:00:00,5568842.162114218,5352129.308868714 
 06/09  24:00:00,5568842.162114218,5352129.308868714 
 06/10  01:00:00,728296.486437098,541635.4860575137 
 06/10  02:00:00,577754.2949317645,541635.4860575137 
 06/10  03:00:00,541635.4860575137,541635.4860575137 
 06/10  04:00:00,541635.4860575137,541635.4860575137 
 06/10  05:00:00,541635.4860575137,541635.4860575137 
 06/10  06:00:00,541635.4860575137,541635.4860575137 
 06/10  07:00:00,686110.7215545167,541635.4860575137 
 06/10  08:00:00,758348.3393030182,541635.4860575137 
 06/10  09:00:00,758348.3393030182,541635.4860575137 
 06/10  10:00:00,758348.3393030182,541635.4860575137 
 06/10  11:00:00,758348.3393030182,541635.4860575137 
 06/10  12:00:00,758348.3393030181,541635.4860575137 
 06/10  13:00:00,1841619.3114180455,1624906.458172541 
 06/10  14:00:00,1841619.3114180455,1624906.458172541 
 06/10  15:00:00,758348.3393030182,541635.4860575137 
 06/10  16:00:00,758348.3393030182,541635.4860575137 
 06/10  17:00:00,758348.3393030182,541635.4860575137 
 06/10  18:00:00,758348.3393030182,541635.4860575137 
 06/10  19:00:00,758348.3393030181,541635.4860575137 
 06/10  20:00:00,3755540.7522694976,3538827.8990239934 
 06/10  21:00:00,5568842.162114218,5352129.308868714 
 06/10  22:00:00,5568842.162114218,5352129.308868714 
 06/10  23:00:00,5568842.162114218,5352129.308868714 
 06/10  24:00:00,5568842.162114218,5352129.308868714 
 06/11  01:00:00,758348.3393030181,541635.4860575137 
 06/11  02:00:00,758348.3393030182,541635.4860575137 
 06/11  03:00:00,758348.3393030182,541635.4860575137 
 06/11  04:00:00,758348.3393030182,541635.4860575137 
 06/11  05:00:00,758348.3393030182,541635.4860575137 
 06/11  06:00:00,758348.3393030182,541635.4860575137 
 06/11  07:00:00,758348.3393030182,541635.4860575137 
 06/11  08:00:00,758348.3393030181,541635.4860575137 
 06/11  09:00:00,758348.3393030181,541635.4860575137 
 06/11  10:00:00,758348.3393030182,541635.4860575137 
 06/11  11:00:00,758348.3393030182,541635.4860575137 
 06/11  12:00:00,758348.3393030182,541635.4860575137 
 06/11  13:00:00,1841619.3114180455,1624906.458172541 
 06/11  14:00:00,1841619.3114180455,1624906.458172541 
 06/11  15:00:00,758348.3393030182,541635.4860575137 
 06/11  16:00:00,758348.3393030182,541635.4860575137 
 06/11  17:00:00,758348.3393030182,541635.4860575137 
 06/11  18:00:00,758348.3393030181,541635.4860575137 
 06/11  19:00:00,758348.3393030181,541635.4860575137 
 06/11  20:00:00,3755540.7522694976,3538827.8990239934 
 06/11  21:00:00,5568842.162114218,5352129.308868714 
 06/11  22:00:00,5568842.162114218,5352129.308868714 
 06/11  23:00:00,5568842.162114218,5352129.308868714 
 06/11  24:00:00,5568842.162114218,5352129.308868714 
 06/12  01:00:00,758348.3393030181,541635.4860575137 
 06/12  02:00:00,758348.3393030181,541635.4860575137 
 06/12  03:00:00,758348.3393030181,541635.4860575137 
 06/12  04:00:00,758348.3393030181,541635.4860575137 
 06/12  05:00:00,649991.912680266,541635.4860575137 
 06/12  06:00:00,758348.3393030182,541635.4860575137 
 06/12  07:00:00,758348.3393030182,541635.4860575137 
 06/12  08:00:00,541635.4860575137,541635.4860575137 
 06/12  09:00:00,541635.4860575137,541635.4860575137 
 06/12  10:00:00,541635.4860575137,541635.4860575137 
 06/12  11:00:00,541635.4860575137,541635.4860575137 
 06/12  12:00:00,541635.4860575137,541635.4860575137 
 06/12  13:00:00,1624906.458172541,1624906.458172541 
 06/12  14:00:00,1624906.458172541,1624906.458172541 
 06/12  15:00:00,541635.4860575137,541635.4860575137 
 06/12  16:00:00,541635.4860575137,541635.4860575137 
 06/12  17:00:00,541635.4860575137,541635.4860575137 
 06/12  18:00:00,541635.4860575137,541635.4860575137 
 06/12  19:00:00,541635.4860575137,541635.4860575137 
 06/12  20:00:00,3755540.7522694976,3538827.8990239934 
 06/12  21:00:00,5568842.162114218,5352129.308868714 
 06/12  22:00:00,5568842.162114218,5352129.308868714 
 06/12  23:00:00,5568842.162114218,5352129.308868714 
 06/12  24:00:00,5568842.162114218,5352129.308868714 
 06/13  01:00:00,758348.3393030182,541635.4860575137 
 06/13  02:00:00,599510.7914161516,541635.4860575137 
 06/13  03:00:00,541635.4860575137,541635.4860575137 
 06/13  04:00:00,541635.4860575137,541635.4860575137 
 06/13  05:00:00,541635.4860575137,541635.4860575137 
 06/13  06:00:00,541635.4860575137,541635.4860575137 
 06/13  07:00:00,541635.4860575137,541635.4860575137 
 06/13  08:00:00,541635.4860575137,541635.4860575137 
 06/13  09:00:00,541635.4860575137,541635.4860575137 
 06/13  10:00:00,541635.4860575137,541635.4860575137 
 06/13  11:00:00,541635.4860575137,541635.4860575137 
 06/13  12:00:00,541635.4860575137,541635.4860575137 
 06/13  13:00:00,1624906.458172541,1624906.458172541 
 06/13  14:00:00,1624906.458172541,1624906.458172541 
 06/13  15:00:00,541635.4860575137,541635.4860575137 
 06/13  16:00:00,541635.4860575137,541635.4860575137 
 06/13  17:00:00,541635.4860575137,541635.4860575137 
 06/13  18:00:00,541635.4860575137,541635.4860575137 
 06/13  19:00:00,541635.4860575137,541635.4860575137 
 06/13  20:00:00,3755540.7522694976,3538827.8990239934 
 06/13  21:00:00,5568842.162114218,5352129.308868714 
 06/13  22:00:00,5568842.162114218,5352129.308868714 
 06/13  23:00:00,5568842.162114218,5352129.308868714 
 06/13  24:00:00,5568842.162114218,5352129.308868714 
 06/14  01:00:00,576526.0783120528,541635.4860575137 
 06/14  02:00:00,541635.4860575137,541635.4860575137 
 06/14  03:00:00,541635.4860575137,541635.4860575137 
 06/14  04:00:00,541635.4860575137,541635.4860575137 
 06/14  05:00:00,541635.4860575137,541635.4860575137 
 06/14  06:00:00,541635.4860575137,541635.4860575137 
 06/14  07:00:00,541635.4860575137,541635.4860575137 
 06/14  08:00:00,541635.4860575137,541635.4860575137 
 06/14  09:00:00,541635.4860575137,541635.4860575137 
 06/14  10:00:00,541635.4860575137,541635.4860575137 
 06/14  11:00:00,541635.4860575137,541635.4860575137 
 06/14  12:00:00,541635.4860575137,541635.4860575137 
 06/14  13:00:00,1624906.458172541,1624906.458172541 
 06/14  14:00:00,1624906.458172541,1624906.458172541 
 06/14  15:00:00,541635.4860575137,541635.4860575137 
 06/14  16:00:00,541635.4860575137,541635.4860575137 
 06/14  17:00:00,541635.4860575137,541635.4860575137 
 06/14  18:00:00,541635.4860575137,541635.4860575137 
 06/14  19:00:00,541635.4860575137,541635.4860575137 
 06/14  20:00:00,3755540.7522694976,3538827.8990239934 
 06/14  21:00:00,5568842.162114218,5352129.308868714 
 06/14  22:00:00,5476759.612800246,5352129.308868714 
 06/14  23:00:00,5568842.162114218,5352129.308868714 
 06/14  24:00:00,5568842.162114218,5352129.308868714 
 06/15  01:00:00,541635.4860575137,541635.4860575137 
 06/15  02:00:00,541635.4860575137,541635.4860575137 
 06/15  03:00:00,541635.4860575137,541635.4860575137 
 06/15  04:00:00,541635.4860575137,541635.4860575137 
 06/15  05:00:00,541635.4860575137,541635.4860575137 
 06/15  06:00:00,541635.4860575137,541635.4860575137 
 06/15  07:00:00,541635.4860575137,541635.4860575137 
 06/15  08:00:00,541635.4860575137,541635.4860575137 
 06/15  09:00:00,541635.4860575137,541635.4860575137 
 06/15  10:00:00,541635.4860575137,541635.4860575137 
 06/15  11:00:00,541635.4860575137,541635.4860575137 
 06/15  12:00:00,541635.4860575137,541635.4860575137 
 06/15  13:00:00,1624906.458172541,1624906.458172541 
 06/15  14:00:00,1624906.458172541,1624906.458172541 
 06/15  15:00:00,541635.4860575137,541635.4860575137 
 06/15  16:00:00,541635.4860575137,541635.4860575137 
 06/15  17:00:00,541635.4860575137,541635.4860575137 
 06/15  18:00:00,541635.4860575137,541635.4860575137 
 06/15  19:00:00,541635.4860575137,541635.4860575137 
 06/15  20:00:00,3755540.7522694976,3538827.8990239934 
 06/15  21:00:00,5568842.162114218,5352129.308868714 
 06/15  22:00:00,5568842.162114218,5352129.308868714 
 06/15  23:00:00,5568842.162114218,5352129.308868714 
 06/15  24:00:00,5568842.162114218,5352129.308868714 
 06/16  01:00:00,1214589.6465970282,541635.4860575137 
 06/16  02:00:00,541635.4860575137,541635.4860575137 
 06/16  03:00:00,541635.4860575137,541635.4860575137 
 06/16  04:00:00,541635.4860575137,541635.4860575137 
 06/16  05:00:00,541635.4860575137,541635.4860575137 
 06/16  06:00:00,541635.4860575137,541635.4860575137 
 06/16  07:00:00,541635.4860575137,541635.4860575137 
 06/16  08:00:00,541635.4860575137,541635.4860575137 
 06/16  09:00:00,541635.4860575137,541635.4860575137 
 06/16  10:00:00,541635.4860575137,541635.4860575137 
 06/16  11:00:00,541635.4860575137,541635.4860575137 
 06/16  12:00:00,541635.4860575137,541635.4860575137 
 06/16  13:00:00,1624906.458172541,1624906.458172541 
 06/16  14:00:00,1624906.458172541,1624906.458172541 
 06/16  15:00:00,541635.4860575137,541635.4860575137 
 06/16  16:00:00,541635.4860575137,541635.4860575137 
 06/16  17:00:00,541635.4860575137,541635.4860575137 
 06/16  18:00:00,541635.4860575137,541635.4860575137 
 06/16  19:00:00,541635.4860575137,541635.4860575137 
 06/16  20:00:00,7359598.993669311,3538827.8990239934 
 06/16  21:00:00,7653287.445934188,5352129.308868714 
 06/16  22:00:00,7303879.931880507,5352129.308868714 
 06/16  23:00:00,7544654.865226306,5352129.308868714 
 06/16  24:00:00,8122731.060170247,5352129.308868714 
 06/17  01:00:00,541635.4860575137,541635.4860575137 
 06/17  02:00:00,541635.4860575137,541635.4860575137 
 06/17  03:00:00,541635.4860575137,541635.4860575137 
 06/17  04:00:00,541635.4860575137,541635.4860575137 
 06/17  05:00:00,541635.4860575137,541635.4860575137 
 06/17  06:00:00,541635.4860575137,541635.4860575137 
 06/17  07:00:00,2848265.496257726,541635.4860575137 
 06/17  08:00:00,6475295.016238742,541635.4860575137 
 06/17  09:00:00,6134433.744526243,541635.4860575137 
 06/17  10:00:00,7287359.982013821,541635.4860575137 
 06/17  11:00:00,8920370.197080102,541635.4860575137 
 06/17  12:00:00,9502265.71438684,541635.4860575137 
 06/17  13:00:00,11520829.406583771,1624906.458172541 
 06/17  14:00:00,13130970.011966355,1624906.458172541 
 06/17  15:00:00,11978028.819080187,541635.4860575137 
 06/17  16:00:00,10737966.17990747,541635.4860575137 
 06/17  17:00:00,8468297.454400605,541635.4860575137 
 06/17  18:00:00,5607337.900493102,541635.4860575137 
 06/17  19:00:00,3911726.6801829454,541635.4860575137 
 06/17  20:00:00,7111756.862604976,3538827.8990239934 
 06/17  21:00:00,8869246.827214332,5352129.308868714 
 06/17  22:00:00,6997250.2610265585,5352129.308868714 
 06/17  23:00:00,7622779.81028262,5352129.308868714 
 06/17  24:00:00,8210192.013404699,5352129.308868714 
 06/18  01:00:00,541635.4860575137,541635.4860575137 
 06/18  02:00:00,541635.4860575137,541635.4860575137 
 06/18  03:00:00,541635.4860575137,541635.4860575137 
 06/18  04:00:00,541635.4860575137,541635.4860575137 
 06/18  05:00:00,541635.4860575137,541635.4860575137 
 06/18  06:00:00,541635.4860575137,541635.4860575137 
 06/18  07:00:00,541635.4860575137,541635.4860575137 
 06/18  08:00:00,1768836.6914239964,541635.4860575137 
 06/18  09:00:00,4878403.552912341,541635.4860575137 
 06/18  10:00:00,6273861.427814446,541635.4860575137 
 06/18  11:00:00,6955129.581572389,541635.4860575137 
 06/18  12:00:00,6799860.068162675,541635.4860575137 
 06/18  13:00:00,8265973.950655448,1624906.458172541 
 06/18  14:00:00,9403911.147356179,1624906.458172541 
 06/18  15:00:00,8950161.086801458,541635.4860575137 
 06/18  16:00:00,8751097.459529346,541635.4860575137 
 06/18  17:00:00,7485810.861927177,541635.4860575137 
 06/18  18:00:00,5574822.286433859,541635.4860575137 
 06/18  19:00:00,3518162.1989184963,541635.4860575137 
 06/18  20:00:00,5305364.134366955,3538827.8990239934 
 06/18  21:00:00,7133257.314952478,5352129.308868714 
 06/18  22:00:00,5712154.732871587,5352129.308868714 
 06/18  23:00:00,6292404.621352349,5352129.308868714 
 06/18  24:00:00,6648924.407766119,5352129.308868714 
 06/19  01:00:00,541635.4860575137,541635.4860575137 
 06/19  02:00:00,541635.4860575137,541635.4860575137 
 06/19  03:00:00,541635.4860575137,541635.4860575137 
 06/19  04:00:00,541635.4860575137,541635.4860575137 
 06/19  05:00:00,541635.4860575137,541635.4860575137 
 06/19  06:00:00,541635.4860575137,541635.4860575137 
 06/19  07:00:00,541635.4860575137,541635.4860575137 
 06/19  08:00:00,541635.4860575137,541635.4860575137 
 06/19  09:00:00,541635.4860575137,541635.4860575137 
 06/19  10:00:00,541635.4860575137,541635.4860575137 
 06/19  11:00:00,541635.4860575137,541635.4860575137 
 06/19  12:00:00,541635.4860575137,541635.4860575137 
 06/19  13:00:00,1624906.458172541,1624906.458172541 
 06/19  14:00:00,1624906.458172541,1624906.458172541 
 06/19  15:00:00,541635.4860575137,541635.4860575137 
 06/19  16:00:00,541635.4860575137,541635.4860575137 
 06/19  17:00:00,541635.4860575137,541635.4860575137 
 06/19  18:00:00,541635.4860575137,541635.4860575137 
 06/19  19:00:00,541635.4860575137,541635.4860575137 
 06/19  20:00:00,8625723.204340298,3538827.8990239934 
 06/19  21:00:00,8486077.91241145,5352129.308868714 
 06/19  22:00:00,6302388.401890136,5352129.308868714 
 06/19  23:00:00,6747195.222980439,5352129.308868714 
 06/19  24:00:00,7688416.344360454,5352129.308868714 
 06/20  01:00:00,541635.4860575137,541635.4860575137 
 06/20  02:00:00,541635.4860575137,541635.4860575137 
 06/20  03:00:00,541635.4860575137,541635.4860575137 
 06/20  04:00:00,541635.4860575137,541635.4860575137 
 06/20  05:00:00,541635.4860575137,541635.4860575137 
 06/20  06:00:00,541635.4860575137,541635.4860575137 
 06/20  07:00:00,541635.4860575137,541635.4860575137 
 06/20  08:00:00,541635.4860575137,541635.4860575137 
 06/20  09:00:00,541635.4860575137,541635.4860575137 
 06/20  10:00:00,541635.4860575137,541635.4860575137 
 06/20  11:00:00,541635.4860575137,541635.4860575137 
 06/20  12:00:00,541635.4860575137,541635.4860575137 
 06/20  13:00:00,1624906.458172541,1624906.458172541 
 06/20  14:00:00,1624906.458172541,1624906.458172541 
 06/20  15:00:00,541635.4860575137,541635.4860575137 
 06/20  16:00:00,541635.4860575137,541635.4860575137 
 06/20  17:00:00,541635.4860575137,541635.4860575137 
 06/20  18:00:00,541635.4860575137,541635.4860575137 
 06/20  19:00:00,541635.4860575137,541635.4860575137 
 06/20  20:00:00,12040882.370770242,3538827.8990239934 
 06/20  21:00:00,9584668.685665973,5352129.308868714 
 06/20  22:00:00,6499204.958369416,5352129.308868714 
 06/20  23:00:00,6994216.862335344,5352129.308868714 
 06/20  24:00:00,8013726.642726164,5352129.308868714 
 06/21  01:00:00,541635.4860575137,541635.4860575137 
 06/21  02:00:00,541635.4860575137,541635.4860575137 
 06/21  03:00:00,541635.4860575137,541635.4860575137 
 06/21  04:00:00,541635.4860575137,541635.4860575137 
 06/21  05:00:00,541635.4860575137,541635.4860575137 
 06/21  06:00:00,541635.4860575137,541635.4860575137 
 06/21  07:00:00,600306.7364565785,541635.4860575137 
 06/21  08:00:00,541635.4860575137,541635.4860575137 
 06/21  09:00:00,541635.4860575137,541635.4860575137 
 06/21  10:00:00,541635.4860575137,541635.4860575137 
 06/21  11:00:00,541635.4860575137,541635.4860575137 
 06/21  12:00:00,541635.4860575137,541635.4860575137 
 06/21  13:00:00,1624906.458172541,1624906.458172541 
 06/21  14:00:00,1624906.458172541,1624906.458172541 
 06/21  15:00:00,541635.4860575137,541635.4860575137 
 06/21  16:00:00,541635.4860575137,541635.4860575137 
 06/21  17:00:00,541635.4860575137,541635.4860575137 
 06/21  18:00:00,541635.4860575137,541635.4860575137 
 06/21  19:00:00,541635.4860575137,541635.4860575137 
 06/21  20:00:00,10523888.83252931,3538827.8990239934 
 06/21  21:00:00,9706815.523657518,5352129.308868714 
 06/21  22:00:00,7281325.17814177,5352129.308868714 
 06/21  23:00:00,7736108.411208922,5352129.308868714 
 06/21  24:00:00,8614893.882924113,5352129.308868714 
 06/22  01:00:00,541635.4860575137,541635.4860575137 
 06/22  02:00:00,541635.4860575137,541635.4860575137 
 06/22  03:00:00,541635.4860575137,541635.4860575137 
 06/22  04:00:00,541635.4860575137,541635.4860575137 
 06/22  05:00:00,541635.4860575137,541635.4860575137 
 06/22  06:00:00,541635.4860575137,541635.4860575137 
 06/22  07:00:00,1093950.4927259749,541635.4860575137 
 06/22  08:00:00,541635.4860575137,541635.4860575137 
 06/22  09:00:00,541635.4860575137,541635.4860575137 
 06/22  10:00:00,541635.4860575137,541635.4860575137 
 06/22  11:00:00,541635.4860575137,541635.4860575137 
 06/22  12:00:00,541635.4860575137,541635.4860575137 
 06/22  13:00:00,1624906.458172541,1624906.458172541 
 06/22  14:00:00,1624906.458172541,1624906.458172541 
 06/22  15:00:00,541635.4860575137,541635.4860575137 
 06/22  16:00:00,541635.4860575137,541635.4860575137 
 06/22  17:00:00,541635.4860575137,541635.4860575137 
 06/22  18:00:00,541635.4860575137,541635.4860575137 
 06/22  19:00:00,541635.4860575137,541635.4860575137 
 06/22  20:00:00,15356221.64274948,3538827.8990239934 
 06/22  21:00:00,13532292.235491928,5352129.308868714 
 06/22  22:00:00,9077250.358287485,5352129.308868714 
 06/22  23:00:00,9635250.769427229,5352129.308868714 
 06/22  24:00:00,10839064.358542085,5352129.308868714 
 06/23  01:00:00,1726116.725690626,541635.4860575137 
 06/23  02:00:00,1393039.026618379,541635.4860575137 
 06/23  03:00:00,1191945.0513450745,541635.4860575137 
 06/23  04:00:00,984263.9575668634,541635.4860575137 
 06/23  05:00:00,818189.3897529708,541635.4860575137 
 06/23  06:00:00,1919437.122345117,541635.4860575137 
 06/23  07:00:00,4710366.406945342,541635.4860575137 
 06/23  08:00:00,541635.4860575137,541635.4860575137 
 06/23  09:00:00,541635.4860575137,541635.4860575137 
 06/23  10:00:00,541635.4860575137,541635.4860575137 
 06/23  11:00:00,541635.4860575137,541635.4860575137 
 06/23  12:00:00,541635.4860575137,541635.4860575137 
 06/23  13:00:00,1624906.458172541,1624906.458172541 
 06/23  14:00:00,1624906.458172541,1624906.458172541 
 06/23  15:00:00,541635.4860575137,541635.4860575137 
 06/23  16:00:00,541635.4860575137,541635.4860575137 
 06/23  17:00:00,541635.4860575137,541635.4860575137 
 06/23  18:00:00,541635.4860575137,541635.4860575137 
 06/23  19:00:00,541635.4860575137,541635.4860575137 
 06/23  20:00:00,13999460.901195541,3538827.8990239934 
 06/23  21:00:00,13860571.395696044,5352129.308868714 
 06/23  22:00:00,9279274.182901124,5352129.308868714 
 06/23  23:00:00,9908875.055771582,5352129.308868714 
 06/23  24:00:00,11102953.911441745,5352129.308868714 
 06/24  01:00:00,1882506.6845361695,541635.4860575137 
 06/24  02:00:00,1677777.792169379,541635.4860575137 
 06/24  03:00:00,1485120.7685890053,541635.4860575137 
 06/24  04:00:00,1311647.3404173874,541635.4860575137 
 06/24  05:00:00,1172827.069959138,541635.4860575137 
 06/24  06:00:00,2246284.71347043,541635.4860575137 
 06/24  07:00:00,3682827.853742214,541635.4860575137 
 06/24  08:00:00,5697969.123761068,541635.4860575137 
 06/24  09:00:00,8072346.43697655,541635.4860575137 
 06/24  10:00:00,9991911.585301671,541635.4860575137 
 06/24  11:00:00,10844796.052840574,541635.4860575137 
 06/24  12:00:00,11788651.209088916,541635.4860575137 
 06/24  13:00:00,13559039.424428402,1624906.458172541 
 06/24  14:00:00,13998668.253669394,1624906.458172541 
 06/24  15:00:00,12130660.595759047,541635.4860575137 
 06/24  16:00:00,10560786.046815276,541635.4860575137 
 06/24  17:00:00,9300449.88061265,541635.4860575137 
 06/24  18:00:00,7617167.920200704,541635.4860575137 
 06/24  19:00:00,5863594.036649009,541635.4860575137 
 06/24  20:00:00,8715233.446403954,3538827.8990239934 
 06/24  21:00:00,10657368.743855048,5352129.308868714 
 06/24  22:00:00,9156238.211937614,5352129.308868714 
 06/24  23:00:00,9627994.067183014,5352129.308868714 
 06/24  24:00:00,10133569.830081115,5352129.308868714 
 06/25  01:00:00,1732540.180176186,541635.4860575137 
 06/25  02:00:00,1399799.5557726002,541635.4860575137 
 06/25  03:00:00,1130301.518571711,541635.4860575137 
 06/25  04:00:00,924575.3564159544,541635.4860575137 
 06/25  05:00:00,762027.6123360561,541635.4860575137 
 06/25  06:00:00,970837.4123020866,541635.4860575137 
 06/25  07:00:00,4620054.3737900015,541635.4860575137 
 06/25  08:00:00,11202145.852980027,541635.4860575137 
 06/25  09:00:00,12648734.407332473,541635.4860575137 
 06/25  10:00:00,13829844.964916004,541635.4860575137 
 06/25  11:00:00,10549481.99370443,541635.4860575137 
 06/25  12:00:00,9027294.785627553,541635.4860575137 
 06/25  13:00:00,11507903.043466091,1624906.458172541 
 06/25  14:00:00,9866440.860707743,1624906.458172541 
 06/25  15:00:00,9793476.014397308,541635.4860575137 
 06/25  16:00:00,8169426.6197631,541635.4860575137 
 06/25  17:00:00,4734451.377217571,541635.4860575137 
 06/25  18:00:00,3563011.4519046824,541635.4860575137 
 06/25  19:00:00,3148544.1823599245,541635.4860575137 
 06/25  20:00:00,7038279.210489741,3538827.8990239934 
 06/25  21:00:00,9219284.841662562,5352129.308868714 
 06/25  22:00:00,8043244.657954473,5352129.308868714 
 06/25  23:00:00,8368531.2490329575,5352129.308868714 
 06/25  24:00:00,8799953.232076913,5352129.308868714 
 06/26  01:00:00,761921.1346068163,541635.4860575137 
 06/26  02:00:00,541635.4860575137,541635.4860575137 
 06/26  03:00:00,541635.4860575137,541635.4860575137 
 06/26  04:00:00,541635.4860575137,541635.4860575137 
 06/26  05:00:00,541635.4860575137,541635.4860575137 
 06/26  06:00:00,541635.4860575137,541635.4860575137 
 06/26  07:00:00,751377.8789697161,541635.4860575137 
 06/26  08:00:00,541635.4860575137,541635.4860575137 
 06/26  09:00:00,541635.4860575137,541635.4860575137 
 06/26  10:00:00,541635.4860575137,541635.4860575137 
 06/26  11:00:00,541635.4860575137,541635.4860575137 
 06/26  12:00:00,541635.4860575137,541635.4860575137 
 06/26  13:00:00,1624906.458172541,1624906.458172541 
 06/26  14:00:00,1624906.458172541,1624906.458172541 
 06/26  15:00:00,541635.4860575137,541635.4860575137 
 06/26  16:00:00,541635.4860575137,541635.4860575137 
 06/26  17:00:00,541635.4860575137,541635.4860575137 
 06/26  18:00:00,541635.4860575137,541635.4860575137 
 06/26  19:00:00,541635.4860575137,541635.4860575137 
 06/26  20:00:00,7667220.30746775,3538827.8990239934 
 06/26  21:00:00,7522884.542311113,5352129.308868714 
 06/26  22:00:00,6516020.435916444,5352129.308868714 
 06/26  23:00:00,6999213.506791668,5352129.308868714 
 06/26  24:00:00,7772367.7523936685,5352129.308868714 
 06/27  01:00:00,541635.4860575137,541635.4860575137 
 06/27  02:00:00,541635.4860575137,541635.4860575137 
 06/27  03:00:00,541635.4860575137,541635.4860575137 
 06/27  04:00:00,541635.4860575137,541635.4860575137 
 06/27  05:00:00,541635.4860575137,541635.4860575137 
 06/27  06:00:00,541635.4860575137,541635.4860575137 
 06/27  07:00:00,541635.4860575137,541635.4860575137 
 06/27  08:00:00,541635.4860575137,541635.4860575137 
 06/27  09:00:00,541635.4860575137,541635.4860575137 
 06/27  10:00:00,541635.4860575137,541635.4860575137 
 06/27  11:00:00,541635.4860575137,541635.4860575137 
 06/27  12:00:00,541635.4860575137,541635.4860575137 
 06/27  13:00:00,1624906.458172541,1624906.458172541 
 06/27  14:00:00,1624906.458172541,1624906.458172541 
 06/27  15:00:00,541635.4860575137,541635.4860575137 
 06/27  16:00:00,541635.4860575137,541635.4860575137 
 06/27  17:00:00,541635.4860575137,541635.4860575137 
 06/27  18:00:00,541635.4860575137,541635.4860575137 
 06/27  19:00:00,541635.4860575137,541635.4860575137 
 06/27  20:00:00,10680838.824951245,3538827.8990239934 
 06/27  21:00:00,9162846.067012947,5352129.308868714 
 06/27  22:00:00,6747953.4480726905,5352129.308868714 
 06/27  23:00:00,7215268.898793596,5352129.308868714 
 06/27  24:00:00,8104181.590524059,5352129.308868714 
 06/28  01:00:00,541635.4860575137,541635.4860575137 
 06/28  02:00:00,541635.4860575137,541635.4860575137 
 06/28  03:00:00,541635.4860575137,541635.4860575137 
 06/28  04:00:00,541635.4860575137,541635.4860575137 
 06/28  05:00:00,541635.4860575137,541635.4860575137 
 06/28  06:00:00,541635.4860575137,541635.4860575137 
 06/28  07:00:00,541635.4860575137,541635.4860575137 
 06/28  08:00:00,541635.4860575137,541635.4860575137 
 06/28  09:00:00,541635.4860575137,541635.4860575137 
 06/28  10:00:00,541635.4860575137,541635.4860575137 
 06/28  11:00:00,541635.4860575137,541635.4860575137 
 06/28  12:00:00,541635.4860575137,541635.4860575137 
 06/28  13:00:00,1624906.458172541,1624906.458172541 
 06/28  14:00:00,1624906.458172541,1624906.458172541 
 06/28  15:00:00,541635.4860575137,541635.4860575137 
 06/28  16:00:00,541635.4860575137,541635.4860575137 
 06/28  17:00:00,541635.4860575137,541635.4860575137 
 06/28  18:00:00,541635.4860575137,541635.4860575137 
 06/28  19:00:00,541635.4860575137,541635.4860575137 
 06/28  20:00:00,12702948.593879659,3538827.8990239934 
 06/28  21:00:00,10541346.046873115,5352129.308868714 
 06/28  22:00:00,7215382.320314971,5352129.308868714 
 06/28  23:00:00,7772864.727787705,5352129.308868714 
 06/28  24:00:00,8801441.904504493,5352129.308868714 
 06/29  01:00:00,541635.4860575137,541635.4860575137 
 06/29  02:00:00,541635.4860575137,541635.4860575137 
 06/29  03:00:00,541635.4860575137,541635.4860575137 
 06/29  04:00:00,541635.4860575137,541635.4860575137 
 06/29  05:00:00,541635.4860575137,541635.4860575137 
 06/29  06:00:00,541635.4860575137,541635.4860575137 
 06/29  07:00:00,541635.4860575137,541635.4860575137 
 06/29  08:00:00,541635.4860575137,541635.4860575137 
 06/29  09:00:00,541635.4860575137,541635.4860575137 
 06/29  10:00:00,541635.4860575137,541635.4860575137 
 06/29  11:00:00,541635.4860575137,541635.4860575137 
 06/29  12:00:00,541635.4860575137,541635.4860575137 
 06/29  13:00:00,1624906.458172541,1624906.458172541 
 06/29  14:00:00,1624906.458172541,1624906.458172541 
 06/29  15:00:00,541635.4860575137,541635.4860575137 
 06/29  16:00:00,541635.4860575137,541635.4860575137 
 06/29  17:00:00,541635.4860575137,541635.4860575137 
 06/29  18:00:00,541635.4860575137,541635.4860575137 
 06/29  19:00:00,541635.4860575137,541635.4860575137 
 06/29  20:00:00,6481085.167830185,3538827.8990239934 
 06/29  21:00:00,6626692.946560446,5352129.308868714 
 06/29  22:00:00,5457070.367490934,5352129.308868714 
 06/29  23:00:00,5970343.78369421,5352129.308868714 
 06/29  24:00:00,6800686.7141377,5352129.308868714 
 06/30  01:00:00,541635.4860575137,541635.4860575137 
 06/30  02:00:00,541635.4860575137,541635.4860575137 
 06/30  03:00:00,541635.4860575137,541635.4860575137 
 06/30  04:00:00,541635.4860575137,541635.4860575137 
 06/30  05:00:00,541635.4860575137,541635.4860575137 
 06/30  06:00:00,541635.4860575137,541635.4860575137 
 06/30  07:00:00,541635.4860575137,541635.4860575137 
 06/30  08:00:00,541635.4860575137,541635.4860575137 
 06/30  09:00:00,541635.4860575137,541635.4860575137 
 06/30  10:00:00,541635.4860575137,541635.4860575137 
 06/30  11:00:00,541635.4860575137,541635.4860575137 
 06/30  12:00:00,541635.4860575137,541635.4860575137 
 06/30  13:00:00,1624906.458172541,1624906.458172541 
 06/30  14:00:00,1624906.458172541,1624906.458172541 
 06/30  15:00:00,541635.4860575137,541635.4860575137 
 06/30  16:00:00,541635.4860575137,541635.4860575137 
 06/30  17:00:00,541635.4860575137,541635.4860575137 
 06/30  18:00:00,541635.4860575137,541635.4860575137 
 06/30  19:00:00,541635.4860575137,541635.4860575137 
 06/30  20:00:00,4950280.588358995,3538827.8990239934 
 06/30  21:00:00,5352129.308868714,5352129.308868714 
 06/30  22:00:00,5352129.308868714,5352129.308868714 
 06/30  23:00:00,5352129.308868714,5352129.308868714 
 06/30  24:00:00,5352129.308868714,5352129.308868714 
 07/01  01:00:00,541635.4860575137,541635.4860575137 
 07/01  02:00:00,541635.4860575137,541635.4860575137 
 07/01  03:00:00,541635.4860575137,541635.4860575137 
 07/01  04:00:00,541635.4860575137,541635.4860575137 
 07/01  05:00:00,541635.4860575137,541635.4860575137 
 07/01  06:00:00,541635.4860575137,541635.4860575137 
 07/01  07:00:00,541635.4860575137,541635.4860575137 
 07/01  08:00:00,541635.4860575137,541635.4860575137 
 07/01  09:00:00,541635.4860575137,541635.4860575137 
 07/01  10:00:00,1932875.2747188336,541635.4860575137 
 07/01  11:00:00,3616232.1278054174,541635.4860575137 
 07/01  12:00:00,6756735.746657942,541635.4860575137 
 07/01  13:00:00,7655410.554177204,1624906.458172541 
 07/01  14:00:00,7965396.352081403,1624906.458172541 
 07/01  15:00:00,5279103.913645126,541635.4860575137 
 07/01  16:00:00,5680555.8686255235,541635.4860575137 
 07/01  17:00:00,5445212.447455628,541635.4860575137 
 07/01  18:00:00,6817568.543565946,541635.4860575137 
 07/01  19:00:00,6421723.132824332,541635.4860575137 
 07/01  20:00:00,7148130.243305631,3538827.8990239934 
 07/01  21:00:00,9410399.010521863,5352129.308868714 
 07/01  22:00:00,9403681.947013866,5352129.308868714 
 07/01  23:00:00,9533080.739494605,5352129.308868714 
 07/01  24:00:00,9559085.818141304,5352129.308868714 
 07/02  01:00:00,1298762.5128415604,541635.4860575137 
 07/02  02:00:00,1035323.3450611023,541635.4860575137 
 07/02  03:00:00,767676.106542832,541635.4860575137 
 07/02  04:00:00,556970.1879418849,541635.4860575137 
 07/02  05:00:00,541635.4860575137,541635.4860575137 
 07/02  06:00:00,1077535.395600671,541635.4860575137 
 07/02  07:00:00,2604702.8151409198,541635.4860575137 
 07/02  08:00:00,5173032.692782445,541635.4860575137 
 07/02  09:00:00,7115233.247735079,541635.4860575137 
 07/02  10:00:00,8548190.906863347,541635.4860575137 
 07/02  11:00:00,8974201.139264831,541635.4860575137 
 07/02  12:00:00,9404632.88006705,541635.4860575137 
 07/02  13:00:00,11189208.685646467,1624906.458172541 
 07/02  14:00:00,11583709.347859148,1624906.458172541 
 07/02  15:00:00,10162712.812502157,541635.4860575137 
 07/02  16:00:00,8685428.262034757,541635.4860575137 
 07/02  17:00:00,7300726.692608222,541635.4860575137 
 07/02  18:00:00,5537693.978102333,541635.4860575137 
 07/02  19:00:00,4512630.370782935,541635.4860575137 
 07/02  20:00:00,7701629.078442248,3538827.8990239934 
 07/02  21:00:00,9547666.74819782,5352129.308868714 
 07/02  22:00:00,7658730.185134375,5352129.308868714 
 07/02  23:00:00,8248504.422211202,5352129.308868714 
 07/02  24:00:00,8857025.977916434,5352129.308868714 
 07/03  01:00:00,541635.4860575137,541635.4860575137 
 07/03  02:00:00,541635.4860575137,541635.4860575137 
 07/03  03:00:00,541635.4860575137,541635.4860575137 
 07/03  04:00:00,541635.4860575137,541635.4860575137 
 07/03  05:00:00,541635.4860575137,541635.4860575137 
 07/03  06:00:00,541635.4860575137,541635.4860575137 
 07/03  07:00:00,541635.4860575137,541635.4860575137 
 07/03  08:00:00,541635.4860575137,541635.4860575137 
 07/03  09:00:00,541635.4860575137,541635.4860575137 
 07/03  10:00:00,541635.4860575137,541635.4860575137 
 07/03  11:00:00,541635.4860575137,541635.4860575137 
 07/03  12:00:00,541635.4860575137,541635.4860575137 
 07/03  13:00:00,1624906.458172541,1624906.458172541 
 07/03  14:00:00,1624906.458172541,1624906.458172541 
 07/03  15:00:00,541635.4860575137,541635.4860575137 
 07/03  16:00:00,541635.4860575137,541635.4860575137 
 07/03  17:00:00,541635.4860575137,541635.4860575137 
 07/03  18:00:00,541635.4860575137,541635.4860575137 
 07/03  19:00:00,541635.4860575137,541635.4860575137 
 07/03  20:00:00,13746753.83959947,3538827.8990239934 
 07/03  21:00:00,10935861.48695853,5352129.308868714 
 07/03  22:00:00,7123626.072864605,5352129.308868714 
 07/03  23:00:00,7763158.955500685,5352129.308868714 
 07/03  24:00:00,8863358.211722566,5352129.308868714 
 07/04  01:00:00,541635.4860575137,541635.4860575137 
 07/04  02:00:00,541635.4860575137,541635.4860575137 
 07/04  03:00:00,541635.4860575137,541635.4860575137 
 07/04  04:00:00,541635.4860575137,541635.4860575137 
 07/04  05:00:00,541635.4860575137,541635.4860575137 
 07/04  06:00:00,541635.4860575137,541635.4860575137 
 07/04  07:00:00,541635.4860575137,541635.4860575137 
 07/04  08:00:00,541635.4860575137,541635.4860575137 
 07/04  09:00:00,541635.4860575137,541635.4860575137 
 07/04  10:00:00,541635.4860575137,541635.4860575137 
 07/04  11:00:00,541635.4860575137,541635.4860575137 
 07/04  12:00:00,541635.4860575137,541635.4860575137 
 07/04  13:00:00,1624906.458172541,1624906.458172541 
 07/04  14:00:00,1624906.458172541,1624906.458172541 
 07/04  15:00:00,541635.4860575137,541635.4860575137 
 07/04  16:00:00,541635.4860575137,541635.4860575137 
 07/04  17:00:00,541635.4860575137,541635.4860575137 
 07/04  18:00:00,541635.4860575137,541635.4860575137 
 07/04  19:00:00,541635.4860575137,541635.4860575137 
 07/04  20:00:00,7290855.571550305,3538827.8990239934 
 07/04  21:00:00,6348304.411819005,5352129.308868714 
 07/04  22:00:00,6288935.0244780015,5352129.308868714 
 07/04  23:00:00,6573713.023996314,5352129.308868714 
 07/04  24:00:00,7258252.211346608,5352129.308868714 
 07/05  01:00:00,541635.4860575137,541635.4860575137 
 07/05  02:00:00,541635.4860575137,541635.4860575137 
 07/05  03:00:00,541635.4860575137,541635.4860575137 
 07/05  04:00:00,541635.4860575137,541635.4860575137 
 07/05  05:00:00,541635.4860575137,541635.4860575137 
 07/05  06:00:00,541635.4860575137,541635.4860575137 
 07/05  07:00:00,541635.4860575137,541635.4860575137 
 07/05  08:00:00,541635.4860575137,541635.4860575137 
 07/05  09:00:00,541635.4860575137,541635.4860575137 
 07/05  10:00:00,541635.4860575137,541635.4860575137 
 07/05  11:00:00,541635.4860575137,541635.4860575137 
 07/05  12:00:00,541635.4860575137,541635.4860575137 
 07/05  13:00:00,1624906.458172541,1624906.458172541 
 07/05  14:00:00,1624906.458172541,1624906.458172541 
 07/05  15:00:00,541635.4860575137,541635.4860575137 
 07/05  16:00:00,541635.4860575137,541635.4860575137 
 07/05  17:00:00,541635.4860575137,541635.4860575137 
 07/05  18:00:00,541635.4860575137,541635.4860575137 
 07/05  19:00:00,541635.4860575137,541635.4860575137 
 07/05  20:00:00,8917726.715990331,3538827.8990239934 
 07/05  21:00:00,7953215.153875055,5352129.308868714 
 07/05  22:00:00,7848263.031610349,5352129.308868714 
 07/05  23:00:00,8094715.260088684,5352129.308868714 
 07/05  24:00:00,8798984.367644463,5352129.308868714 
 07/06  01:00:00,541635.4860575137,541635.4860575137 
 07/06  02:00:00,541635.4860575137,541635.4860575137 
 07/06  03:00:00,541635.4860575137,541635.4860575137 
 07/06  04:00:00,541635.4860575137,541635.4860575137 
 07/06  05:00:00,541635.4860575137,541635.4860575137 
 07/06  06:00:00,541635.4860575137,541635.4860575137 
 07/06  07:00:00,1509589.4520827741,541635.4860575137 
 07/06  08:00:00,541635.4860575137,541635.4860575137 
 07/06  09:00:00,541635.4860575137,541635.4860575137 
 07/06  10:00:00,541635.4860575137,541635.4860575137 
 07/06  11:00:00,541635.4860575137,541635.4860575137 
 07/06  12:00:00,541635.4860575137,541635.4860575137 
 07/06  13:00:00,1624906.458172541,1624906.458172541 
 07/06  14:00:00,1624906.458172541,1624906.458172541 
 07/06  15:00:00,541635.4860575137,541635.4860575137 
 07/06  16:00:00,541635.4860575137,541635.4860575137 
 07/06  17:00:00,541635.4860575137,541635.4860575137 
 07/06  18:00:00,541635.4860575137,541635.4860575137 
 07/06  19:00:00,541635.4860575137,541635.4860575137 
 07/06  20:00:00,11664476.828883773,3538827.8990239934 
 07/06  21:00:00,11404648.57561585,5352129.308868714 
 07/06  22:00:00,7974212.812315127,5352129.308868714 
 07/06  23:00:00,8697599.442494616,5352129.308868714 
 07/06  24:00:00,9733434.335649382,5352129.308868714 
 07/07  01:00:00,541635.4860575137,541635.4860575137 
 07/07  02:00:00,541635.4860575137,541635.4860575137 
 07/07  03:00:00,541635.4860575137,541635.4860575137 
 07/07  04:00:00,541635.4860575137,541635.4860575137 
 07/07  05:00:00,541635.4860575137,541635.4860575137 
 07/07  06:00:00,541635.4860575137,541635.4860575137 
 07/07  07:00:00,3600523.671189623,541635.4860575137 
 07/07  08:00:00,541635.4860575137,541635.4860575137 
 07/07  09:00:00,541635.4860575137,541635.4860575137 
 07/07  10:00:00,541635.4860575137,541635.4860575137 
 07/07  11:00:00,541635.4860575137,541635.4860575137 
 07/07  12:00:00,541635.4860575137,541635.4860575137 
 07/07  13:00:00,1624906.458172541,1624906.458172541 
 07/07  14:00:00,1624906.458172541,1624906.458172541 
 07/07  15:00:00,541635.4860575137,541635.4860575137 
 07/07  16:00:00,541635.4860575137,541635.4860575137 
 07/07  17:00:00,541635.4860575137,541635.4860575137 
 07/07  18:00:00,541635.4860575137,541635.4860575137 
 07/07  19:00:00,541635.4860575137,541635.4860575137 
 07/07  20:00:00,17181437.270109534,3538827.8990239934 
 07/07  21:00:00,12382588.597981974,5352129.308868714 
 07/07  22:00:00,7581395.3038362,5352129.308868714 
 07/07  23:00:00,8217517.500684297,5352129.308868714 
 07/07  24:00:00,9508635.20350328,5352129.308868714 
 07/08  01:00:00,541635.4860575137,541635.4860575137 
 07/08  02:00:00,541635.4860575137,541635.4860575137 
 07/08  03:00:00,541635.4860575137,541635.4860575137 
 07/08  04:00:00,541635.4860575137,541635.4860575137 
 07/08  05:00:00,541635.4860575137,541635.4860575137 
 07/08  06:00:00,727801.0911224121,541635.4860575137 
 07/08  07:00:00,4547092.6904424075,541635.4860575137 
 07/08  08:00:00,7285472.696162922,541635.4860575137 
 07/08  09:00:00,9210160.086603874,541635.4860575137 
 07/08  10:00:00,10117826.574268648,541635.4860575137 
 07/08  11:00:00,10801802.496866459,541635.4860575137 
 07/08  12:00:00,10569122.248214634,541635.4860575137 
 07/08  13:00:00,12119798.837551069,1624906.458172541 
 07/08  14:00:00,13887685.590503171,1624906.458172541 
 07/08  15:00:00,14186195.60232478,541635.4860575137 
 07/08  16:00:00,14360285.735487144,541635.4860575137 
 07/08  17:00:00,13289859.924102731,541635.4860575137 
 07/08  18:00:00,10609768.282669775,541635.4860575137 
 07/08  19:00:00,8155796.036702695,541635.4860575137 
 07/08  20:00:00,8576307.653619274,3538827.8990239934 
 07/08  21:00:00,10106854.969885364,5352129.308868714 
 07/08  22:00:00,8631030.511124233,5352129.308868714 
 07/08  23:00:00,9126338.936382711,5352129.308868714 
 07/08  24:00:00,9600667.598769236,5352129.308868714 
 07/09  01:00:00,1273410.4063764035,541635.4860575137 
 07/09  02:00:00,838307.6015033908,541635.4860575137 
 07/09  03:00:00,541635.4860575137,541635.4860575137 
 07/09  04:00:00,541635.4860575137,541635.4860575137 
 07/09  05:00:00,541635.4860575137,541635.4860575137 
 07/09  06:00:00,1238845.0110276446,541635.4860575137 
 07/09  07:00:00,5346486.205260015,541635.4860575137 
 07/09  08:00:00,8517544.395576265,541635.4860575137 
 07/09  09:00:00,10295516.421397606,541635.4860575137 
 07/09  10:00:00,11237616.153647782,541635.4860575137 
 07/09  11:00:00,12055742.937335245,541635.4860575137 
 07/09  12:00:00,11637989.995039593,541635.4860575137 
 07/09  13:00:00,13102500.244788237,1624906.458172541 
 07/09  14:00:00,14861525.692434002,1624906.458172541 
 07/09  15:00:00,15396799.131402163,541635.4860575137 
 07/09  16:00:00,15822601.294742377,541635.4860575137 
 07/09  17:00:00,14671603.985644462,541635.4860575137 
 07/09  18:00:00,12836048.9989119,541635.4860575137 
 07/09  19:00:00,10134425.781755846,541635.4860575137 
 07/09  20:00:00,9669911.86723883,3538827.8990239934 
 07/09  21:00:00,10864356.745822506,5352129.308868714 
 07/09  22:00:00,9039619.134834139,5352129.308868714 
 07/09  23:00:00,9603575.581812635,5352129.308868714 
 07/09  24:00:00,10211688.069350202,5352129.308868714 
 07/10  01:00:00,1605319.303519058,541635.4860575137 
 07/10  02:00:00,1157693.5254597226,541635.4860575137 
 07/10  03:00:00,791247.3383171686,541635.4860575137 
 07/10  04:00:00,541635.4860575137,541635.4860575137 
 07/10  05:00:00,541635.4860575137,541635.4860575137 
 07/10  06:00:00,1707606.7801048374,541635.4860575137 
 07/10  07:00:00,6443202.294616947,541635.4860575137 
 07/10  08:00:00,541635.4860575137,541635.4860575137 
 07/10  09:00:00,541635.4860575137,541635.4860575137 
 07/10  10:00:00,541635.4860575137,541635.4860575137 
 07/10  11:00:00,541635.4860575137,541635.4860575137 
 07/10  12:00:00,541635.4860575137,541635.4860575137 
 07/10  13:00:00,1624906.458172541,1624906.458172541 
 07/10  14:00:00,1624906.458172541,1624906.458172541 
 07/10  15:00:00,541635.4860575137,541635.4860575137 
 07/10  16:00:00,541635.4860575137,541635.4860575137 
 07/10  17:00:00,541635.4860575137,541635.4860575137 
 07/10  18:00:00,541635.4860575137,541635.4860575137 
 07/10  19:00:00,541635.4860575137,541635.4860575137 
 07/10  20:00:00,20222605.60193283,3538827.8990239934 
 07/10  21:00:00,16176231.296310065,5352129.308868714 
 07/10  22:00:00,9328979.40618186,5352129.308868714 
 07/10  23:00:00,10314761.185062973,5352129.308868714 
 07/10  24:00:00,11769617.79273028,5352129.308868714 
 07/11  01:00:00,1775095.8527807263,541635.4860575137 
 07/11  02:00:00,1317416.448527948,541635.4860575137 
 07/11  03:00:00,938905.8180609222,541635.4860575137 
 07/11  04:00:00,603760.6427100621,541635.4860575137 
 07/11  05:00:00,541635.4860575137,541635.4860575137 
 07/11  06:00:00,1656189.501978945,541635.4860575137 
 07/11  07:00:00,5481306.501332113,541635.4860575137 
 07/11  08:00:00,541635.4860575137,541635.4860575137 
 07/11  09:00:00,541635.4860575137,541635.4860575137 
 07/11  10:00:00,541635.4860575137,541635.4860575137 
 07/11  11:00:00,541635.4860575137,541635.4860575137 
 07/11  12:00:00,541635.4860575137,541635.4860575137 
 07/11  13:00:00,1624906.458172541,1624906.458172541 
 07/11  14:00:00,1624906.458172541,1624906.458172541 
 07/11  15:00:00,541635.4860575137,541635.4860575137 
 07/11  16:00:00,541635.4860575137,541635.4860575137 
 07/11  17:00:00,541635.4860575137,541635.4860575137 
 07/11  18:00:00,541635.4860575137,541635.4860575137 
 07/11  19:00:00,541635.4860575137,541635.4860575137 
 07/11  20:00:00,19183040.100803297,3538827.8990239934 
 07/11  21:00:00,15169753.367495975,5352129.308868714 
 07/11  22:00:00,8806013.693891194,5352129.308868714 
 07/11  23:00:00,9700037.426659884,5352129.308868714 
 07/11  24:00:00,11202163.792618306,5352129.308868714 
 07/12  01:00:00,1355265.4678636093,541635.4860575137 
 07/12  02:00:00,834898.8599101003,541635.4860575137 
 07/12  03:00:00,541635.4860575137,541635.4860575137 
 07/12  04:00:00,541635.4860575137,541635.4860575137 
 07/12  05:00:00,541635.4860575137,541635.4860575137 
 07/12  06:00:00,541635.4860575137,541635.4860575137 
 07/12  07:00:00,2761104.0850083693,541635.4860575137 
 07/12  08:00:00,541635.4860575137,541635.4860575137 
 07/12  09:00:00,541635.4860575137,541635.4860575137 
 07/12  10:00:00,541635.4860575137,541635.4860575137 
 07/12  11:00:00,541635.4860575137,541635.4860575137 
 07/12  12:00:00,541635.4860575137,541635.4860575137 
 07/12  13:00:00,1624906.458172541,1624906.458172541 
 07/12  14:00:00,1624906.458172541,1624906.458172541 
 07/12  15:00:00,541635.4860575137,541635.4860575137 
 07/12  16:00:00,541635.4860575137,541635.4860575137 
 07/12  17:00:00,541635.4860575137,541635.4860575137 
 07/12  18:00:00,541635.4860575137,541635.4860575137 
 07/12  19:00:00,541635.4860575137,541635.4860575137 
 07/12  20:00:00,16958884.16126459,3538827.8990239934 
 07/12  21:00:00,12686820.662789594,5352129.308868714 
 07/12  22:00:00,7825222.230959816,5352129.308868714 
 07/12  23:00:00,8520485.595723726,5352129.308868714 
 07/12  24:00:00,9784141.856074251,5352129.308868714 
 07/13  01:00:00,545047.4750539588,541635.4860575137 
 07/13  02:00:00,541635.4860575137,541635.4860575137 
 07/13  03:00:00,541635.4860575137,541635.4860575137 
 07/13  04:00:00,541635.4860575137,541635.4860575137 
 07/13  05:00:00,541635.4860575137,541635.4860575137 
 07/13  06:00:00,541635.4860575137,541635.4860575137 
 07/13  07:00:00,1599013.0357358938,541635.4860575137 
 07/13  08:00:00,541635.4860575137,541635.4860575137 
 07/13  09:00:00,541635.4860575137,541635.4860575137 
 07/13  10:00:00,541635.4860575137,541635.4860575137 
 07/13  11:00:00,541635.4860575137,541635.4860575137 
 07/13  12:00:00,541635.4860575137,541635.4860575137 
 07/13  13:00:00,1624906.458172541,1624906.458172541 
 07/13  14:00:00,1624906.458172541,1624906.458172541 
 07/13  15:00:00,541635.4860575137,541635.4860575137 
 07/13  16:00:00,541635.4860575137,541635.4860575137 
 07/13  17:00:00,541635.4860575137,541635.4860575137 
 07/13  18:00:00,541635.4860575137,541635.4860575137 
 07/13  19:00:00,541635.4860575137,541635.4860575137 
 07/13  20:00:00,14936578.409090396,3538827.8990239934 
 07/13  21:00:00,10704421.819854517,5352129.308868714 
 07/13  22:00:00,6875089.374808153,5352129.308868714 
 07/13  23:00:00,7422680.85069194,5352129.308868714 
 07/13  24:00:00,8502441.6216553,5352129.308868714 
 07/14  01:00:00,541635.4860575137,541635.4860575137 
 07/14  02:00:00,541635.4860575137,541635.4860575137 
 07/14  03:00:00,541635.4860575137,541635.4860575137 
 07/14  04:00:00,541635.4860575137,541635.4860575137 
 07/14  05:00:00,541635.4860575137,541635.4860575137 
 07/14  06:00:00,541635.4860575137,541635.4860575137 
 07/14  07:00:00,823038.3254416309,541635.4860575137 
 07/14  08:00:00,541635.4860575137,541635.4860575137 
 07/14  09:00:00,541635.4860575137,541635.4860575137 
 07/14  10:00:00,541635.4860575137,541635.4860575137 
 07/14  11:00:00,541635.4860575137,541635.4860575137 
 07/14  12:00:00,541635.4860575137,541635.4860575137 
 07/14  13:00:00,1624906.458172541,1624906.458172541 
 07/14  14:00:00,1624906.458172541,1624906.458172541 
 07/14  15:00:00,541635.4860575137,541635.4860575137 
 07/14  16:00:00,541635.4860575137,541635.4860575137 
 07/14  17:00:00,541635.4860575137,541635.4860575137 
 07/14  18:00:00,541635.4860575137,541635.4860575137 
 07/14  19:00:00,541635.4860575137,541635.4860575137 
 07/14  20:00:00,15188768.531328043,3538827.8990239934 
 07/14  21:00:00,12057022.951338185,5352129.308868714 
 07/14  22:00:00,8103818.693711816,5352129.308868714 
 07/14  23:00:00,8590531.998988725,5352129.308868714 
 07/14  24:00:00,9700575.852627706,5352129.308868714 
 07/15  01:00:00,739171.1350979571,541635.4860575137 
 07/15  02:00:00,541635.4860575137,541635.4860575137 
 07/15  03:00:00,541635.4860575137,541635.4860575137 
 07/15  04:00:00,541635.4860575137,541635.4860575137 
 07/15  05:00:00,541635.4860575137,541635.4860575137 
 07/15  06:00:00,541635.4860575137,541635.4860575137 
 07/15  07:00:00,823017.0427850485,541635.4860575137 
 07/15  08:00:00,3909393.509159833,541635.4860575137 
 07/15  09:00:00,6172215.679794326,541635.4860575137 
 07/15  10:00:00,7215085.508038434,541635.4860575137 
 07/15  11:00:00,7880326.181260733,541635.4860575137 
 07/15  12:00:00,7495820.247131335,541635.4860575137 
 07/15  13:00:00,8812856.010651348,1624906.458172541 
 07/15  14:00:00,9212782.292625722,1624906.458172541 
 07/15  15:00:00,7331828.3687700415,541635.4860575137 
 07/15  16:00:00,6458956.906145114,541635.4860575137 
 07/15  17:00:00,5272029.253153098,541635.4860575137 
 07/15  18:00:00,3587024.0821373193,541635.4860575137 
 07/15  19:00:00,2347927.4492206597,541635.4860575137 
 07/15  20:00:00,5806483.657262031,3538827.8990239934 
 07/15  21:00:00,8196428.84219099,5352129.308868714 
 07/15  22:00:00,7408814.513218696,5352129.308868714 
 07/15  23:00:00,7642692.4648268195,5352129.308868714 
 07/15  24:00:00,7906500.4095181925,5352129.308868714 
 07/16  01:00:00,541635.4860575137,541635.4860575137 
 07/16  02:00:00,541635.4860575137,541635.4860575137 
 07/16  03:00:00,541635.4860575137,541635.4860575137 
 07/16  04:00:00,541635.4860575137,541635.4860575137 
 07/16  05:00:00,541635.4860575137,541635.4860575137 
 07/16  06:00:00,541635.4860575137,541635.4860575137 
 07/16  07:00:00,541635.4860575137,541635.4860575137 
 07/16  08:00:00,1475077.4857440093,541635.4860575137 
 07/16  09:00:00,2438489.5328733977,541635.4860575137 
 07/16  10:00:00,3465769.466671802,541635.4860575137 
 07/16  11:00:00,4270298.118111793,541635.4860575137 
 07/16  12:00:00,4638573.4158097245,541635.4860575137 
 07/16  13:00:00,6440513.442947934,1624906.458172541 
 07/16  14:00:00,6532059.165054481,1624906.458172541 
 07/16  15:00:00,4608988.664692127,541635.4860575137 
 07/16  16:00:00,4636628.787924888,541635.4860575137 
 07/16  17:00:00,4074268.938825976,541635.4860575137 
 07/16  18:00:00,3156690.972198876,541635.4860575137 
 07/16  19:00:00,2377239.591745897,541635.4860575137 
 07/16  20:00:00,6594447.646310825,3538827.8990239934 
 07/16  21:00:00,9005396.0949505,5352129.308868714 
 07/16  22:00:00,7551230.913150176,5352129.308868714 
 07/16  23:00:00,8006992.503839485,5352129.308868714 
 07/16  24:00:00,8506153.511529101,5352129.308868714 
 07/17  01:00:00,541635.4860575137,541635.4860575137 
 07/17  02:00:00,541635.4860575137,541635.4860575137 
 07/17  03:00:00,541635.4860575137,541635.4860575137 
 07/17  04:00:00,541635.4860575137,541635.4860575137 
 07/17  05:00:00,541635.4860575137,541635.4860575137 
 07/17  06:00:00,541635.4860575137,541635.4860575137 
 07/17  07:00:00,541635.4860575137,541635.4860575137 
 07/17  08:00:00,541635.4860575137,541635.4860575137 
 07/17  09:00:00,541635.4860575137,541635.4860575137 
 07/17  10:00:00,541635.4860575137,541635.4860575137 
 07/17  11:00:00,541635.4860575137,541635.4860575137 
 07/17  12:00:00,541635.4860575137,541635.4860575137 
 07/17  13:00:00,1624906.458172541,1624906.458172541 
 07/17  14:00:00,1624906.458172541,1624906.458172541 
 07/17  15:00:00,541635.4860575137,541635.4860575137 
 07/17  16:00:00,541635.4860575137,541635.4860575137 
 07/17  17:00:00,541635.4860575137,541635.4860575137 
 07/17  18:00:00,541635.4860575137,541635.4860575137 
 07/17  19:00:00,541635.4860575137,541635.4860575137 
 07/17  20:00:00,11860467.430817578,3538827.8990239934 
 07/17  21:00:00,9100051.845975775,5352129.308868714 
 07/17  22:00:00,6927393.372099214,5352129.308868714 
 07/17  23:00:00,7233566.206972216,5352129.308868714 
 07/17  24:00:00,8046241.827527981,5352129.308868714 
 07/18  01:00:00,541635.4860575137,541635.4860575137 
 07/18  02:00:00,541635.4860575137,541635.4860575137 
 07/18  03:00:00,541635.4860575137,541635.4860575137 
 07/18  04:00:00,541635.4860575137,541635.4860575137 
 07/18  05:00:00,541635.4860575137,541635.4860575137 
 07/18  06:00:00,541635.4860575137,541635.4860575137 
 07/18  07:00:00,541635.4860575137,541635.4860575137 
 07/18  08:00:00,541635.4860575137,541635.4860575137 
 07/18  09:00:00,541635.4860575137,541635.4860575137 
 07/18  10:00:00,541635.4860575137,541635.4860575137 
 07/18  11:00:00,541635.4860575137,541635.4860575137 
 07/18  12:00:00,541635.4860575137,541635.4860575137 
 07/18  13:00:00,1624906.458172541,1624906.458172541 
 07/18  14:00:00,1624906.458172541,1624906.458172541 
 07/18  15:00:00,541635.4860575137,541635.4860575137 
 07/18  16:00:00,541635.4860575137,541635.4860575137 
 07/18  17:00:00,541635.4860575137,541635.4860575137 
 07/18  18:00:00,541635.4860575137,541635.4860575137 
 07/18  19:00:00,541635.4860575137,541635.4860575137 
 07/18  20:00:00,6893382.755633991,3538827.8990239934 
 07/18  21:00:00,8155815.508700179,5352129.308868714 
 07/18  22:00:00,8145124.3042115625,5352129.308868714 
 07/18  23:00:00,8048387.548337243,5352129.308868714 
 07/18  24:00:00,8310400.116941686,5352129.308868714 
 07/19  01:00:00,541635.4860575137,541635.4860575137 
 07/19  02:00:00,541635.4860575137,541635.4860575137 
 07/19  03:00:00,541635.4860575137,541635.4860575137 
 07/19  04:00:00,541635.4860575137,541635.4860575137 
 07/19  05:00:00,541635.4860575137,541635.4860575137 
 07/19  06:00:00,541635.4860575137,541635.4860575137 
 07/19  07:00:00,541635.4860575137,541635.4860575137 
 07/19  08:00:00,541635.4860575137,541635.4860575137 
 07/19  09:00:00,541635.4860575137,541635.4860575137 
 07/19  10:00:00,541635.4860575137,541635.4860575137 
 07/19  11:00:00,541635.4860575137,541635.4860575137 
 07/19  12:00:00,541635.4860575137,541635.4860575137 
 07/19  13:00:00,1624906.458172541,1624906.458172541 
 07/19  14:00:00,1624906.458172541,1624906.458172541 
 07/19  15:00:00,541635.4860575137,541635.4860575137 
 07/19  16:00:00,541635.4860575137,541635.4860575137 
 07/19  17:00:00,541635.4860575137,541635.4860575137 
 07/19  18:00:00,541635.4860575137,541635.4860575137 
 07/19  19:00:00,541635.4860575137,541635.4860575137 
 07/19  20:00:00,7567651.940671024,3538827.8990239934 
 07/19  21:00:00,8777903.794838304,5352129.308868714 
 07/19  22:00:00,7892029.519292017,5352129.308868714 
 07/19  23:00:00,8164992.905838037,5352129.308868714 
 07/19  24:00:00,8490661.784276687,5352129.308868714 
 07/20  01:00:00,541635.4860575137,541635.4860575137 
 07/20  02:00:00,541635.4860575137,541635.4860575137 
 07/20  03:00:00,541635.4860575137,541635.4860575137 
 07/20  04:00:00,541635.4860575137,541635.4860575137 
 07/20  05:00:00,541635.4860575137,541635.4860575137 
 07/20  06:00:00,541635.4860575137,541635.4860575137 
 07/20  07:00:00,852664.4235546782,541635.4860575137 
 07/20  08:00:00,541635.4860575137,541635.4860575137 
 07/20  09:00:00,541635.4860575137,541635.4860575137 
 07/20  10:00:00,541635.4860575137,541635.4860575137 
 07/20  11:00:00,541635.4860575137,541635.4860575137 
 07/20  12:00:00,541635.4860575137,541635.4860575137 
 07/20  13:00:00,1624906.458172541,1624906.458172541 
 07/20  14:00:00,1624906.458172541,1624906.458172541 
 07/20  15:00:00,541635.4860575137,541635.4860575137 
 07/20  16:00:00,541635.4860575137,541635.4860575137 
 07/20  17:00:00,541635.4860575137,541635.4860575137 
 07/20  18:00:00,541635.4860575137,541635.4860575137 
 07/20  19:00:00,541635.4860575137,541635.4860575137 
 07/20  20:00:00,10465358.5953931,3538827.8990239934 
 07/20  21:00:00,10098704.800801877,5352129.308868714 
 07/20  22:00:00,7569903.511565715,5352129.308868714 
 07/20  23:00:00,8049628.612074989,5352129.308868714 
 07/20  24:00:00,8872611.977287805,5352129.308868714 
 07/21  01:00:00,541635.4860575137,541635.4860575137 
 07/21  02:00:00,541635.4860575137,541635.4860575137 
 07/21  03:00:00,541635.4860575137,541635.4860575137 
 07/21  04:00:00,541635.4860575137,541635.4860575137 
 07/21  05:00:00,541635.4860575137,541635.4860575137 
 07/21  06:00:00,541635.4860575137,541635.4860575137 
 07/21  07:00:00,2129824.355476967,541635.4860575137 
 07/21  08:00:00,541635.4860575137,541635.4860575137 
 07/21  09:00:00,541635.4860575137,541635.4860575137 
 07/21  10:00:00,541635.4860575137,541635.4860575137 
 07/21  11:00:00,541635.4860575137,541635.4860575137 
 07/21  12:00:00,541635.4860575137,541635.4860575137 
 07/21  13:00:00,1624906.458172541,1624906.458172541 
 07/21  14:00:00,1624906.458172541,1624906.458172541 
 07/21  15:00:00,541635.4860575137,541635.4860575137 
 07/21  16:00:00,541635.4860575137,541635.4860575137 
 07/21  17:00:00,541635.4860575137,541635.4860575137 
 07/21  18:00:00,541635.4860575137,541635.4860575137 
 07/21  19:00:00,541635.4860575137,541635.4860575137 
 07/21  20:00:00,17789382.516348056,3538827.8990239934 
 07/21  21:00:00,13904137.756467555,5352129.308868714 
 07/21  22:00:00,8693748.025960252,5352129.308868714 
 07/21  23:00:00,9352548.58750291,5352129.308868714 
 07/21  24:00:00,10559454.757228129,5352129.308868714 
 07/22  01:00:00,1420208.0488787421,541635.4860575137 
 07/22  02:00:00,997098.5140997308,541635.4860575137 
 07/22  03:00:00,683785.3749597734,541635.4860575137 
 07/22  04:00:00,541635.4860575137,541635.4860575137 
 07/22  05:00:00,541635.4860575137,541635.4860575137 
 07/22  06:00:00,541635.4860575137,541635.4860575137 
 07/22  07:00:00,3656263.7719778903,541635.4860575137 
 07/22  08:00:00,8960367.754147397,541635.4860575137 
 07/22  09:00:00,10409392.058024459,541635.4860575137 
 07/22  10:00:00,11634250.278759543,541635.4860575137 
 07/22  11:00:00,12426205.059661094,541635.4860575137 
 07/22  12:00:00,12153262.280211126,541635.4860575137 
 07/22  13:00:00,13443817.927492406,1624906.458172541 
 07/22  14:00:00,15582693.426703755,1624906.458172541 
 07/22  15:00:00,15974647.391216848,541635.4860575137 
 07/22  16:00:00,16314717.099972548,541635.4860575137 
 07/22  17:00:00,15515630.237212801,541635.4860575137 
 07/22  18:00:00,12550090.516123999,541635.4860575137 
 07/22  19:00:00,8733633.281781426,541635.4860575137 
 07/22  20:00:00,9145452.058933211,3538827.8990239934 
 07/22  21:00:00,10651254.867028832,5352129.308868714 
 07/22  22:00:00,9078084.863628933,5352129.308868714 
 07/22  23:00:00,9544623.69681769,5352129.308868714 
 07/22  24:00:00,10104549.254031952,5352129.308868714 
 07/23  01:00:00,1668609.600644351,541635.4860575137 
 07/23  02:00:00,1295012.5940902955,541635.4860575137 
 07/23  03:00:00,998947.4972790554,541635.4860575137 
 07/23  04:00:00,674586.1949156572,541635.4860575137 
 07/23  05:00:00,541635.4860575137,541635.4860575137 
 07/23  06:00:00,541635.4860575137,541635.4860575137 
 07/23  07:00:00,3921826.132755596,541635.4860575137 
 07/23  08:00:00,8056328.461300331,541635.4860575137 
 07/23  09:00:00,10764002.361679,541635.4860575137 
 07/23  10:00:00,12305650.645641794,541635.4860575137 
 07/23  11:00:00,12962772.606120447,541635.4860575137 
 07/23  12:00:00,13485127.06489832,541635.4860575137 
 07/23  13:00:00,15214970.916180072,1624906.458172541 
 07/23  14:00:00,17012445.435568597,1624906.458172541 
 07/23  15:00:00,17151234.489967622,541635.4860575137 
 07/23  16:00:00,18098488.55323437,541635.4860575137 
 07/23  17:00:00,18016817.877574503,541635.4860575137 
 07/23  18:00:00,16132741.271419883,541635.4860575137 
 07/23  19:00:00,12324450.08664671,541635.4860575137 
 07/23  20:00:00,10867294.429874979,3538827.8990239934 
 07/23  21:00:00,12379710.54964228,5352129.308868714 
 07/23  22:00:00,11400259.145755582,5352129.308868714 
 07/23  23:00:00,11821531.32733032,5352129.308868714 
 07/23  24:00:00,12191984.043499332,5352129.308868714 
 07/24  01:00:00,3695397.9610871025,541635.4860575137 
 07/24  02:00:00,3599953.7526551397,541635.4860575137 
 07/24  03:00:00,3531395.9399648886,541635.4860575137 
 07/24  04:00:00,3512664.4189200588,541635.4860575137 
 07/24  05:00:00,3409472.5016537444,541635.4860575137 
 07/24  06:00:00,3525646.9731829753,541635.4860575137 
 07/24  07:00:00,4261296.390968998,541635.4860575137 
 07/24  08:00:00,541635.4860575137,541635.4860575137 
 07/24  09:00:00,541635.4860575137,541635.4860575137 
 07/24  10:00:00,541635.4860575137,541635.4860575137 
 07/24  11:00:00,541635.4860575137,541635.4860575137 
 07/24  12:00:00,541635.4860575137,541635.4860575137 
 07/24  13:00:00,1624906.458172541,1624906.458172541 
 07/24  14:00:00,1624906.458172541,1624906.458172541 
 07/24  15:00:00,541635.4860575137,541635.4860575137 
 07/24  16:00:00,541635.4860575137,541635.4860575137 
 07/24  17:00:00,541635.4860575137,541635.4860575137 
 07/24  18:00:00,541635.4860575137,541635.4860575137 
 07/24  19:00:00,541635.4860575137,541635.4860575137 
 07/24  20:00:00,17364630.535161525,3538827.8990239934 
 07/24  21:00:00,17806275.565744206,5352129.308868714 
 07/24  22:00:00,12530643.335874971,5352129.308868714 
 07/24  23:00:00,13249922.755307406,5352129.308868714 
 07/24  24:00:00,14265807.703596964,5352129.308868714 
 07/25  01:00:00,4156471.0013504145,541635.4860575137 
 07/25  02:00:00,3791684.0990648037,541635.4860575137 
 07/25  03:00:00,3600028.733860051,541635.4860575137 
 07/25  04:00:00,3276764.400601577,541635.4860575137 
 07/25  05:00:00,3011708.219401594,541635.4860575137 
 07/25  06:00:00,3103811.8399802144,541635.4860575137 
 07/25  07:00:00,7426673.306063994,541635.4860575137 
 07/25  08:00:00,541635.4860575137,541635.4860575137 
 07/25  09:00:00,541635.4860575137,541635.4860575137 
 07/25  10:00:00,541635.4860575137,541635.4860575137 
 07/25  11:00:00,541635.4860575137,541635.4860575137 
 07/25  12:00:00,541635.4860575137,541635.4860575137 
 07/25  13:00:00,1624906.458172541,1624906.458172541 
 07/25  14:00:00,1624906.458172541,1624906.458172541 
 07/25  15:00:00,541635.4860575137,541635.4860575137 
 07/25  16:00:00,541635.4860575137,541635.4860575137 
 07/25  17:00:00,541635.4860575137,541635.4860575137 
 07/25  18:00:00,541635.4860575137,541635.4860575137 
 07/25  19:00:00,541635.4860575137,541635.4860575137 
 07/25  20:00:00,14972253.23162942,3538827.8990239934 
 07/25  21:00:00,15356216.468867652,5352129.308868714 
 07/25  22:00:00,10936267.056429472,5352129.308868714 
 07/25  23:00:00,11463687.25174684,5352129.308868714 
 07/25  24:00:00,12296705.202448035,5352129.308868714 
 07/26  01:00:00,2989718.560582836,541635.4860575137 
 07/26  02:00:00,2821736.437266777,541635.4860575137 
 07/26  03:00:00,2763777.317504606,541635.4860575137 
 07/26  04:00:00,2673557.9363338873,541635.4860575137 
 07/26  05:00:00,2502566.1402548617,541635.4860575137 
 07/26  06:00:00,2488386.066394509,541635.4860575137 
 07/26  07:00:00,3329316.175384477,541635.4860575137 
 07/26  08:00:00,541635.4860575137,541635.4860575137 
 07/26  09:00:00,541635.4860575137,541635.4860575137 
 07/26  10:00:00,541635.4860575137,541635.4860575137 
 07/26  11:00:00,541635.4860575137,541635.4860575137 
 07/26  12:00:00,541635.4860575137,541635.4860575137 
 07/26  13:00:00,1624906.458172541,1624906.458172541 
 07/26  14:00:00,1624906.458172541,1624906.458172541 
 07/26  15:00:00,541635.4860575137,541635.4860575137 
 07/26  16:00:00,541635.4860575137,541635.4860575137 
 07/26  17:00:00,541635.4860575137,541635.4860575137 
 07/26  18:00:00,541635.4860575137,541635.4860575137 
 07/26  19:00:00,541635.4860575137,541635.4860575137 
 07/26  20:00:00,13701950.989043206,3538827.8990239934 
 07/26  21:00:00,14848483.28477744,5352129.308868714 
 07/26  22:00:00,10895250.75181472,5352129.308868714 
 07/26  23:00:00,11445481.364550686,5352129.308868714 
 07/26  24:00:00,12308253.748907149,5352129.308868714 
 07/27  01:00:00,2890659.5975832697,541635.4860575137 
 07/27  02:00:00,2677344.955398984,541635.4860575137 
 07/27  03:00:00,2548132.103518806,541635.4860575137 
 07/27  04:00:00,2163492.819089668,541635.4860575137 
 07/27  05:00:00,2444742.1825741753,541635.4860575137 
 07/27  06:00:00,2432460.017547573,541635.4860575137 
 07/27  07:00:00,2561372.757949558,541635.4860575137 
 07/27  08:00:00,541635.4860575137,541635.4860575137 
 07/27  09:00:00,541635.4860575137,541635.4860575137 
 07/27  10:00:00,541635.4860575137,541635.4860575137 
 07/27  11:00:00,541635.4860575137,541635.4860575137 
 07/27  12:00:00,541635.4860575137,541635.4860575137 
 07/27  13:00:00,1624906.458172541,1624906.458172541 
 07/27  14:00:00,1624906.458172541,1624906.458172541 
 07/27  15:00:00,541635.4860575137,541635.4860575137 
 07/27  16:00:00,541635.4860575137,541635.4860575137 
 07/27  17:00:00,541635.4860575137,541635.4860575137 
 07/27  18:00:00,541635.4860575137,541635.4860575137 
 07/27  19:00:00,541635.4860575137,541635.4860575137 
 07/27  20:00:00,9728844.370391576,3538827.8990239934 
 07/27  21:00:00,9273637.92200283,5352129.308868714 
 07/27  22:00:00,8770098.784757927,5352129.308868714 
 07/27  23:00:00,8982573.619066706,5352129.308868714 
 07/27  24:00:00,9550802.901856272,5352129.308868714 
 07/28  01:00:00,915793.6261746463,541635.4860575137 
 07/28  02:00:00,541635.4860575137,541635.4860575137 
 07/28  03:00:00,541635.4860575137,541635.4860575137 
 07/28  04:00:00,541635.4860575137,541635.4860575137 
 07/28  05:00:00,541635.4860575137,541635.4860575137 
 07/28  06:00:00,541635.4860575137,541635.4860575137 
 07/28  07:00:00,776554.7512962196,541635.4860575137 
 07/28  08:00:00,541635.4860575137,541635.4860575137 
 07/28  09:00:00,541635.4860575137,541635.4860575137 
 07/28  10:00:00,541635.4860575137,541635.4860575137 
 07/28  11:00:00,541635.4860575137,541635.4860575137 
 07/28  12:00:00,541635.4860575137,541635.4860575137 
 07/28  13:00:00,1624906.458172541,1624906.458172541 
 07/28  14:00:00,1624906.458172541,1624906.458172541 
 07/28  15:00:00,541635.4860575137,541635.4860575137 
 07/28  16:00:00,541635.4860575137,541635.4860575137 
 07/28  17:00:00,541635.4860575137,541635.4860575137 
 07/28  18:00:00,541635.4860575137,541635.4860575137 
 07/28  19:00:00,541635.4860575137,541635.4860575137 
 07/28  20:00:00,12034732.75993998,3538827.8990239934 
 07/28  21:00:00,10669428.69719315,5352129.308868714 
 07/28  22:00:00,8160502.312373961,5352129.308868714 
 07/28  23:00:00,8531416.570574608,5352129.308868714 
 07/28  24:00:00,9320651.826503644,5352129.308868714 
 07/29  01:00:00,867499.9772406637,541635.4860575137 
 07/29  02:00:00,737166.3184469802,541635.4860575137 
 07/29  03:00:00,587998.3023787204,541635.4860575137 
 07/29  04:00:00,541635.4860575137,541635.4860575137 
 07/29  05:00:00,541635.4860575137,541635.4860575137 
 07/29  06:00:00,541635.4860575137,541635.4860575137 
 07/29  07:00:00,608920.8245153601,541635.4860575137 
 07/29  08:00:00,1499930.0067876626,541635.4860575137 
 07/29  09:00:00,3319838.8270653123,541635.4860575137 
 07/29  10:00:00,4358667.491540474,541635.4860575137 
 07/29  11:00:00,7641383.185563294,541635.4860575137 
 07/29  12:00:00,9663425.700921841,541635.4860575137 
 07/29  13:00:00,8918309.112329016,1624906.458172541 
 07/29  14:00:00,9745918.218864992,1624906.458172541 
 07/29  15:00:00,8798188.226926541,541635.4860575137 
 07/29  16:00:00,9066272.433555737,541635.4860575137 
 07/29  17:00:00,9174001.295656487,541635.4860575137 
 07/29  18:00:00,8701716.853012234,541635.4860575137 
 07/29  19:00:00,6822056.327370394,541635.4860575137 
 07/29  20:00:00,7857268.356061788,3538827.8990239934 
 07/29  21:00:00,9705976.341992037,5352129.308868714 
 07/29  22:00:00,8595012.793483153,5352129.308868714 
 07/29  23:00:00,8990947.068334175,5352129.308868714 
 07/29  24:00:00,9348440.071541157,5352129.308868714 
 07/30  01:00:00,904413.3102268514,541635.4860575137 
 07/30  02:00:00,541635.4860575137,541635.4860575137 
 07/30  03:00:00,541635.4860575137,541635.4860575137 
 07/30  04:00:00,541635.4860575137,541635.4860575137 
 07/30  05:00:00,541635.4860575137,541635.4860575137 
 07/30  06:00:00,541635.4860575137,541635.4860575137 
 07/30  07:00:00,1388066.0504379165,541635.4860575137 
 07/30  08:00:00,4923072.8118557455,541635.4860575137 
 07/30  09:00:00,7375747.842220288,541635.4860575137 
 07/30  10:00:00,8260400.743423678,541635.4860575137 
 07/30  11:00:00,9132623.421918841,541635.4860575137 
 07/30  12:00:00,9534160.060234537,541635.4860575137 
 07/30  13:00:00,11257911.288953638,1624906.458172541 
 07/30  14:00:00,11963681.926820064,1624906.458172541 
 07/30  15:00:00,11120710.9797844,541635.4860575137 
 07/30  16:00:00,10234470.679497428,541635.4860575137 
 07/30  17:00:00,9349923.201742716,541635.4860575137 
 07/30  18:00:00,7048297.728738218,541635.4860575137 
 07/30  19:00:00,4650097.904842012,541635.4860575137 
 07/30  20:00:00,6944615.776953342,3538827.8990239934 
 07/30  21:00:00,9188438.938849613,5352129.308868714 
 07/30  22:00:00,8560040.326987047,5352129.308868714 
 07/30  23:00:00,8801807.4341718,5352129.308868714 
 07/30  24:00:00,9024553.384101294,5352129.308868714 
 07/31  01:00:00,1148444.7984031728,541635.4860575137 
 07/31  02:00:00,928651.0607445643,541635.4860575137 
 07/31  03:00:00,656637.8050543417,541635.4860575137 
 07/31  04:00:00,541635.4860575137,541635.4860575137 
 07/31  05:00:00,721106.4982756018,541635.4860575137 
 07/31  06:00:00,860397.8022904266,541635.4860575137 
 07/31  07:00:00,1816359.0312489108,541635.4860575137 
 07/31  08:00:00,541635.4860575137,541635.4860575137 
 07/31  09:00:00,541635.4860575137,541635.4860575137 
 07/31  10:00:00,541635.4860575137,541635.4860575137 
 07/31  11:00:00,541635.4860575137,541635.4860575137 
 07/31  12:00:00,541635.4860575137,541635.4860575137 
 07/31  13:00:00,1624906.458172541,1624906.458172541 
 07/31  14:00:00,1624906.458172541,1624906.458172541 
 07/31  15:00:00,541635.4860575137,541635.4860575137 
 07/31  16:00:00,541635.4860575137,541635.4860575137 
 07/31  17:00:00,541635.4860575137,541635.4860575137 
 07/31  18:00:00,541635.4860575137,541635.4860575137 
 07/31  19:00:00,541635.4860575137,541635.4860575137 
 07/31  20:00:00,13030764.36533482,3538827.8990239934 
 07/31  21:00:00,13395316.302586585,5352129.308868714 
 07/31  22:00:00,9683240.416253181,5352129.308868714 
 07/31  23:00:00,10121571.423988221,5352129.308868714 
 07/31  24:00:00,10810438.92540067,5352129.308868714 
 08/01  01:00:00,1605314.2996596745,541635.4860575137 
 08/01  02:00:00,1256777.051491203,541635.4860575137 
 08/01  03:00:00,958519.9584022681,541635.4860575137 
 08/01  04:00:00,768478.1063441929,541635.4860575137 
 08/01  05:00:00,541635.4860575137,541635.4860575137 
 08/01  06:00:00,541635.4860575137,541635.4860575137 
 08/01  07:00:00,1290137.3120554285,541635.4860575137 
 08/01  08:00:00,541635.4860575137,541635.4860575137 
 08/01  09:00:00,541635.4860575137,541635.4860575137 
 08/01  10:00:00,541635.4860575137,541635.4860575137 
 08/01  11:00:00,541635.4860575137,541635.4860575137 
 08/01  12:00:00,541635.4860575137,541635.4860575137 
 08/01  13:00:00,1624906.458172541,1624906.458172541 
 08/01  14:00:00,1624906.458172541,1624906.458172541 
 08/01  15:00:00,541635.4860575137,541635.4860575137 
 08/01  16:00:00,541635.4860575137,541635.4860575137 
 08/01  17:00:00,541635.4860575137,541635.4860575137 
 08/01  18:00:00,541635.4860575137,541635.4860575137 
 08/01  19:00:00,541635.4860575137,541635.4860575137 
 08/01  20:00:00,9881376.207796477,3538827.8990239934 
 08/01  21:00:00,10272548.474779908,5352129.308868714 
 08/01  22:00:00,7939859.262687219,5352129.308868714 
 08/01  23:00:00,8473815.150709901,5352129.308868714 
 08/01  24:00:00,9299027.050592694,5352129.308868714 
 08/02  01:00:00,589046.1543922152,541635.4860575137 
 08/02  02:00:00,541635.4860575137,541635.4860575137 
 08/02  03:00:00,541635.4860575137,541635.4860575137 
 08/02  04:00:00,541635.4860575137,541635.4860575137 
 08/02  05:00:00,541635.4860575137,541635.4860575137 
 08/02  06:00:00,541635.4860575137,541635.4860575137 
 08/02  07:00:00,1495765.2086721351,541635.4860575137 
 08/02  08:00:00,541635.4860575137,541635.4860575137 
 08/02  09:00:00,541635.4860575137,541635.4860575137 
 08/02  10:00:00,541635.4860575137,541635.4860575137 
 08/02  11:00:00,541635.4860575137,541635.4860575137 
 08/02  12:00:00,541635.4860575137,541635.4860575137 
 08/02  13:00:00,1624906.458172541,1624906.458172541 
 08/02  14:00:00,1624906.458172541,1624906.458172541 
 08/02  15:00:00,541635.4860575137,541635.4860575137 
 08/02  16:00:00,541635.4860575137,541635.4860575137 
 08/02  17:00:00,541635.4860575137,541635.4860575137 
 08/02  18:00:00,541635.4860575137,541635.4860575137 
 08/02  19:00:00,541635.4860575137,541635.4860575137 
 08/02  20:00:00,11855289.781487431,3538827.8990239934 
 08/02  21:00:00,11756065.054251045,5352129.308868714 
 08/02  22:00:00,8381733.752044139,5352129.308868714 
 08/02  23:00:00,8954484.736304816,5352129.308868714 
 08/02  24:00:00,9832401.06148047,5352129.308868714 
 08/03  01:00:00,864899.8468460402,541635.4860575137 
 08/03  02:00:00,541635.4860575137,541635.4860575137 
 08/03  03:00:00,541635.4860575137,541635.4860575137 
 08/03  04:00:00,541635.4860575137,541635.4860575137 
 08/03  05:00:00,541635.4860575137,541635.4860575137 
 08/03  06:00:00,541635.4860575137,541635.4860575137 
 08/03  07:00:00,2332659.4887666865,541635.4860575137 
 08/03  08:00:00,541635.4860575137,541635.4860575137 
 08/03  09:00:00,541635.4860575137,541635.4860575137 
 08/03  10:00:00,541635.4860575137,541635.4860575137 
 08/03  11:00:00,541635.4860575137,541635.4860575137 
 08/03  12:00:00,541635.4860575137,541635.4860575137 
 08/03  13:00:00,1624906.458172541,1624906.458172541 
 08/03  14:00:00,1624906.458172541,1624906.458172541 
 08/03  15:00:00,541635.4860575137,541635.4860575137 
 08/03  16:00:00,541635.4860575137,541635.4860575137 
 08/03  17:00:00,541635.4860575137,541635.4860575137 
 08/03  18:00:00,541635.4860575137,541635.4860575137 
 08/03  19:00:00,541635.4860575137,541635.4860575137 
 08/03  20:00:00,13319101.39530066,3538827.8990239934 
 08/03  21:00:00,11894200.028459143,5352129.308868714 
 08/03  22:00:00,8020910.146521617,5352129.308868714 
 08/03  23:00:00,8605278.222829755,5352129.308868714 
 08/03  24:00:00,9701447.135332586,5352129.308868714 
 08/04  01:00:00,667264.3507473164,541635.4860575137 
 08/04  02:00:00,541635.4860575137,541635.4860575137 
 08/04  03:00:00,541635.4860575137,541635.4860575137 
 08/04  04:00:00,541635.4860575137,541635.4860575137 
 08/04  05:00:00,541635.4860575137,541635.4860575137 
 08/04  06:00:00,541635.4860575137,541635.4860575137 
 08/04  07:00:00,1569479.0428167107,541635.4860575137 
 08/04  08:00:00,541635.4860575137,541635.4860575137 
 08/04  09:00:00,541635.4860575137,541635.4860575137 
 08/04  10:00:00,541635.4860575137,541635.4860575137 
 08/04  11:00:00,541635.4860575137,541635.4860575137 
 08/04  12:00:00,541635.4860575137,541635.4860575137 
 08/04  13:00:00,1624906.458172541,1624906.458172541 
 08/04  14:00:00,1624906.458172541,1624906.458172541 
 08/04  15:00:00,541635.4860575137,541635.4860575137 
 08/04  16:00:00,541635.4860575137,541635.4860575137 
 08/04  17:00:00,541635.4860575137,541635.4860575137 
 08/04  18:00:00,541635.4860575137,541635.4860575137 
 08/04  19:00:00,541635.4860575137,541635.4860575137 
 08/04  20:00:00,14380858.075931404,3538827.8990239934 
 08/04  21:00:00,12101676.970973752,5352129.308868714 
 08/04  22:00:00,8174506.28937312,5352129.308868714 
 08/04  23:00:00,8693062.186292661,5352129.308868714 
 08/04  24:00:00,9765244.297629766,5352129.308868714 
 08/05  01:00:00,924335.6915927036,541635.4860575137 
 08/05  02:00:00,602416.6310945727,541635.4860575137 
 08/05  03:00:00,541635.4860575137,541635.4860575137 
 08/05  04:00:00,541635.4860575137,541635.4860575137 
 08/05  05:00:00,541635.4860575137,541635.4860575137 
 08/05  06:00:00,541635.4860575137,541635.4860575137 
 08/05  07:00:00,856491.7906011632,541635.4860575137 
 08/05  08:00:00,2857925.3660824825,541635.4860575137 
 08/05  09:00:00,6875415.5612981105,541635.4860575137 
 08/05  10:00:00,8680480.055593025,541635.4860575137 
 08/05  11:00:00,9411210.294678451,541635.4860575137 
 08/05  12:00:00,9831308.02716625,541635.4860575137 
 08/05  13:00:00,11194467.58433762,1624906.458172541 
 08/05  14:00:00,12013215.95759412,1624906.458172541 
 08/05  15:00:00,10803757.435638608,541635.4860575137 
 08/05  16:00:00,10428045.213315323,541635.4860575137 
 08/05  17:00:00,11521606.895405766,541635.4860575137 
 08/05  18:00:00,9858930.357277995,541635.4860575137 
 08/05  19:00:00,6559173.337662994,541635.4860575137 
 08/05  20:00:00,7463213.965053159,3538827.8990239934 
 08/05  21:00:00,9340524.438094264,5352129.308868714 
 08/05  22:00:00,8333146.695644237,5352129.308868714 
 08/05  23:00:00,8705468.453729695,5352129.308868714 
 08/05  24:00:00,9047212.939745564,5352129.308868714 
 08/06  01:00:00,948079.2560231301,541635.4860575137 
 08/06  02:00:00,625844.6106416025,541635.4860575137 
 08/06  03:00:00,541635.4860575137,541635.4860575137 
 08/06  04:00:00,541635.4860575137,541635.4860575137 
 08/06  05:00:00,541635.4860575137,541635.4860575137 
 08/06  06:00:00,541635.4860575137,541635.4860575137 
 08/06  07:00:00,1264867.9250287437,541635.4860575137 
 08/06  08:00:00,3877198.6186897866,541635.4860575137 
 08/06  09:00:00,6656195.325484863,541635.4860575137 
 08/06  10:00:00,7857034.999746607,541635.4860575137 
 08/06  11:00:00,8973420.319532648,541635.4860575137 
 08/06  12:00:00,9210320.812039474,541635.4860575137 
 08/06  13:00:00,11159965.597402506,1624906.458172541 
 08/06  14:00:00,12356693.621915933,1624906.458172541 
 08/06  15:00:00,11574316.944565725,541635.4860575137 
 08/06  16:00:00,11499899.37718872,541635.4860575137 
 08/06  17:00:00,10735166.746030383,541635.4860575137 
 08/06  18:00:00,9517297.179160083,541635.4860575137 
 08/06  19:00:00,6889947.8666668,541635.4860575137 
 08/06  20:00:00,7699571.004281566,3538827.8990239934 
 08/06  21:00:00,9485195.71867263,5352129.308868714 
 08/06  22:00:00,8334313.083490318,5352129.308868714 
 08/06  23:00:00,8705306.91883518,5352129.308868714 
 08/06  24:00:00,9112265.942140367,5352129.308868714 
 08/07  01:00:00,1127496.7141137815,541635.4860575137 
 08/07  02:00:00,894772.3761642838,541635.4860575137 
 08/07  03:00:00,703911.1524965799,541635.4860575137 
 08/07  04:00:00,541635.4860575137,541635.4860575137 
 08/07  05:00:00,541635.4860575137,541635.4860575137 
 08/07  06:00:00,541635.4860575137,541635.4860575137 
 08/07  07:00:00,1459040.472514835,541635.4860575137 
 08/07  08:00:00,541635.4860575137,541635.4860575137 
 08/07  09:00:00,541635.4860575137,541635.4860575137 
 08/07  10:00:00,541635.4860575137,541635.4860575137 
 08/07  11:00:00,541635.4860575137,541635.4860575137 
 08/07  12:00:00,541635.4860575137,541635.4860575137 
 08/07  13:00:00,1624906.458172541,1624906.458172541 
 08/07  14:00:00,1624906.458172541,1624906.458172541 
 08/07  15:00:00,541635.4860575137,541635.4860575137 
 08/07  16:00:00,541635.4860575137,541635.4860575137 
 08/07  17:00:00,541635.4860575137,541635.4860575137 
 08/07  18:00:00,541635.4860575137,541635.4860575137 
 08/07  19:00:00,541635.4860575137,541635.4860575137 
 08/07  20:00:00,15132249.578323802,3538827.8990239934 
 08/07  21:00:00,13456717.850810219,5352129.308868714 
 08/07  22:00:00,9570381.601322832,5352129.308868714 
 08/07  23:00:00,10007543.292760175,5352129.308868714 
 08/07  24:00:00,10885535.513681786,5352129.308868714 
 08/08  01:00:00,1943415.0509251633,541635.4860575137 
 08/08  02:00:00,1658415.377833167,541635.4860575137 
 08/08  03:00:00,1452377.4782194817,541635.4860575137 
 08/08  04:00:00,1244620.884372327,541635.4860575137 
 08/08  05:00:00,1046112.9741919904,541635.4860575137 
 08/08  06:00:00,982242.4463835792,541635.4860575137 
 08/08  07:00:00,3963288.3204520047,541635.4860575137 
 08/08  08:00:00,541635.4860575137,541635.4860575137 
 08/08  09:00:00,541635.4860575137,541635.4860575137 
 08/08  10:00:00,541635.4860575137,541635.4860575137 
 08/08  11:00:00,541635.4860575137,541635.4860575137 
 08/08  12:00:00,541635.4860575137,541635.4860575137 
 08/08  13:00:00,1624906.458172541,1624906.458172541 
 08/08  14:00:00,1624906.458172541,1624906.458172541 
 08/08  15:00:00,541635.4860575137,541635.4860575137 
 08/08  16:00:00,541635.4860575137,541635.4860575137 
 08/08  17:00:00,541635.4860575137,541635.4860575137 
 08/08  18:00:00,541635.4860575137,541635.4860575137 
 08/08  19:00:00,541635.4860575137,541635.4860575137 
 08/08  20:00:00,11175803.138496641,3538827.8990239934 
 08/08  21:00:00,11653777.080542367,5352129.308868714 
 08/08  22:00:00,9079147.644612558,5352129.308868714 
 08/08  23:00:00,9519846.645929195,5352129.308868714 
 08/08  24:00:00,10204421.398405325,5352129.308868714 
 08/09  01:00:00,1436034.092277952,541635.4860575137 
 08/09  02:00:00,1235718.6743748153,541635.4860575137 
 08/09  03:00:00,1084803.2787529347,541635.4860575137 
 08/09  04:00:00,868342.0374375832,541635.4860575137 
 08/09  05:00:00,563965.4706246804,541635.4860575137 
 08/09  06:00:00,541635.4860575137,541635.4860575137 
 08/09  07:00:00,3522961.9865255468,541635.4860575137 
 08/09  08:00:00,541635.4860575137,541635.4860575137 
 08/09  09:00:00,541635.4860575137,541635.4860575137 
 08/09  10:00:00,541635.4860575137,541635.4860575137 
 08/09  11:00:00,541635.4860575137,541635.4860575137 
 08/09  12:00:00,541635.4860575137,541635.4860575137 
 08/09  13:00:00,1624906.458172541,1624906.458172541 
 08/09  14:00:00,1624906.458172541,1624906.458172541 
 08/09  15:00:00,541635.4860575137,541635.4860575137 
 08/09  16:00:00,541635.4860575137,541635.4860575137 
 08/09  17:00:00,541635.4860575137,541635.4860575137 
 08/09  18:00:00,541635.4860575137,541635.4860575137 
 08/09  19:00:00,541635.4860575137,541635.4860575137 
 08/09  20:00:00,14195441.361931503,3538827.8990239934 
 08/09  21:00:00,12961838.684811464,5352129.308868714 
 08/09  22:00:00,9307076.189069428,5352129.308868714 
 08/09  23:00:00,9697044.041766578,5352129.308868714 
 08/09  24:00:00,10557816.265537027,5352129.308868714 
 08/10  01:00:00,1778830.6087696839,541635.4860575137 
 08/10  02:00:00,1526203.4647894772,541635.4860575137 
 08/10  03:00:00,1367478.5389320815,541635.4860575137 
 08/10  04:00:00,1163641.1977854308,541635.4860575137 
 08/10  05:00:00,1019067.9173926985,541635.4860575137 
 08/10  06:00:00,923556.2585106287,541635.4860575137 
 08/10  07:00:00,1199632.5648827709,541635.4860575137 
 08/10  08:00:00,541635.4860575137,541635.4860575137 
 08/10  09:00:00,541635.4860575137,541635.4860575137 
 08/10  10:00:00,541635.4860575137,541635.4860575137 
 08/10  11:00:00,541635.4860575137,541635.4860575137 
 08/10  12:00:00,541635.4860575137,541635.4860575137 
 08/10  13:00:00,1624906.458172541,1624906.458172541 
 08/10  14:00:00,1624906.458172541,1624906.458172541 
 08/10  15:00:00,541635.4860575137,541635.4860575137 
 08/10  16:00:00,541635.4860575137,541635.4860575137 
 08/10  17:00:00,541635.4860575137,541635.4860575137 
 08/10  18:00:00,541635.4860575137,541635.4860575137 
 08/10  19:00:00,541635.4860575137,541635.4860575137 
 08/10  20:00:00,13452292.964746505,3538827.8990239934 
 08/10  21:00:00,13829466.989739258,5352129.308868714 
 08/10  22:00:00,9990785.806053814,5352129.308868714 
 08/10  23:00:00,10573572.028037898,5352129.308868714 
 08/10  24:00:00,11524991.380886298,5352129.308868714 
 08/11  01:00:00,2193898.1431055213,541635.4860575137 
 08/11  02:00:00,1903511.1401904041,541635.4860575137 
 08/11  03:00:00,1688685.0537452712,541635.4860575137 
 08/11  04:00:00,1457705.229199233,541635.4860575137 
 08/11  05:00:00,1252442.4108480378,541635.4860575137 
 08/11  06:00:00,1133765.4397194064,541635.4860575137 
 08/11  07:00:00,2205471.4659800897,541635.4860575137 
 08/11  08:00:00,541635.4860575137,541635.4860575137 
 08/11  09:00:00,541635.4860575137,541635.4860575137 
 08/11  10:00:00,541635.4860575137,541635.4860575137 
 08/11  11:00:00,541635.4860575137,541635.4860575137 
 08/11  12:00:00,541635.4860575137,541635.4860575137 
 08/11  13:00:00,1624906.458172541,1624906.458172541 
 08/11  14:00:00,1624906.458172541,1624906.458172541 
 08/11  15:00:00,541635.4860575137,541635.4860575137 
 08/11  16:00:00,541635.4860575137,541635.4860575137 
 08/11  17:00:00,541635.4860575137,541635.4860575137 
 08/11  18:00:00,541635.4860575137,541635.4860575137 
 08/11  19:00:00,541635.4860575137,541635.4860575137 
 08/11  20:00:00,14217415.644301537,3538827.8990239934 
 08/11  21:00:00,14136977.771962205,5352129.308868714 
 08/11  22:00:00,9633491.412965935,5352129.308868714 
 08/11  23:00:00,10251571.600313626,5352129.308868714 
 08/11  24:00:00,11389507.93860681,5352129.308868714 
 08/12  01:00:00,1862989.1054179142,541635.4860575137 
 08/12  02:00:00,1441950.1912269993,541635.4860575137 
 08/12  03:00:00,1090584.1567276542,541635.4860575137 
 08/12  04:00:00,753066.235623994,541635.4860575137 
 08/12  05:00:00,541635.4860575137,541635.4860575137 
 08/12  06:00:00,541635.4860575137,541635.4860575137 
 08/12  07:00:00,2557265.1428706213,541635.4860575137 
 08/12  08:00:00,6485453.086489108,541635.4860575137 
 08/12  09:00:00,9617528.805478286,541635.4860575137 
 08/12  10:00:00,11077494.087110855,541635.4860575137 
 08/12  11:00:00,11997973.615375409,541635.4860575137 
 08/12  12:00:00,12112295.617239721,541635.4860575137 
 08/12  13:00:00,13733201.810436163,1624906.458172541 
 08/12  14:00:00,15208317.698570859,1624906.458172541 
 08/12  15:00:00,14856800.514049793,541635.4860575137 
 08/12  16:00:00,14052138.643888272,541635.4860575137 
 08/12  17:00:00,12290626.967104642,541635.4860575137 
 08/12  18:00:00,9314893.815022165,541635.4860575137 
 08/12  19:00:00,6526706.004380219,541635.4860575137 
 08/12  20:00:00,8581947.803387316,3538827.8990239934 
 08/12  21:00:00,10474683.75727894,5352129.308868714 
 08/12  22:00:00,8803252.574883835,5352129.308868714 
 08/12  23:00:00,9336455.366804438,5352129.308868714 
 08/12  24:00:00,9913157.054936556,5352129.308868714 
 08/13  01:00:00,1230583.2938361932,541635.4860575137 
 08/13  02:00:00,829754.0793102346,541635.4860575137 
 08/13  03:00:00,541635.4860575137,541635.4860575137 
 08/13  04:00:00,541635.4860575137,541635.4860575137 
 08/13  05:00:00,541635.4860575137,541635.4860575137 
 08/13  06:00:00,541635.4860575137,541635.4860575137 
 08/13  07:00:00,1899886.7783772985,541635.4860575137 
 08/13  08:00:00,6335252.930670385,541635.4860575137 
 08/13  09:00:00,9486351.929267865,541635.4860575137 
 08/13  10:00:00,10825335.060608309,541635.4860575137 
 08/13  11:00:00,11771653.37935732,541635.4860575137 
 08/13  12:00:00,11631687.884027302,541635.4860575137 
 08/13  13:00:00,12990442.354707122,1624906.458172541 
 08/13  14:00:00,14287840.996414786,1624906.458172541 
 08/13  15:00:00,13880191.875771062,541635.4860575137 
 08/13  16:00:00,13664174.23861293,541635.4860575137 
 08/13  17:00:00,11708283.073676221,541635.4860575137 
 08/13  18:00:00,8971111.963447802,541635.4860575137 
 08/13  19:00:00,6148843.353235275,541635.4860575137 
 08/13  20:00:00,7879632.168145257,3538827.8990239934 
 08/13  21:00:00,9658559.756775882,5352129.308868714 
 08/13  22:00:00,8303455.61621961,5352129.308868714 
 08/13  23:00:00,8755188.332171224,5352129.308868714 
 08/13  24:00:00,9236022.748182254,5352129.308868714 
 08/14  01:00:00,910140.3705172326,541635.4860575137 
 08/14  02:00:00,541635.4860575137,541635.4860575137 
 08/14  03:00:00,541635.4860575137,541635.4860575137 
 08/14  04:00:00,541635.4860575137,541635.4860575137 
 08/14  05:00:00,541635.4860575137,541635.4860575137 
 08/14  06:00:00,541635.4860575137,541635.4860575137 
 08/14  07:00:00,847177.7134054119,541635.4860575137 
 08/14  08:00:00,541635.4860575137,541635.4860575137 
 08/14  09:00:00,541635.4860575137,541635.4860575137 
 08/14  10:00:00,541635.4860575137,541635.4860575137 
 08/14  11:00:00,541635.4860575137,541635.4860575137 
 08/14  12:00:00,541635.4860575137,541635.4860575137 
 08/14  13:00:00,1624906.458172541,1624906.458172541 
 08/14  14:00:00,1624906.458172541,1624906.458172541 
 08/14  15:00:00,541635.4860575137,541635.4860575137 
 08/14  16:00:00,541635.4860575137,541635.4860575137 
 08/14  17:00:00,541635.4860575137,541635.4860575137 
 08/14  18:00:00,541635.4860575137,541635.4860575137 
 08/14  19:00:00,541635.4860575137,541635.4860575137 
 08/14  20:00:00,9328355.4579199,3538827.8990239934 
 08/14  21:00:00,9270720.849889755,5352129.308868714 
 08/14  22:00:00,7143915.34932348,5352129.308868714 
 08/14  23:00:00,7554775.375169383,5352129.308868714 
 08/14  24:00:00,8326483.725981103,5352129.308868714 
 08/15  01:00:00,541635.4860575137,541635.4860575137 
 08/15  02:00:00,541635.4860575137,541635.4860575137 
 08/15  03:00:00,541635.4860575137,541635.4860575137 
 08/15  04:00:00,541635.4860575137,541635.4860575137 
 08/15  05:00:00,541635.4860575137,541635.4860575137 
 08/15  06:00:00,541635.4860575137,541635.4860575137 
 08/15  07:00:00,541635.4860575137,541635.4860575137 
 08/15  08:00:00,541635.4860575137,541635.4860575137 
 08/15  09:00:00,541635.4860575137,541635.4860575137 
 08/15  10:00:00,541635.4860575137,541635.4860575137 
 08/15  11:00:00,541635.4860575137,541635.4860575137 
 08/15  12:00:00,541635.4860575137,541635.4860575137 
 08/15  13:00:00,1624906.458172541,1624906.458172541 
 08/15  14:00:00,1624906.458172541,1624906.458172541 
 08/15  15:00:00,541635.4860575137,541635.4860575137 
 08/15  16:00:00,541635.4860575137,541635.4860575137 
 08/15  17:00:00,541635.4860575137,541635.4860575137 
 08/15  18:00:00,541635.4860575137,541635.4860575137 
 08/15  19:00:00,541635.4860575137,541635.4860575137 
 08/15  20:00:00,13242850.635823231,3538827.8990239934 
 08/15  21:00:00,11293640.190177713,5352129.308868714 
 08/15  22:00:00,7805987.53616288,5352129.308868714 
 08/15  23:00:00,8320781.574269872,5352129.308868714 
 08/15  24:00:00,9302376.958537243,5352129.308868714 
 08/16  01:00:00,541635.4860575137,541635.4860575137 
 08/16  02:00:00,541635.4860575137,541635.4860575137 
 08/16  03:00:00,541635.4860575137,541635.4860575137 
 08/16  04:00:00,541635.4860575137,541635.4860575137 
 08/16  05:00:00,541635.4860575137,541635.4860575137 
 08/16  06:00:00,541635.4860575137,541635.4860575137 
 08/16  07:00:00,541635.4860575137,541635.4860575137 
 08/16  08:00:00,541635.4860575137,541635.4860575137 
 08/16  09:00:00,541635.4860575137,541635.4860575137 
 08/16  10:00:00,541635.4860575137,541635.4860575137 
 08/16  11:00:00,541635.4860575137,541635.4860575137 
 08/16  12:00:00,541635.4860575137,541635.4860575137 
 08/16  13:00:00,1624906.458172541,1624906.458172541 
 08/16  14:00:00,1624906.458172541,1624906.458172541 
 08/16  15:00:00,541635.4860575137,541635.4860575137 
 08/16  16:00:00,541635.4860575137,541635.4860575137 
 08/16  17:00:00,541635.4860575137,541635.4860575137 
 08/16  18:00:00,541635.4860575137,541635.4860575137 
 08/16  19:00:00,541635.4860575137,541635.4860575137 
 08/16  20:00:00,14909636.095025491,3538827.8990239934 
 08/16  21:00:00,12331611.958757762,5352129.308868714 
 08/16  22:00:00,8211225.851167288,5352129.308868714 
 08/16  23:00:00,8713560.533159776,5352129.308868714 
 08/16  24:00:00,9859887.358420234,5352129.308868714 
 08/17  01:00:00,862318.8519727967,541635.4860575137 
 08/17  02:00:00,541635.4860575137,541635.4860575137 
 08/17  03:00:00,541635.4860575137,541635.4860575137 
 08/17  04:00:00,541635.4860575137,541635.4860575137 
 08/17  05:00:00,541635.4860575137,541635.4860575137 
 08/17  06:00:00,541635.4860575137,541635.4860575137 
 08/17  07:00:00,1102071.4595851214,541635.4860575137 
 08/17  08:00:00,541635.4860575137,541635.4860575137 
 08/17  09:00:00,541635.4860575137,541635.4860575137 
 08/17  10:00:00,541635.4860575137,541635.4860575137 
 08/17  11:00:00,541635.4860575137,541635.4860575137 
 08/17  12:00:00,541635.4860575137,541635.4860575137 
 08/17  13:00:00,1624906.458172541,1624906.458172541 
 08/17  14:00:00,1624906.458172541,1624906.458172541 
 08/17  15:00:00,541635.4860575137,541635.4860575137 
 08/17  16:00:00,541635.4860575137,541635.4860575137 
 08/17  17:00:00,541635.4860575137,541635.4860575137 
 08/17  18:00:00,541635.4860575137,541635.4860575137 
 08/17  19:00:00,541635.4860575137,541635.4860575137 
 08/17  20:00:00,13807675.27211292,3538827.8990239934 
 08/17  21:00:00,11162571.273406059,5352129.308868714 
 08/17  22:00:00,7542275.35211965,5352129.308868714 
 08/17  23:00:00,8062948.535134086,5352129.308868714 
 08/17  24:00:00,9066701.487154122,5352129.308868714 
 08/18  01:00:00,541635.4860575137,541635.4860575137 
 08/18  02:00:00,541635.4860575137,541635.4860575137 
 08/18  03:00:00,541635.4860575137,541635.4860575137 
 08/18  04:00:00,541635.4860575137,541635.4860575137 
 08/18  05:00:00,541635.4860575137,541635.4860575137 
 08/18  06:00:00,541635.4860575137,541635.4860575137 
 08/18  07:00:00,1100130.7185150008,541635.4860575137 
 08/18  08:00:00,541635.4860575137,541635.4860575137 
 08/18  09:00:00,541635.4860575137,541635.4860575137 
 08/18  10:00:00,541635.4860575137,541635.4860575137 
 08/18  11:00:00,541635.4860575137,541635.4860575137 
 08/18  12:00:00,541635.4860575137,541635.4860575137 
 08/18  13:00:00,1624906.458172541,1624906.458172541 
 08/18  14:00:00,1624906.458172541,1624906.458172541 
 08/18  15:00:00,541635.4860575137,541635.4860575137 
 08/18  16:00:00,541635.4860575137,541635.4860575137 
 08/18  17:00:00,541635.4860575137,541635.4860575137 
 08/18  18:00:00,541635.4860575137,541635.4860575137 
 08/18  19:00:00,541635.4860575137,541635.4860575137 
 08/18  20:00:00,9042083.066467434,3538827.8990239934 
 08/18  21:00:00,8218168.57731349,5352129.308868714 
 08/18  22:00:00,7497525.924339475,5352129.308868714 
 08/18  23:00:00,7857965.341048385,5352129.308868714 
 08/18  24:00:00,8617740.828624807,5352129.308868714 
 08/19  01:00:00,541635.4860575137,541635.4860575137 
 08/19  02:00:00,541635.4860575137,541635.4860575137 
 08/19  03:00:00,541635.4860575137,541635.4860575137 
 08/19  04:00:00,541635.4860575137,541635.4860575137 
 08/19  05:00:00,541635.4860575137,541635.4860575137 
 08/19  06:00:00,541635.4860575137,541635.4860575137 
 08/19  07:00:00,541635.4860575137,541635.4860575137 
 08/19  08:00:00,2541618.773982784,541635.4860575137 
 08/19  09:00:00,9750920.767493911,541635.4860575137 
 08/19  10:00:00,10982299.208087102,541635.4860575137 
 08/19  11:00:00,10702409.026875082,541635.4860575137 
 08/19  12:00:00,10129851.80692267,541635.4860575137 
 08/19  13:00:00,10666211.233767627,1624906.458172541 
 08/19  14:00:00,11170074.095564649,1624906.458172541 
 08/19  15:00:00,9034546.468482567,541635.4860575137 
 08/19  16:00:00,7518694.304579193,541635.4860575137 
 08/19  17:00:00,5228287.940236325,541635.4860575137 
 08/19  18:00:00,3020192.6008179244,541635.4860575137 
 08/19  19:00:00,2278752.2490212205,541635.4860575137 
 08/19  20:00:00,6121131.218153512,3538827.8990239934 
 08/19  21:00:00,8393413.974305091,5352129.308868714 
 08/19  22:00:00,7246398.875910716,5352129.308868714 
 08/19  23:00:00,7579761.693632681,5352129.308868714 
 08/19  24:00:00,7959593.32722003,5352129.308868714 
 08/20  01:00:00,541635.4860575137,541635.4860575137 
 08/20  02:00:00,541635.4860575137,541635.4860575137 
 08/20  03:00:00,541635.4860575137,541635.4860575137 
 08/20  04:00:00,541635.4860575137,541635.4860575137 
 08/20  05:00:00,541635.4860575137,541635.4860575137 
 08/20  06:00:00,541635.4860575137,541635.4860575137 
 08/20  07:00:00,541635.4860575137,541635.4860575137 
 08/20  08:00:00,541635.4860575137,541635.4860575137 
 08/20  09:00:00,2717272.54740912,541635.4860575137 
 08/20  10:00:00,7908988.523186732,541635.4860575137 
 08/20  11:00:00,9371592.790388474,541635.4860575137 
 08/20  12:00:00,9803479.760864569,541635.4860575137 
 08/20  13:00:00,11197835.407673974,1624906.458172541 
 08/20  14:00:00,12855452.101878129,1624906.458172541 
 08/20  15:00:00,12179510.703390792,541635.4860575137 
 08/20  16:00:00,12121569.262229048,541635.4860575137 
 08/20  17:00:00,11474661.437267855,541635.4860575137 
 08/20  18:00:00,9066012.415548302,541635.4860575137 
 08/20  19:00:00,5804057.741643224,541635.4860575137 
 08/20  20:00:00,7210245.988434452,3538827.8990239934 
 08/20  21:00:00,9136849.69137139,5352129.308868714 
 08/20  22:00:00,8225237.466679351,5352129.308868714 
 08/20  23:00:00,8547905.19304001,5352129.308868714 
 08/20  24:00:00,8876274.862306911,5352129.308868714 
 08/21  01:00:00,821190.1912853284,541635.4860575137 
 08/21  02:00:00,541635.4860575137,541635.4860575137 
 08/21  03:00:00,541635.4860575137,541635.4860575137 
 08/21  04:00:00,541635.4860575137,541635.4860575137 
 08/21  05:00:00,541635.4860575137,541635.4860575137 
 08/21  06:00:00,541635.4860575137,541635.4860575137 
 08/21  07:00:00,1994893.963414555,541635.4860575137 
 08/21  08:00:00,541635.4860575137,541635.4860575137 
 08/21  09:00:00,541635.4860575137,541635.4860575137 
 08/21  10:00:00,541635.4860575137,541635.4860575137 
 08/21  11:00:00,541635.4860575137,541635.4860575137 
 08/21  12:00:00,541635.4860575137,541635.4860575137 
 08/21  13:00:00,1624906.458172541,1624906.458172541 
 08/21  14:00:00,1624906.458172541,1624906.458172541 
 08/21  15:00:00,541635.4860575137,541635.4860575137 
 08/21  16:00:00,541635.4860575137,541635.4860575137 
 08/21  17:00:00,541635.4860575137,541635.4860575137 
 08/21  18:00:00,541635.4860575137,541635.4860575137 
 08/21  19:00:00,541635.4860575137,541635.4860575137 
 08/21  20:00:00,8739964.10225086,3538827.8990239934 
 08/21  21:00:00,8555977.875311142,5352129.308868714 
 08/21  22:00:00,7816621.16642705,5352129.308868714 
 08/21  23:00:00,8094877.53032379,5352129.308868714 
 08/21  24:00:00,8824753.251268657,5352129.308868714 
 08/22  01:00:00,541635.4860575137,541635.4860575137 
 08/22  02:00:00,541635.4860575137,541635.4860575137 
 08/22  03:00:00,541635.4860575137,541635.4860575137 
 08/22  04:00:00,541635.4860575137,541635.4860575137 
 08/22  05:00:00,541635.4860575137,541635.4860575137 
 08/22  06:00:00,541635.4860575137,541635.4860575137 
 08/22  07:00:00,541635.4860575137,541635.4860575137 
 08/22  08:00:00,541635.4860575137,541635.4860575137 
 08/22  09:00:00,541635.4860575137,541635.4860575137 
 08/22  10:00:00,541635.4860575137,541635.4860575137 
 08/22  11:00:00,541635.4860575137,541635.4860575137 
 08/22  12:00:00,541635.4860575137,541635.4860575137 
 08/22  13:00:00,1624906.458172541,1624906.458172541 
 08/22  14:00:00,1624906.458172541,1624906.458172541 
 08/22  15:00:00,541635.4860575137,541635.4860575137 
 08/22  16:00:00,541635.4860575137,541635.4860575137 
 08/22  17:00:00,541635.4860575137,541635.4860575137 
 08/22  18:00:00,541635.4860575137,541635.4860575137 
 08/22  19:00:00,541635.4860575137,541635.4860575137 
 08/22  20:00:00,6432495.917025749,3538827.8990239934 
 08/22  21:00:00,7914150.096892808,5352129.308868714 
 08/22  22:00:00,7022410.446886994,5352129.308868714 
 08/22  23:00:00,7420300.102077658,5352129.308868714 
 08/22  24:00:00,7960067.689831179,5352129.308868714 
 08/23  01:00:00,541635.4860575137,541635.4860575137 
 08/23  02:00:00,541635.4860575137,541635.4860575137 
 08/23  03:00:00,541635.4860575137,541635.4860575137 
 08/23  04:00:00,541635.4860575137,541635.4860575137 
 08/23  05:00:00,541635.4860575137,541635.4860575137 
 08/23  06:00:00,541635.4860575137,541635.4860575137 
 08/23  07:00:00,541635.4860575137,541635.4860575137 
 08/23  08:00:00,541635.4860575137,541635.4860575137 
 08/23  09:00:00,541635.4860575137,541635.4860575137 
 08/23  10:00:00,541635.4860575137,541635.4860575137 
 08/23  11:00:00,541635.4860575137,541635.4860575137 
 08/23  12:00:00,541635.4860575137,541635.4860575137 
 08/23  13:00:00,1624906.458172541,1624906.458172541 
 08/23  14:00:00,1624906.458172541,1624906.458172541 
 08/23  15:00:00,541635.4860575137,541635.4860575137 
 08/23  16:00:00,541635.4860575137,541635.4860575137 
 08/23  17:00:00,541635.4860575137,541635.4860575137 
 08/23  18:00:00,541635.4860575137,541635.4860575137 
 08/23  19:00:00,541635.4860575137,541635.4860575137 
 08/23  20:00:00,7429934.842042189,3538827.8990239934 
 08/23  21:00:00,7788106.6027919,5352129.308868714 
 08/23  22:00:00,6826316.534651288,5352129.308868714 
 08/23  23:00:00,7237226.9009289825,5352129.308868714 
 08/23  24:00:00,8037587.411814501,5352129.308868714 
 08/24  01:00:00,541635.4860575137,541635.4860575137 
 08/24  02:00:00,541635.4860575137,541635.4860575137 
 08/24  03:00:00,541635.4860575137,541635.4860575137 
 08/24  04:00:00,541635.4860575137,541635.4860575137 
 08/24  05:00:00,541635.4860575137,541635.4860575137 
 08/24  06:00:00,541635.4860575137,541635.4860575137 
 08/24  07:00:00,541635.4860575137,541635.4860575137 
 08/24  08:00:00,541635.4860575137,541635.4860575137 
 08/24  09:00:00,541635.4860575137,541635.4860575137 
 08/24  10:00:00,541635.4860575137,541635.4860575137 
 08/24  11:00:00,541635.4860575137,541635.4860575137 
 08/24  12:00:00,541635.4860575137,541635.4860575137 
 08/24  13:00:00,1624906.458172541,1624906.458172541 
 08/24  14:00:00,1624906.458172541,1624906.458172541 
 08/24  15:00:00,541635.4860575137,541635.4860575137 
 08/24  16:00:00,541635.4860575137,541635.4860575137 
 08/24  17:00:00,541635.4860575137,541635.4860575137 
 08/24  18:00:00,541635.4860575137,541635.4860575137 
 08/24  19:00:00,541635.4860575137,541635.4860575137 
 08/24  20:00:00,8464704.247993387,3538827.8990239934 
 08/24  21:00:00,7488106.6027161665,5352129.308868714 
 08/24  22:00:00,6617636.569344363,5352129.308868714 
 08/24  23:00:00,7034124.661473586,5352129.308868714 
 08/24  24:00:00,7899306.288475837,5352129.308868714 
 08/25  01:00:00,541635.4860575137,541635.4860575137 
 08/25  02:00:00,541635.4860575137,541635.4860575137 
 08/25  03:00:00,541635.4860575137,541635.4860575137 
 08/25  04:00:00,541635.4860575137,541635.4860575137 
 08/25  05:00:00,541635.4860575137,541635.4860575137 
 08/25  06:00:00,541635.4860575137,541635.4860575137 
 08/25  07:00:00,541635.4860575137,541635.4860575137 
 08/25  08:00:00,541635.4860575137,541635.4860575137 
 08/25  09:00:00,541635.4860575137,541635.4860575137 
 08/25  10:00:00,541635.4860575137,541635.4860575137 
 08/25  11:00:00,541635.4860575137,541635.4860575137 
 08/25  12:00:00,541635.4860575137,541635.4860575137 
 08/25  13:00:00,1624906.458172541,1624906.458172541 
 08/25  14:00:00,1624906.458172541,1624906.458172541 
 08/25  15:00:00,541635.4860575137,541635.4860575137 
 08/25  16:00:00,541635.4860575137,541635.4860575137 
 08/25  17:00:00,541635.4860575137,541635.4860575137 
 08/25  18:00:00,541635.4860575137,541635.4860575137 
 08/25  19:00:00,541635.4860575137,541635.4860575137 
 08/25  20:00:00,11792911.17150574,3538827.8990239934 
 08/25  21:00:00,10130797.109639414,5352129.308868714 
 08/25  22:00:00,7171602.023838452,5352129.308868714 
 08/25  23:00:00,7635395.897217823,5352129.308868714 
 08/25  24:00:00,8550588.168397952,5352129.308868714 
 08/26  01:00:00,541635.4860575137,541635.4860575137 
 08/26  02:00:00,541635.4860575137,541635.4860575137 
 08/26  03:00:00,541635.4860575137,541635.4860575137 
 08/26  04:00:00,541635.4860575137,541635.4860575137 
 08/26  05:00:00,541635.4860575137,541635.4860575137 
 08/26  06:00:00,541635.4860575137,541635.4860575137 
 08/26  07:00:00,541635.4860575137,541635.4860575137 
 08/26  08:00:00,1842335.351261412,541635.4860575137 
 08/26  09:00:00,5391583.283573925,541635.4860575137 
 08/26  10:00:00,7328150.8293581195,541635.4860575137 
 08/26  11:00:00,8169536.826488337,541635.4860575137 
 08/26  12:00:00,8356127.556508637,541635.4860575137 
 08/26  13:00:00,9710142.51477852,1624906.458172541 
 08/26  14:00:00,11064920.856127527,1624906.458172541 
 08/26  15:00:00,11033086.090455908,541635.4860575137 
 08/26  16:00:00,11150964.998189304,541635.4860575137 
 08/26  17:00:00,9612831.706896862,541635.4860575137 
 08/26  18:00:00,6806370.512680809,541635.4860575137 
 08/26  19:00:00,2882482.903817045,541635.4860575137 
 08/26  20:00:00,5928569.5383990975,3538827.8990239934 
 08/26  21:00:00,8153603.27224323,5352129.308868714 
 08/26  22:00:00,7037155.354465973,5352129.308868714 
 08/26  23:00:00,7419806.35640288,5352129.308868714 
 08/26  24:00:00,7809801.75464188,5352129.308868714 
 08/27  01:00:00,541635.4860575137,541635.4860575137 
 08/27  02:00:00,541635.4860575137,541635.4860575137 
 08/27  03:00:00,541635.4860575137,541635.4860575137 
 08/27  04:00:00,541635.4860575137,541635.4860575137 
 08/27  05:00:00,541635.4860575137,541635.4860575137 
 08/27  06:00:00,541635.4860575137,541635.4860575137 
 08/27  07:00:00,541635.4860575137,541635.4860575137 
 08/27  08:00:00,541635.4860575137,541635.4860575137 
 08/27  09:00:00,1431322.659116088,541635.4860575137 
 08/27  10:00:00,4080401.731593863,541635.4860575137 
 08/27  11:00:00,5428804.418981824,541635.4860575137 
 08/27  12:00:00,6131756.536544269,541635.4860575137 
 08/27  13:00:00,7838908.964901846,1624906.458172541 
 08/27  14:00:00,7954786.544884155,1624906.458172541 
 08/27  15:00:00,6393129.645032205,541635.4860575137 
 08/27  16:00:00,5574781.231033988,541635.4860575137 
 08/27  17:00:00,4066036.868490245,541635.4860575137 
 08/27  18:00:00,2269240.0990858846,541635.4860575137 
 08/27  19:00:00,863865.2235556857,541635.4860575137 
 08/27  20:00:00,4773302.53075812,3538827.8990239934 
 08/27  21:00:00,7077730.955950755,5352129.308868714 
 08/27  22:00:00,5896514.546587029,5352129.308868714 
 08/27  23:00:00,6257884.0447480865,5352129.308868714 
 08/27  24:00:00,6646509.944634971,5352129.308868714 
 08/28  01:00:00,541635.4860575137,541635.4860575137 
 08/28  02:00:00,541635.4860575137,541635.4860575137 
 08/28  03:00:00,541635.4860575137,541635.4860575137 
 08/28  04:00:00,541635.4860575137,541635.4860575137 
 08/28  05:00:00,541635.4860575137,541635.4860575137 
 08/28  06:00:00,541635.4860575137,541635.4860575137 
 08/28  07:00:00,541635.4860575137,541635.4860575137 
 08/28  08:00:00,541635.4860575137,541635.4860575137 
 08/28  09:00:00,541635.4860575137,541635.4860575137 
 08/28  10:00:00,541635.4860575137,541635.4860575137 
 08/28  11:00:00,541635.4860575137,541635.4860575137 
 08/28  12:00:00,541635.4860575137,541635.4860575137 
 08/28  13:00:00,1624906.458172541,1624906.458172541 
 08/28  14:00:00,1624906.458172541,1624906.458172541 
 08/28  15:00:00,541635.4860575137,541635.4860575137 
 08/28  16:00:00,541635.4860575137,541635.4860575137 
 08/28  17:00:00,541635.4860575137,541635.4860575137 
 08/28  18:00:00,541635.4860575137,541635.4860575137 
 08/28  19:00:00,541635.4860575137,541635.4860575137 
 08/28  20:00:00,10262350.201948889,3538827.8990239934 
 08/28  21:00:00,8715505.428970106,5352129.308868714 
 08/28  22:00:00,6544684.722909258,5352129.308868714 
 08/28  23:00:00,6993858.2784750555,5352129.308868714 
 08/28  24:00:00,7869517.493078794,5352129.308868714 
 08/29  01:00:00,541635.4860575137,541635.4860575137 
 08/29  02:00:00,541635.4860575137,541635.4860575137 
 08/29  03:00:00,541635.4860575137,541635.4860575137 
 08/29  04:00:00,541635.4860575137,541635.4860575137 
 08/29  05:00:00,541635.4860575137,541635.4860575137 
 08/29  06:00:00,541635.4860575137,541635.4860575137 
 08/29  07:00:00,541635.4860575137,541635.4860575137 
 08/29  08:00:00,541635.4860575137,541635.4860575137 
 08/29  09:00:00,541635.4860575137,541635.4860575137 
 08/29  10:00:00,541635.4860575137,541635.4860575137 
 08/29  11:00:00,541635.4860575137,541635.4860575137 
 08/29  12:00:00,541635.4860575137,541635.4860575137 
 08/29  13:00:00,1624906.458172541,1624906.458172541 
 08/29  14:00:00,1624906.458172541,1624906.458172541 
 08/29  15:00:00,541635.4860575137,541635.4860575137 
 08/29  16:00:00,541635.4860575137,541635.4860575137 
 08/29  17:00:00,541635.4860575137,541635.4860575137 
 08/29  18:00:00,541635.4860575137,541635.4860575137 
 08/29  19:00:00,541635.4860575137,541635.4860575137 
 08/29  20:00:00,8581904.082593301,3538827.8990239934 
 08/29  21:00:00,7537446.212898245,5352129.308868714 
 08/29  22:00:00,6566485.677169799,5352129.308868714 
 08/29  23:00:00,6983321.658907587,5352129.308868714 
 08/29  24:00:00,7862737.8640780095,5352129.308868714 
 08/30  01:00:00,541635.4860575137,541635.4860575137 
 08/30  02:00:00,541635.4860575137,541635.4860575137 
 08/30  03:00:00,541635.4860575137,541635.4860575137 
 08/30  04:00:00,541635.4860575137,541635.4860575137 
 08/30  05:00:00,541635.4860575137,541635.4860575137 
 08/30  06:00:00,541635.4860575137,541635.4860575137 
 08/30  07:00:00,541635.4860575137,541635.4860575137 
 08/30  08:00:00,541635.4860575137,541635.4860575137 
 08/30  09:00:00,541635.4860575137,541635.4860575137 
 08/30  10:00:00,541635.4860575137,541635.4860575137 
 08/30  11:00:00,541635.4860575137,541635.4860575137 
 08/30  12:00:00,541635.4860575137,541635.4860575137 
 08/30  13:00:00,1624906.458172541,1624906.458172541 
 08/30  14:00:00,1624906.458172541,1624906.458172541 
 08/30  15:00:00,541635.4860575137,541635.4860575137 
 08/30  16:00:00,541635.4860575137,541635.4860575137 
 08/30  17:00:00,541635.4860575137,541635.4860575137 
 08/30  18:00:00,541635.4860575137,541635.4860575137 
 08/30  19:00:00,541635.4860575137,541635.4860575137 
 08/30  20:00:00,9605656.005120585,3538827.8990239934 
 08/30  21:00:00,8390370.649271956,5352129.308868714 
 08/30  22:00:00,6531489.321511942,5352129.308868714 
 08/30  23:00:00,6889474.5958185345,5352129.308868714 
 08/30  24:00:00,7716087.72190941,5352129.308868714 
 08/31  01:00:00,541635.4860575137,541635.4860575137 
 08/31  02:00:00,541635.4860575137,541635.4860575137 
 08/31  03:00:00,541635.4860575137,541635.4860575137 
 08/31  04:00:00,541635.4860575137,541635.4860575137 
 08/31  05:00:00,541635.4860575137,541635.4860575137 
 08/31  06:00:00,541635.4860575137,541635.4860575137 
 08/31  07:00:00,541635.4860575137,541635.4860575137 
 08/31  08:00:00,541635.4860575137,541635.4860575137 
 08/31  09:00:00,541635.4860575137,541635.4860575137 
 08/31  10:00:00,541635.4860575137,541635.4860575137 
 08/31  11:00:00,541635.4860575137,541635.4860575137 
 08/31  12:00:00,541635.4860575137,541635.4860575137 
 08/31  13:00:00,1624906.458172541,1624906.458172541 
 08/31  14:00:00,1624906.458172541,1624906.458172541 
 08/31  15:00:00,541635.4860575137,541635.4860575137 
 08/31  16:00:00,541635.4860575137,541635.4860575137 
 08/31  17:00:00,541635.4860575137,541635.4860575137 
 08/31  18:00:00,541635.4860575137,541635.4860575137 
 08/31  19:00:00,541635.4860575137,541635.4860575137 
 08/31  20:00:00,3538827.8990239934,3538827.8990239934 
 08/31  21:00:00,5352129.308868714,5352129.308868714 
 08/31  22:00:00,5352129.308868714,5352129.308868714 
 08/31  23:00:00,5352129.308868714,5352129.308868714 
 08/31  24:00:00,5352129.308868714,5352129.308868714 
 09/01  01:00:00,541635.4860575137,541635.4860575137 
 09/01  02:00:00,541635.4860575137,541635.4860575137 
 09/01  03:00:00,541635.4860575137,541635.4860575137 
 09/01  04:00:00,541635.4860575137,541635.4860575137 
 09/01  05:00:00,541635.4860575137,541635.4860575137 
 09/01  06:00:00,541635.4860575137,541635.4860575137 
 09/01  07:00:00,541635.4860575137,541635.4860575137 
 09/01  08:00:00,541635.4860575137,541635.4860575137 
 09/01  09:00:00,541635.4860575137,541635.4860575137 
 09/01  10:00:00,541635.4860575137,541635.4860575137 
 09/01  11:00:00,541635.4860575137,541635.4860575137 
 09/01  12:00:00,541635.4860575137,541635.4860575137 
 09/01  13:00:00,1624906.458172541,1624906.458172541 
 09/01  14:00:00,1624906.458172541,1624906.458172541 
 09/01  15:00:00,541635.4860575137,541635.4860575137 
 09/01  16:00:00,541635.4860575137,541635.4860575137 
 09/01  17:00:00,541635.4860575137,541635.4860575137 
 09/01  18:00:00,541635.4860575137,541635.4860575137 
 09/01  19:00:00,541635.4860575137,541635.4860575137 
 09/01  20:00:00,4990534.546109855,3538827.8990239934 
 09/01  21:00:00,6334820.624755956,5352129.308868714 
 09/01  22:00:00,5352129.308868714,5352129.308868714 
 09/01  23:00:00,5681697.95744079,5352129.308868714 
 09/01  24:00:00,6128200.289054679,5352129.308868714 
 09/02  01:00:00,541635.4860575137,541635.4860575137 
 09/02  02:00:00,541635.4860575137,541635.4860575137 
 09/02  03:00:00,541635.4860575137,541635.4860575137 
 09/02  04:00:00,541635.4860575137,541635.4860575137 
 09/02  05:00:00,541635.4860575137,541635.4860575137 
 09/02  06:00:00,541635.4860575137,541635.4860575137 
 09/02  07:00:00,541635.4860575137,541635.4860575137 
 09/02  08:00:00,541635.4860575137,541635.4860575137 
 09/02  09:00:00,956349.293700337,541635.4860575137 
 09/02  10:00:00,2519830.512754185,541635.4860575137 
 09/02  11:00:00,4139773.92724894,541635.4860575137 
 09/02  12:00:00,4924445.569140205,541635.4860575137 
 09/02  13:00:00,6866274.0134646045,1624906.458172541 
 09/02  14:00:00,7394805.103247171,1624906.458172541 
 09/02  15:00:00,5109626.586911002,541635.4860575137 
 09/02  16:00:00,4750442.405734027,541635.4860575137 
 09/02  17:00:00,3482385.6603245307,541635.4860575137 
 09/02  18:00:00,1287809.2964647792,541635.4860575137 
 09/02  19:00:00,541635.4860575137,541635.4860575137 
 09/02  20:00:00,3757722.239819316,3538827.8990239934 
 09/02  21:00:00,5787962.419138458,5352129.308868714 
 09/02  22:00:00,5352129.308868714,5352129.308868714 
 09/02  23:00:00,5352129.308868714,5352129.308868714 
 09/02  24:00:00,5382028.830138213,5352129.308868714 
 09/03  01:00:00,541635.4860575137,541635.4860575137 
 09/03  02:00:00,541635.4860575137,541635.4860575137 
 09/03  03:00:00,541635.4860575137,541635.4860575137 
 09/03  04:00:00,541635.4860575137,541635.4860575137 
 09/03  05:00:00,541635.4860575137,541635.4860575137 
 09/03  06:00:00,541635.4860575137,541635.4860575137 
 09/03  07:00:00,541635.4860575137,541635.4860575137 
 09/03  08:00:00,541635.4860575137,541635.4860575137 
 09/03  09:00:00,1782473.8422354348,541635.4860575137 
 09/03  10:00:00,6178886.021744687,541635.4860575137 
 09/03  11:00:00,8029078.136899083,541635.4860575137 
 09/03  12:00:00,7727553.9460828435,541635.4860575137 
 09/03  13:00:00,9104007.265331985,1624906.458172541 
 09/03  14:00:00,9928808.58796832,1624906.458172541 
 09/03  15:00:00,9140585.426038718,541635.4860575137 
 09/03  16:00:00,8264310.679876674,541635.4860575137 
 09/03  17:00:00,5397455.333389965,541635.4860575137 
 09/03  18:00:00,2872979.602755733,541635.4860575137 
 09/03  19:00:00,1191236.3168816236,541635.4860575137 
 09/03  20:00:00,4847684.626727509,3538827.8990239934 
 09/03  21:00:00,6970744.708166325,5352129.308868714 
 09/03  22:00:00,5828341.610872943,5352129.308868714 
 09/03  23:00:00,6222018.838802393,5352129.308868714 
 09/03  24:00:00,6654480.795246427,5352129.308868714 
 09/04  01:00:00,541635.4860575137,541635.4860575137 
 09/04  02:00:00,541635.4860575137,541635.4860575137 
 09/04  03:00:00,541635.4860575137,541635.4860575137 
 09/04  04:00:00,541635.4860575137,541635.4860575137 
 09/04  05:00:00,541635.4860575137,541635.4860575137 
 09/04  06:00:00,541635.4860575137,541635.4860575137 
 09/04  07:00:00,541635.4860575137,541635.4860575137 
 09/04  08:00:00,541635.4860575137,541635.4860575137 
 09/04  09:00:00,541635.4860575137,541635.4860575137 
 09/04  10:00:00,541635.4860575137,541635.4860575137 
 09/04  11:00:00,541635.4860575137,541635.4860575137 
 09/04  12:00:00,541635.4860575137,541635.4860575137 
 09/04  13:00:00,1624906.458172541,1624906.458172541 
 09/04  14:00:00,1624906.458172541,1624906.458172541 
 09/04  15:00:00,541635.4860575137,541635.4860575137 
 09/04  16:00:00,541635.4860575137,541635.4860575137 
 09/04  17:00:00,541635.4860575137,541635.4860575137 
 09/04  18:00:00,541635.4860575137,541635.4860575137 
 09/04  19:00:00,541635.4860575137,541635.4860575137 
 09/04  20:00:00,3538827.8990239934,3538827.8990239934 
 09/04  21:00:00,5352129.308868714,5352129.308868714 
 09/04  22:00:00,5352129.308868714,5352129.308868714 
 09/04  23:00:00,5352129.308868714,5352129.308868714 
 09/04  24:00:00,5352129.308868714,5352129.308868714 
 09/05  01:00:00,541635.4860575137,541635.4860575137 
 09/05  02:00:00,541635.4860575137,541635.4860575137 
 09/05  03:00:00,541635.4860575137,541635.4860575137 
 09/05  04:00:00,541635.4860575137,541635.4860575137 
 09/05  05:00:00,541635.4860575137,541635.4860575137 
 09/05  06:00:00,541635.4860575137,541635.4860575137 
 09/05  07:00:00,541635.4860575137,541635.4860575137 
 09/05  08:00:00,541635.4860575137,541635.4860575137 
 09/05  09:00:00,541635.4860575137,541635.4860575137 
 09/05  10:00:00,541635.4860575137,541635.4860575137 
 09/05  11:00:00,541635.4860575137,541635.4860575137 
 09/05  12:00:00,541635.4860575137,541635.4860575137 
 09/05  13:00:00,1624906.458172541,1624906.458172541 
 09/05  14:00:00,1624906.458172541,1624906.458172541 
 09/05  15:00:00,541635.4860575137,541635.4860575137 
 09/05  16:00:00,541635.4860575137,541635.4860575137 
 09/05  17:00:00,541635.4860575137,541635.4860575137 
 09/05  18:00:00,541635.4860575137,541635.4860575137 
 09/05  19:00:00,541635.4860575137,541635.4860575137 
 09/05  20:00:00,6656770.677202137,3538827.8990239934 
 09/05  21:00:00,6589091.754885759,5352129.308868714 
 09/05  22:00:00,5784555.720079558,5352129.308868714 
 09/05  23:00:00,6190840.2011807095,5352129.308868714 
 09/05  24:00:00,6966476.83947516,5352129.308868714 
 09/06  01:00:00,541635.4860575137,541635.4860575137 
 09/06  02:00:00,541635.4860575137,541635.4860575137 
 09/06  03:00:00,541635.4860575137,541635.4860575137 
 09/06  04:00:00,541635.4860575137,541635.4860575137 
 09/06  05:00:00,541635.4860575137,541635.4860575137 
 09/06  06:00:00,541635.4860575137,541635.4860575137 
 09/06  07:00:00,541635.4860575137,541635.4860575137 
 09/06  08:00:00,541635.4860575137,541635.4860575137 
 09/06  09:00:00,541635.4860575137,541635.4860575137 
 09/06  10:00:00,541635.4860575137,541635.4860575137 
 09/06  11:00:00,541635.4860575137,541635.4860575137 
 09/06  12:00:00,541635.4860575137,541635.4860575137 
 09/06  13:00:00,1624906.458172541,1624906.458172541 
 09/06  14:00:00,1624906.458172541,1624906.458172541 
 09/06  15:00:00,541635.4860575137,541635.4860575137 
 09/06  16:00:00,541635.4860575137,541635.4860575137 
 09/06  17:00:00,541635.4860575137,541635.4860575137 
 09/06  18:00:00,541635.4860575137,541635.4860575137 
 09/06  19:00:00,541635.4860575137,541635.4860575137 
 09/06  20:00:00,9313369.333053183,3538827.8990239934 
 09/06  21:00:00,8905100.593237301,5352129.308868714 
 09/06  22:00:00,6948967.56526087,5352129.308868714 
 09/06  23:00:00,7302092.041183564,5352129.308868714 
 09/06  24:00:00,8100823.345105639,5352129.308868714 
 09/07  01:00:00,541635.4860575137,541635.4860575137 
 09/07  02:00:00,541635.4860575137,541635.4860575137 
 09/07  03:00:00,541635.4860575137,541635.4860575137 
 09/07  04:00:00,541635.4860575137,541635.4860575137 
 09/07  05:00:00,541635.4860575137,541635.4860575137 
 09/07  06:00:00,541635.4860575137,541635.4860575137 
 09/07  07:00:00,541635.4860575137,541635.4860575137 
 09/07  08:00:00,541635.4860575137,541635.4860575137 
 09/07  09:00:00,541635.4860575137,541635.4860575137 
 09/07  10:00:00,541635.4860575137,541635.4860575137 
 09/07  11:00:00,541635.4860575137,541635.4860575137 
 09/07  12:00:00,541635.4860575137,541635.4860575137 
 09/07  13:00:00,1624906.458172541,1624906.458172541 
 09/07  14:00:00,1624906.458172541,1624906.458172541 
 09/07  15:00:00,541635.4860575137,541635.4860575137 
 09/07  16:00:00,541635.4860575137,541635.4860575137 
 09/07  17:00:00,541635.4860575137,541635.4860575137 
 09/07  18:00:00,541635.4860575137,541635.4860575137 
 09/07  19:00:00,541635.4860575137,541635.4860575137 
 09/07  20:00:00,10049209.984518845,3538827.8990239934 
 09/07  21:00:00,9794427.463498013,5352129.308868714 
 09/07  22:00:00,7501562.538928948,5352129.308868714 
 09/07  23:00:00,7924399.060183447,5352129.308868714 
 09/07  24:00:00,8850791.812927883,5352129.308868714 
 09/08  01:00:00,541635.4860575137,541635.4860575137 
 09/08  02:00:00,541635.4860575137,541635.4860575137 
 09/08  03:00:00,541635.4860575137,541635.4860575137 
 09/08  04:00:00,541635.4860575137,541635.4860575137 
 09/08  05:00:00,541635.4860575137,541635.4860575137 
 09/08  06:00:00,541635.4860575137,541635.4860575137 
 09/08  07:00:00,541635.4860575137,541635.4860575137 
 09/08  08:00:00,541635.4860575137,541635.4860575137 
 09/08  09:00:00,541635.4860575137,541635.4860575137 
 09/08  10:00:00,541635.4860575137,541635.4860575137 
 09/08  11:00:00,541635.4860575137,541635.4860575137 
 09/08  12:00:00,541635.4860575137,541635.4860575137 
 09/08  13:00:00,1624906.458172541,1624906.458172541 
 09/08  14:00:00,1624906.458172541,1624906.458172541 
 09/08  15:00:00,541635.4860575137,541635.4860575137 
 09/08  16:00:00,541635.4860575137,541635.4860575137 
 09/08  17:00:00,541635.4860575137,541635.4860575137 
 09/08  18:00:00,541635.4860575137,541635.4860575137 
 09/08  19:00:00,541635.4860575137,541635.4860575137 
 09/08  20:00:00,9828765.52460093,3538827.8990239934 
 09/08  21:00:00,9136825.06209586,5352129.308868714 
 09/08  22:00:00,6224642.229957497,5352129.308868714 
 09/08  23:00:00,6908034.566788578,5352129.308868714 
 09/08  24:00:00,8040506.766800242,5352129.308868714 
 09/09  01:00:00,541635.4860575137,541635.4860575137 
 09/09  02:00:00,541635.4860575137,541635.4860575137 
 09/09  03:00:00,541635.4860575137,541635.4860575137 
 09/09  04:00:00,541635.4860575137,541635.4860575137 
 09/09  05:00:00,541635.4860575137,541635.4860575137 
 09/09  06:00:00,541635.4860575137,541635.4860575137 
 09/09  07:00:00,541635.4860575137,541635.4860575137 
 09/09  08:00:00,564817.3602088784,541635.4860575137 
 09/09  09:00:00,2945578.334815777,541635.4860575137 
 09/09  10:00:00,6937277.9380913945,541635.4860575137 
 09/09  11:00:00,7491090.818618552,541635.4860575137 
 09/09  12:00:00,6871338.885180252,541635.4860575137 
 09/09  13:00:00,8272676.108817229,1624906.458172541 
 09/09  14:00:00,9291966.88962126,1624906.458172541 
 09/09  15:00:00,8562425.385601128,541635.4860575137 
 09/09  16:00:00,7271726.073236017,541635.4860575137 
 09/09  17:00:00,5473154.710065645,541635.4860575137 
 09/09  18:00:00,2944766.977136134,541635.4860575137 
 09/09  19:00:00,682285.7564087827,541635.4860575137 
 09/09  20:00:00,4221435.536979819,3538827.8990239934 
 09/09  21:00:00,6249906.2295014495,5352129.308868714 
 09/09  22:00:00,5352129.308868714,5352129.308868714 
 09/09  23:00:00,5352129.308868714,5352129.308868714 
 09/09  24:00:00,5619981.740708449,5352129.308868714 
 09/10  01:00:00,541635.4860575137,541635.4860575137 
 09/10  02:00:00,541635.4860575137,541635.4860575137 
 09/10  03:00:00,541635.4860575137,541635.4860575137 
 09/10  04:00:00,541635.4860575137,541635.4860575137 
 09/10  05:00:00,541635.4860575137,541635.4860575137 
 09/10  06:00:00,541635.4860575137,541635.4860575137 
 09/10  07:00:00,541635.4860575137,541635.4860575137 
 09/10  08:00:00,541635.4860575137,541635.4860575137 
 09/10  09:00:00,2454677.3750772523,541635.4860575137 
 09/10  10:00:00,6092964.572037662,541635.4860575137 
 09/10  11:00:00,6719366.21712338,541635.4860575137 
 09/10  12:00:00,6736320.7771051265,541635.4860575137 
 09/10  13:00:00,8336622.950215618,1624906.458172541 
 09/10  14:00:00,9573057.65866662,1624906.458172541 
 09/10  15:00:00,9232510.36792587,541635.4860575137 
 09/10  16:00:00,8903218.656728102,541635.4860575137 
 09/10  17:00:00,7436915.1174253,541635.4860575137 
 09/10  18:00:00,4682458.302780993,541635.4860575137 
 09/10  19:00:00,790310.0380775051,541635.4860575137 
 09/10  20:00:00,4163694.3250016384,3538827.8990239934 
 09/10  21:00:00,6182959.669211436,5352129.308868714 
 09/10  22:00:00,5352129.308868714,5352129.308868714 
 09/10  23:00:00,5352129.308868714,5352129.308868714 
 09/10  24:00:00,5607066.3355389265,5352129.308868714 
 09/11  01:00:00,541635.4860575137,541635.4860575137 
 09/11  02:00:00,541635.4860575137,541635.4860575137 
 09/11  03:00:00,541635.4860575137,541635.4860575137 
 09/11  04:00:00,541635.4860575137,541635.4860575137 
 09/11  05:00:00,541635.4860575137,541635.4860575137 
 09/11  06:00:00,541635.4860575137,541635.4860575137 
 09/11  07:00:00,541635.4860575137,541635.4860575137 
 09/11  08:00:00,541635.4860575137,541635.4860575137 
 09/11  09:00:00,541635.4860575137,541635.4860575137 
 09/11  10:00:00,541635.4860575137,541635.4860575137 
 09/11  11:00:00,541635.4860575137,541635.4860575137 
 09/11  12:00:00,541635.4860575137,541635.4860575137 
 09/11  13:00:00,1624906.458172541,1624906.458172541 
 09/11  14:00:00,1624906.458172541,1624906.458172541 
 09/11  15:00:00,541635.4860575137,541635.4860575137 
 09/11  16:00:00,541635.4860575137,541635.4860575137 
 09/11  17:00:00,541635.4860575137,541635.4860575137 
 09/11  18:00:00,541635.4860575137,541635.4860575137 
 09/11  19:00:00,541635.4860575137,541635.4860575137 
 09/11  20:00:00,4084848.9906085157,3538827.8990239934 
 09/11  21:00:00,5352129.308868714,5352129.308868714 
 09/11  22:00:00,5352129.308868714,5352129.308868714 
 09/11  23:00:00,5352129.308868714,5352129.308868714 
 09/11  24:00:00,5352129.308868714,5352129.308868714 
 09/12  01:00:00,541635.4860575137,541635.4860575137 
 09/12  02:00:00,541635.4860575137,541635.4860575137 
 09/12  03:00:00,541635.4860575137,541635.4860575137 
 09/12  04:00:00,704170.125991642,541635.4860575137 
 09/12  05:00:00,758348.3393030182,541635.4860575137 
 09/12  06:00:00,758348.3393030181,541635.4860575137 
 09/12  07:00:00,686110.7215545167,541635.4860575137 
 09/12  08:00:00,541635.4860575137,541635.4860575137 
 09/12  09:00:00,541635.4860575137,541635.4860575137 
 09/12  10:00:00,541635.4860575137,541635.4860575137 
 09/12  11:00:00,541635.4860575137,541635.4860575137 
 09/12  12:00:00,541635.4860575137,541635.4860575137 
 09/12  13:00:00,1624906.458172541,1624906.458172541 
 09/12  14:00:00,1624906.458172541,1624906.458172541 
 09/12  15:00:00,541635.4860575137,541635.4860575137 
 09/12  16:00:00,541635.4860575137,541635.4860575137 
 09/12  17:00:00,541635.4860575137,541635.4860575137 
 09/12  18:00:00,541635.4860575137,541635.4860575137 
 09/12  19:00:00,541635.4860575137,541635.4860575137 
 09/12  20:00:00,3741814.8510757308,3538827.8990239934 
 09/12  21:00:00,5352129.308868714,5352129.308868714 
 09/12  22:00:00,5352129.308868714,5352129.308868714 
 09/12  23:00:00,5352129.308868714,5352129.308868714 
 09/12  24:00:00,5352129.308868714,5352129.308868714 
 09/13  01:00:00,541635.4860575137,541635.4860575137 
 09/13  02:00:00,541635.4860575137,541635.4860575137 
 09/13  03:00:00,541635.4860575137,541635.4860575137 
 09/13  04:00:00,541635.4860575137,541635.4860575137 
 09/13  05:00:00,541635.4860575137,541635.4860575137 
 09/13  06:00:00,541635.4860575137,541635.4860575137 
 09/13  07:00:00,541635.4860575137,541635.4860575137 
 09/13  08:00:00,541635.4860575137,541635.4860575137 
 09/13  09:00:00,541635.4860575137,541635.4860575137 
 09/13  10:00:00,541635.4860575137,541635.4860575137 
 09/13  11:00:00,541635.4860575137,541635.4860575137 
 09/13  12:00:00,541635.4860575137,541635.4860575137 
 09/13  13:00:00,1624906.458172541,1624906.458172541 
 09/13  14:00:00,1624906.458172541,1624906.458172541 
 09/13  15:00:00,541635.4860575137,541635.4860575137 
 09/13  16:00:00,541635.4860575137,541635.4860575137 
 09/13  17:00:00,541635.4860575137,541635.4860575137 
 09/13  18:00:00,541635.4860575137,541635.4860575137 
 09/13  19:00:00,541635.4860575137,541635.4860575137 
 09/13  20:00:00,3782939.971510542,3538827.8990239934 
 09/13  21:00:00,5352129.308868714,5352129.308868714 
 09/13  22:00:00,5352129.308868714,5352129.308868714 
 09/13  23:00:00,5352129.308868714,5352129.308868714 
 09/13  24:00:00,5352129.308868714,5352129.308868714 
 09/14  01:00:00,541635.4860575137,541635.4860575137 
 09/14  02:00:00,541635.4860575137,541635.4860575137 
 09/14  03:00:00,541635.4860575137,541635.4860575137 
 09/14  04:00:00,541635.4860575137,541635.4860575137 
 09/14  05:00:00,541635.4860575137,541635.4860575137 
 09/14  06:00:00,541635.4860575137,541635.4860575137 
 09/14  07:00:00,541635.4860575137,541635.4860575137 
 09/14  08:00:00,541635.4860575137,541635.4860575137 
 09/14  09:00:00,541635.4860575137,541635.4860575137 
 09/14  10:00:00,541635.4860575137,541635.4860575137 
 09/14  11:00:00,541635.4860575137,541635.4860575137 
 09/14  12:00:00,541635.4860575137,541635.4860575137 
 09/14  13:00:00,1624906.458172541,1624906.458172541 
 09/14  14:00:00,1624906.458172541,1624906.458172541 
 09/14  15:00:00,541635.4860575137,541635.4860575137 
 09/14  16:00:00,541635.4860575137,541635.4860575137 
 09/14  17:00:00,541635.4860575137,541635.4860575137 
 09/14  18:00:00,541635.4860575137,541635.4860575137 
 09/14  19:00:00,541635.4860575137,541635.4860575137 
 09/14  20:00:00,4288474.161592659,3538827.8990239934 
 09/14  21:00:00,5352129.308868714,5352129.308868714 
 09/14  22:00:00,5352129.308868714,5352129.308868714 
 09/14  23:00:00,5352129.308868714,5352129.308868714 
 09/14  24:00:00,5352129.308868714,5352129.308868714 
 09/15  01:00:00,541635.4860575137,541635.4860575137 
 09/15  02:00:00,541635.4860575137,541635.4860575137 
 09/15  03:00:00,541635.4860575137,541635.4860575137 
 09/15  04:00:00,541635.4860575137,541635.4860575137 
 09/15  05:00:00,541635.4860575137,541635.4860575137 
 09/15  06:00:00,541635.4860575137,541635.4860575137 
 09/15  07:00:00,541635.4860575137,541635.4860575137 
 09/15  08:00:00,541635.4860575137,541635.4860575137 
 09/15  09:00:00,541635.4860575137,541635.4860575137 
 09/15  10:00:00,541635.4860575137,541635.4860575137 
 09/15  11:00:00,541635.4860575137,541635.4860575137 
 09/15  12:00:00,541635.4860575137,541635.4860575137 
 09/15  13:00:00,1624906.458172541,1624906.458172541 
 09/15  14:00:00,1624906.458172541,1624906.458172541 
 09/15  15:00:00,541635.4860575137,541635.4860575137 
 09/15  16:00:00,541635.4860575137,541635.4860575137 
 09/15  17:00:00,541635.4860575137,541635.4860575137 
 09/15  18:00:00,541635.4860575137,541635.4860575137 
 09/15  19:00:00,541635.4860575137,541635.4860575137 
 09/15  20:00:00,3538827.8990239934,3538827.8990239934 
 09/15  21:00:00,5352129.308868714,5352129.308868714 
 09/15  22:00:00,5352129.308868714,5352129.308868714 
 09/15  23:00:00,5352129.308868714,5352129.308868714 
 09/15  24:00:00,5352129.308868714,5352129.308868714 
 09/16  01:00:00,541635.4860575137,541635.4860575137 
 09/16  02:00:00,541635.4860575137,541635.4860575137 
 09/16  03:00:00,541635.4860575137,541635.4860575137 
 09/16  04:00:00,541635.4860575137,541635.4860575137 
 09/16  05:00:00,541635.4860575137,541635.4860575137 
 09/16  06:00:00,541635.4860575137,541635.4860575137 
 09/16  07:00:00,541635.4860575137,541635.4860575137 
 09/16  08:00:00,541635.4860575137,541635.4860575137 
 09/16  09:00:00,710189.9274706838,541635.4860575137 
 09/16  10:00:00,758348.3393030182,541635.4860575137 
 09/16  11:00:00,758348.3393030182,541635.4860575137 
 09/16  12:00:00,758348.3393030182,541635.4860575137 
 09/16  13:00:00,1841619.3114180455,1624906.458172541 
 09/16  14:00:00,1841619.3114180455,1624906.458172541 
 09/16  15:00:00,758348.3393030182,541635.4860575137 
 09/16  16:00:00,758348.3393030182,541635.4860575137 
 09/16  17:00:00,758348.3393030182,541635.4860575137 
 09/16  18:00:00,758348.3393030181,541635.4860575137 
 09/16  19:00:00,758348.3393030181,541635.4860575137 
 09/16  20:00:00,3755540.7522694976,3538827.8990239934 
 09/16  21:00:00,5512680.312520948,5352129.308868714 
 09/16  22:00:00,5352129.308868714,5352129.308868714 
 09/16  23:00:00,5352129.308868714,5352129.308868714 
 09/16  24:00:00,5352129.308868714,5352129.308868714 
 09/17  01:00:00,541635.4860575137,541635.4860575137 
 09/17  02:00:00,541635.4860575137,541635.4860575137 
 09/17  03:00:00,541635.4860575137,541635.4860575137 
 09/17  04:00:00,541635.4860575137,541635.4860575137 
 09/17  05:00:00,541635.4860575137,541635.4860575137 
 09/17  06:00:00,541635.4860575137,541635.4860575137 
 09/17  07:00:00,541635.4860575137,541635.4860575137 
 09/17  08:00:00,541635.4860575137,541635.4860575137 
 09/17  09:00:00,647324.3557268035,541635.4860575137 
 09/17  10:00:00,758348.3393030181,541635.4860575137 
 09/17  11:00:00,758348.3393030181,541635.4860575137 
 09/17  12:00:00,758348.3393030181,541635.4860575137 
 09/17  13:00:00,1841619.3114180455,1624906.458172541 
 09/17  14:00:00,1841619.3114180455,1624906.458172541 
 09/17  15:00:00,758348.3393030181,541635.4860575137 
 09/17  16:00:00,758348.3393030182,541635.4860575137 
 09/17  17:00:00,758348.3393030181,541635.4860575137 
 09/17  18:00:00,758348.3393030181,541635.4860575137 
 09/17  19:00:00,758348.3393030181,541635.4860575137 
 09/17  20:00:00,3755540.7522694976,3538827.8990239934 
 09/17  21:00:00,5568842.162114218,5352129.308868714 
 09/17  22:00:00,5352129.308868714,5352129.308868714 
 09/17  23:00:00,5415269.917617296,5352129.308868714 
 09/17  24:00:00,5568842.162114218,5352129.308868714 
 09/18  01:00:00,541635.4860575137,541635.4860575137 
 09/18  02:00:00,541635.4860575137,541635.4860575137 
 09/18  03:00:00,541635.4860575137,541635.4860575137 
 09/18  04:00:00,541635.4860575137,541635.4860575137 
 09/18  05:00:00,541635.4860575137,541635.4860575137 
 09/18  06:00:00,541635.4860575137,541635.4860575137 
 09/18  07:00:00,541635.4860575137,541635.4860575137 
 09/18  08:00:00,541635.4860575137,541635.4860575137 
 09/18  09:00:00,541635.4860575137,541635.4860575137 
 09/18  10:00:00,541635.4860575137,541635.4860575137 
 09/18  11:00:00,541635.4860575137,541635.4860575137 
 09/18  12:00:00,541635.4860575137,541635.4860575137 
 09/18  13:00:00,1624906.458172541,1624906.458172541 
 09/18  14:00:00,1624906.458172541,1624906.458172541 
 09/18  15:00:00,541635.4860575137,541635.4860575137 
 09/18  16:00:00,541635.4860575137,541635.4860575137 
 09/18  17:00:00,541635.4860575137,541635.4860575137 
 09/18  18:00:00,541635.4860575137,541635.4860575137 
 09/18  19:00:00,541635.4860575137,541635.4860575137 
 09/18  20:00:00,3755540.7522694976,3538827.8990239934 
 09/18  21:00:00,5568842.162114218,5352129.308868714 
 09/18  22:00:00,5379522.890670851,5352129.308868714 
 09/18  23:00:00,5567056.944749906,5352129.308868714 
 09/18  24:00:00,5568842.162114218,5352129.308868714 
 09/19  01:00:00,541635.4860575137,541635.4860575137 
 09/19  02:00:00,541635.4860575137,541635.4860575137 
 09/19  03:00:00,541635.4860575137,541635.4860575137 
 09/19  04:00:00,541635.4860575137,541635.4860575137 
 09/19  05:00:00,541635.4860575137,541635.4860575137 
 09/19  06:00:00,541635.4860575137,541635.4860575137 
 09/19  07:00:00,541635.4860575137,541635.4860575137 
 09/19  08:00:00,541635.4860575137,541635.4860575137 
 09/19  09:00:00,541635.4860575137,541635.4860575137 
 09/19  10:00:00,541635.4860575137,541635.4860575137 
 09/19  11:00:00,541635.4860575137,541635.4860575137 
 09/19  12:00:00,541635.4860575137,541635.4860575137 
 09/19  13:00:00,1624906.458172541,1624906.458172541 
 09/19  14:00:00,1624906.458172541,1624906.458172541 
 09/19  15:00:00,541635.4860575137,541635.4860575137 
 09/19  16:00:00,541635.4860575137,541635.4860575137 
 09/19  17:00:00,541635.4860575137,541635.4860575137 
 09/19  18:00:00,541635.4860575137,541635.4860575137 
 09/19  19:00:00,541635.4860575137,541635.4860575137 
 09/19  20:00:00,3755540.7522694976,3538827.8990239934 
 09/19  21:00:00,5568842.162114218,5352129.308868714 
 09/19  22:00:00,5568842.162114218,5352129.308868714 
 09/19  23:00:00,5568842.162114218,5352129.308868714 
 09/19  24:00:00,5568842.162114218,5352129.308868714 
 09/20  01:00:00,758348.3393030181,541635.4860575137 
 09/20  02:00:00,652127.3446059662,541635.4860575137 
 09/20  03:00:00,541635.4860575137,541635.4860575137 
 09/20  04:00:00,541635.4860575137,541635.4860575137 
 09/20  05:00:00,541635.4860575137,541635.4860575137 
 09/20  06:00:00,541635.4860575137,541635.4860575137 
 09/20  07:00:00,541635.4860575137,541635.4860575137 
 09/20  08:00:00,541635.4860575137,541635.4860575137 
 09/20  09:00:00,541635.4860575137,541635.4860575137 
 09/20  10:00:00,541635.4860575137,541635.4860575137 
 09/20  11:00:00,541635.4860575137,541635.4860575137 
 09/20  12:00:00,541635.4860575137,541635.4860575137 
 09/20  13:00:00,1624906.458172541,1624906.458172541 
 09/20  14:00:00,1624906.458172541,1624906.458172541 
 09/20  15:00:00,541635.4860575137,541635.4860575137 
 09/20  16:00:00,541635.4860575137,541635.4860575137 
 09/20  17:00:00,541635.4860575137,541635.4860575137 
 09/20  18:00:00,541635.4860575137,541635.4860575137 
 09/20  19:00:00,541635.4860575137,541635.4860575137 
 09/20  20:00:00,3755540.7522694976,3538827.8990239934 
 09/20  21:00:00,5568842.162114218,5352129.308868714 
 09/20  22:00:00,5568842.162114218,5352129.308868714 
 09/20  23:00:00,5568842.162114218,5352129.308868714 
 09/20  24:00:00,5568842.162114218,5352129.308868714 
 09/21  01:00:00,600284.5817474837,541635.4860575137 
 09/21  02:00:00,541635.4860575137,541635.4860575137 
 09/21  03:00:00,541635.4860575137,541635.4860575137 
 09/21  04:00:00,541635.4860575137,541635.4860575137 
 09/21  05:00:00,541635.4860575137,541635.4860575137 
 09/21  06:00:00,541635.4860575137,541635.4860575137 
 09/21  07:00:00,541635.4860575137,541635.4860575137 
 09/21  08:00:00,541635.4860575137,541635.4860575137 
 09/21  09:00:00,541635.4860575137,541635.4860575137 
 09/21  10:00:00,541635.4860575137,541635.4860575137 
 09/21  11:00:00,541635.4860575137,541635.4860575137 
 09/21  12:00:00,541635.4860575137,541635.4860575137 
 09/21  13:00:00,1624906.458172541,1624906.458172541 
 09/21  14:00:00,1624906.458172541,1624906.458172541 
 09/21  15:00:00,541635.4860575137,541635.4860575137 
 09/21  16:00:00,541635.4860575137,541635.4860575137 
 09/21  17:00:00,541635.4860575137,541635.4860575137 
 09/21  18:00:00,541635.4860575137,541635.4860575137 
 09/21  19:00:00,541635.4860575137,541635.4860575137 
 09/21  20:00:00,3755540.7522694976,3538827.8990239934 
 09/21  21:00:00,5568842.162114218,5352129.308868714 
 09/21  22:00:00,5548997.795041454,5352129.308868714 
 09/21  23:00:00,5568842.162114218,5352129.308868714 
 09/21  24:00:00,5568842.162114218,5352129.308868714 
 09/22  01:00:00,541635.4860575137,541635.4860575137 
 09/22  02:00:00,541635.4860575137,541635.4860575137 
 09/22  03:00:00,541635.4860575137,541635.4860575137 
 09/22  04:00:00,541635.4860575137,541635.4860575137 
 09/22  05:00:00,541635.4860575137,541635.4860575137 
 09/22  06:00:00,541635.4860575137,541635.4860575137 
 09/22  07:00:00,541635.4860575137,541635.4860575137 
 09/22  08:00:00,541635.4860575137,541635.4860575137 
 09/22  09:00:00,541635.4860575137,541635.4860575137 
 09/22  10:00:00,541635.4860575137,541635.4860575137 
 09/22  11:00:00,541635.4860575137,541635.4860575137 
 09/22  12:00:00,541635.4860575137,541635.4860575137 
 09/22  13:00:00,1624906.458172541,1624906.458172541 
 09/22  14:00:00,1624906.458172541,1624906.458172541 
 09/22  15:00:00,541635.4860575137,541635.4860575137 
 09/22  16:00:00,541635.4860575137,541635.4860575137 
 09/22  17:00:00,541635.4860575137,541635.4860575137 
 09/22  18:00:00,541635.4860575137,541635.4860575137 
 09/22  19:00:00,541635.4860575137,541635.4860575137 
 09/22  20:00:00,3538827.8990239934,3538827.8990239934 
 09/22  21:00:00,5352129.308868714,5352129.308868714 
 09/22  22:00:00,5352129.308868714,5352129.308868714 
 09/22  23:00:00,5352129.308868714,5352129.308868714 
 09/22  24:00:00,5352129.308868714,5352129.308868714 
 09/23  01:00:00,541635.4860575137,541635.4860575137 
 09/23  02:00:00,541635.4860575137,541635.4860575137 
 09/23  03:00:00,541635.4860575137,541635.4860575137 
 09/23  04:00:00,541635.4860575137,541635.4860575137 
 09/23  05:00:00,541635.4860575137,541635.4860575137 
 09/23  06:00:00,541635.4860575137,541635.4860575137 
 09/23  07:00:00,541635.4860575137,541635.4860575137 
 09/23  08:00:00,541635.4860575137,541635.4860575137 
 09/23  09:00:00,541635.4860575137,541635.4860575137 
 09/23  10:00:00,541635.4860575137,541635.4860575137 
 09/23  11:00:00,541635.4860575137,541635.4860575137 
 09/23  12:00:00,541635.4860575137,541635.4860575137 
 09/23  13:00:00,1805500.5025437947,1624906.458172541 
 09/23  14:00:00,1841619.3114180455,1624906.458172541 
 09/23  15:00:00,660265.1415233852,541635.4860575137 
 09/23  16:00:00,560056.555306284,541635.4860575137 
 09/23  17:00:00,541635.4860575137,541635.4860575137 
 09/23  18:00:00,541635.4860575137,541635.4860575137 
 09/23  19:00:00,541635.4860575137,541635.4860575137 
 09/23  20:00:00,3538827.8990239934,3538827.8990239934 
 09/23  21:00:00,5352129.308868714,5352129.308868714 
 09/23  22:00:00,5352129.308868714,5352129.308868714 
 09/23  23:00:00,5352129.308868714,5352129.308868714 
 09/23  24:00:00,5352129.308868714,5352129.308868714 
 09/24  01:00:00,541635.4860575137,541635.4860575137 
 09/24  02:00:00,541635.4860575137,541635.4860575137 
 09/24  03:00:00,541635.4860575137,541635.4860575137 
 09/24  04:00:00,541635.4860575137,541635.4860575137 
 09/24  05:00:00,541635.4860575137,541635.4860575137 
 09/24  06:00:00,541635.4860575137,541635.4860575137 
 09/24  07:00:00,541635.4860575137,541635.4860575137 
 09/24  08:00:00,541635.4860575137,541635.4860575137 
 09/24  09:00:00,541635.4860575137,541635.4860575137 
 09/24  10:00:00,541635.4860575137,541635.4860575137 
 09/24  11:00:00,541635.4860575137,541635.4860575137 
 09/24  12:00:00,541635.4860575137,541635.4860575137 
 09/24  13:00:00,1814530.2047623575,1624906.458172541 
 09/24  14:00:00,1841619.3114180455,1624906.458172541 
 09/24  15:00:00,758348.3393030181,541635.4860575137 
 09/24  16:00:00,758348.3393030181,541635.4860575137 
 09/24  17:00:00,758348.3393030182,541635.4860575137 
 09/24  18:00:00,758348.3393030182,541635.4860575137 
 09/24  19:00:00,588441.0726306062,541635.4860575137 
 09/24  20:00:00,3538827.8990239934,3538827.8990239934 
 09/24  21:00:00,5352129.308868714,5352129.308868714 
 09/24  22:00:00,5352129.308868714,5352129.308868714 
 09/24  23:00:00,5352129.308868714,5352129.308868714 
 09/24  24:00:00,5352129.308868714,5352129.308868714 
 09/25  01:00:00,541635.4860575137,541635.4860575137 
 09/25  02:00:00,541635.4860575137,541635.4860575137 
 09/25  03:00:00,541635.4860575137,541635.4860575137 
 09/25  04:00:00,541635.4860575137,541635.4860575137 
 09/25  05:00:00,541635.4860575137,541635.4860575137 
 09/25  06:00:00,541635.4860575137,541635.4860575137 
 09/25  07:00:00,541635.4860575137,541635.4860575137 
 09/25  08:00:00,541635.4860575137,541635.4860575137 
 09/25  09:00:00,541635.4860575137,541635.4860575137 
 09/25  10:00:00,541635.4860575137,541635.4860575137 
 09/25  11:00:00,541635.4860575137,541635.4860575137 
 09/25  12:00:00,541635.4860575137,541635.4860575137 
 09/25  13:00:00,1624906.458172541,1624906.458172541 
 09/25  14:00:00,1624906.458172541,1624906.458172541 
 09/25  15:00:00,541635.4860575137,541635.4860575137 
 09/25  16:00:00,541635.4860575137,541635.4860575137 
 09/25  17:00:00,541635.4860575137,541635.4860575137 
 09/25  18:00:00,541635.4860575137,541635.4860575137 
 09/25  19:00:00,541635.4860575137,541635.4860575137 
 09/25  20:00:00,3755540.7522694976,3538827.8990239934 
 09/25  21:00:00,5568842.162114218,5352129.308868714 
 09/25  22:00:00,5386832.497165358,5352129.308868714 
 09/25  23:00:00,5566417.321270663,5352129.308868714 
 09/25  24:00:00,5568842.162114218,5352129.308868714 
 09/26  01:00:00,541635.4860575137,541635.4860575137 
 09/26  02:00:00,541635.4860575137,541635.4860575137 
 09/26  03:00:00,541635.4860575137,541635.4860575137 
 09/26  04:00:00,541635.4860575137,541635.4860575137 
 09/26  05:00:00,541635.4860575137,541635.4860575137 
 09/26  06:00:00,541635.4860575137,541635.4860575137 
 09/26  07:00:00,541635.4860575137,541635.4860575137 
 09/26  08:00:00,541635.4860575137,541635.4860575137 
 09/26  09:00:00,541635.4860575137,541635.4860575137 
 09/26  10:00:00,541635.4860575137,541635.4860575137 
 09/26  11:00:00,541635.4860575137,541635.4860575137 
 09/26  12:00:00,541635.4860575137,541635.4860575137 
 09/26  13:00:00,1624906.458172541,1624906.458172541 
 09/26  14:00:00,1624906.458172541,1624906.458172541 
 09/26  15:00:00,541635.4860575137,541635.4860575137 
 09/26  16:00:00,541635.4860575137,541635.4860575137 
 09/26  17:00:00,541635.4860575137,541635.4860575137 
 09/26  18:00:00,541635.4860575137,541635.4860575137 
 09/26  19:00:00,541635.4860575137,541635.4860575137 
 09/26  20:00:00,3538827.8990239934,3538827.8990239934 
 09/26  21:00:00,5352129.308868714,5352129.308868714 
 09/26  22:00:00,5352129.308868714,5352129.308868714 
 09/26  23:00:00,5352129.308868714,5352129.308868714 
 09/26  24:00:00,5352129.308868714,5352129.308868714 
 09/27  01:00:00,541635.4860575137,541635.4860575137 
 09/27  02:00:00,541635.4860575137,541635.4860575137 
 09/27  03:00:00,541635.4860575137,541635.4860575137 
 09/27  04:00:00,541635.4860575137,541635.4860575137 
 09/27  05:00:00,541635.4860575137,541635.4860575137 
 09/27  06:00:00,541635.4860575137,541635.4860575137 
 09/27  07:00:00,541635.4860575137,541635.4860575137 
 09/27  08:00:00,541635.4860575137,541635.4860575137 
 09/27  09:00:00,541635.4860575137,541635.4860575137 
 09/27  10:00:00,541635.4860575137,541635.4860575137 
 09/27  11:00:00,541635.4860575137,541635.4860575137 
 09/27  12:00:00,541635.4860575137,541635.4860575137 
 09/27  13:00:00,1624906.458172541,1624906.458172541 
 09/27  14:00:00,1624906.458172541,1624906.458172541 
 09/27  15:00:00,541635.4860575137,541635.4860575137 
 09/27  16:00:00,541635.4860575137,541635.4860575137 
 09/27  17:00:00,541635.4860575137,541635.4860575137 
 09/27  18:00:00,541635.4860575137,541635.4860575137 
 09/27  19:00:00,541635.4860575137,541635.4860575137 
 09/27  20:00:00,3582170.4696730943,3538827.8990239934 
 09/27  21:00:00,5352129.308868714,5352129.308868714 
 09/27  22:00:00,5352129.308868714,5352129.308868714 
 09/27  23:00:00,5352129.308868714,5352129.308868714 
 09/27  24:00:00,5352129.308868714,5352129.308868714 
 09/28  01:00:00,541635.4860575137,541635.4860575137 
 09/28  02:00:00,541635.4860575137,541635.4860575137 
 09/28  03:00:00,541635.4860575137,541635.4860575137 
 09/28  04:00:00,541635.4860575137,541635.4860575137 
 09/28  05:00:00,541635.4860575137,541635.4860575137 
 09/28  06:00:00,541635.4860575137,541635.4860575137 
 09/28  07:00:00,541635.4860575137,541635.4860575137 
 09/28  08:00:00,541635.4860575137,541635.4860575137 
 09/28  09:00:00,541635.4860575137,541635.4860575137 
 09/28  10:00:00,541635.4860575137,541635.4860575137 
 09/28  11:00:00,541635.4860575137,541635.4860575137 
 09/28  12:00:00,541635.4860575137,541635.4860575137 
 09/28  13:00:00,1624906.458172541,1624906.458172541 
 09/28  14:00:00,1624906.458172541,1624906.458172541 
 09/28  15:00:00,541635.4860575137,541635.4860575137 
 09/28  16:00:00,541635.4860575137,541635.4860575137 
 09/28  17:00:00,541635.4860575137,541635.4860575137 
 09/28  18:00:00,541635.4860575137,541635.4860575137 
 09/28  19:00:00,541635.4860575137,541635.4860575137 
 09/28  20:00:00,3538827.8990239934,3538827.8990239934 
 09/28  21:00:00,5402129.333175446,5352129.308868714 
 09/28  22:00:00,5352129.308868714,5352129.308868714 
 09/28  23:00:00,5352129.308868714,5352129.308868714 
 09/28  24:00:00,5352129.308868714,5352129.308868714 
 09/29  01:00:00,541635.4860575137,541635.4860575137 
 09/29  02:00:00,541635.4860575137,541635.4860575137 
 09/29  03:00:00,541635.4860575137,541635.4860575137 
 09/29  04:00:00,541635.4860575137,541635.4860575137 
 09/29  05:00:00,541635.4860575137,541635.4860575137 
 09/29  06:00:00,541635.4860575137,541635.4860575137 
 09/29  07:00:00,541635.4860575137,541635.4860575137 
 09/29  08:00:00,541635.4860575137,541635.4860575137 
 09/29  09:00:00,541635.4860575137,541635.4860575137 
 09/29  10:00:00,541635.4860575137,541635.4860575137 
 09/29  11:00:00,541635.4860575137,541635.4860575137 
 09/29  12:00:00,541635.4860575137,541635.4860575137 
 09/29  13:00:00,1624906.458172541,1624906.458172541 
 09/29  14:00:00,1624906.458172541,1624906.458172541 
 09/29  15:00:00,541635.4860575137,541635.4860575137 
 09/29  16:00:00,541635.4860575137,541635.4860575137 
 09/29  17:00:00,541635.4860575137,541635.4860575137 
 09/29  18:00:00,541635.4860575137,541635.4860575137 
 09/29  19:00:00,541635.4860575137,541635.4860575137 
 09/29  20:00:00,3703932.982367106,3538827.8990239934 
 09/29  21:00:00,5429997.948389987,5352129.308868714 
 09/29  22:00:00,5352129.308868714,5352129.308868714 
 09/29  23:00:00,5352129.308868714,5352129.308868714 
 09/29  24:00:00,5352129.308868714,5352129.308868714 
 09/30  01:00:00,541635.4860575137,541635.4860575137 
 09/30  02:00:00,541635.4860575137,541635.4860575137 
 09/30  03:00:00,541635.4860575137,541635.4860575137 
 09/30  04:00:00,541635.4860575137,541635.4860575137 
 09/30  05:00:00,541635.4860575137,541635.4860575137 
 09/30  06:00:00,541635.4860575137,541635.4860575137 
 09/30  07:00:00,541635.4860575137,541635.4860575137 
 09/30  08:00:00,541635.4860575137,541635.4860575137 
 09/30  09:00:00,541635.4860575137,541635.4860575137 
 09/30  10:00:00,577175.0158344365,541635.4860575137 
 09/30  11:00:00,758348.3393030182,541635.4860575137 
 09/30  12:00:00,758348.3393030182,541635.4860575137 
 09/30  13:00:00,1841619.3114180455,1624906.458172541 
 09/30  14:00:00,1841619.3114180455,1624906.458172541 
 09/30  15:00:00,758348.3393030182,541635.4860575137 
 09/30  16:00:00,758348.3393030181,541635.4860575137 
 09/30  17:00:00,758348.3393030182,541635.4860575137 
 09/30  18:00:00,613873.1038060152,541635.4860575137 
 09/30  19:00:00,541635.4860575137,541635.4860575137 
 09/30  20:00:00,3538827.8990239934,3538827.8990239934 
 09/30  21:00:00,5352129.308868714,5352129.308868714 
 09/30  22:00:00,5352129.308868714,5352129.308868714 
 09/30  23:00:00,5352129.308868714,5352129.308868714 
 09/30  24:00:00,5352129.308868714,5352129.308868714 
 10/01  01:00:00,541635.4860575137,541635.4860575137 
 10/01  02:00:00,541635.4860575137,541635.4860575137 
 10/01  03:00:00,541635.4860575137,541635.4860575137 
 10/01  04:00:00,541635.4860575137,541635.4860575137 
 10/01  05:00:00,541635.4860575137,541635.4860575137 
 10/01  06:00:00,541635.4860575137,541635.4860575137 
 10/01  07:00:00,541635.4860575137,541635.4860575137 
 10/01  08:00:00,541635.4860575137,541635.4860575137 
 10/01  09:00:00,541635.4860575137,541635.4860575137 
 10/01  10:00:00,698852.6438022885,541635.4860575137 
 10/01  11:00:00,758348.3393030182,541635.4860575137 
 10/01  12:00:00,758348.3393030182,541635.4860575137 
 10/01  13:00:00,1841619.3114180455,1624906.458172541 
 10/01  14:00:00,1841619.3114180455,1624906.458172541 
 10/01  15:00:00,758348.3393030181,541635.4860575137 
 10/01  16:00:00,758348.3393030181,541635.4860575137 
 10/01  17:00:00,758348.3393030181,541635.4860575137 
 10/01  18:00:00,758348.3393030181,541635.4860575137 
 10/01  19:00:00,758348.3393030181,541635.4860575137 
 10/01  20:00:00,3714540.42790349,3538827.8990239934 
 10/01  21:00:00,5447779.730458072,5352129.308868714 
 10/01  22:00:00,5352129.308868714,5352129.308868714 
 10/01  23:00:00,5352129.308868714,5352129.308868714 
 10/01  24:00:00,5352129.308868714,5352129.308868714 
 10/02  01:00:00,541635.4860575137,541635.4860575137 
 10/02  02:00:00,541635.4860575137,541635.4860575137 
 10/02  03:00:00,541635.4860575137,541635.4860575137 
 10/02  04:00:00,541635.4860575137,541635.4860575137 
 10/02  05:00:00,649991.912680266,541635.4860575137 
 10/02  06:00:00,758348.3393030181,541635.4860575137 
 10/02  07:00:00,758348.3393030182,541635.4860575137 
 10/02  08:00:00,541635.4860575137,541635.4860575137 
 10/02  09:00:00,541635.4860575137,541635.4860575137 
 10/02  10:00:00,541635.4860575137,541635.4860575137 
 10/02  11:00:00,541635.4860575137,541635.4860575137 
 10/02  12:00:00,541635.4860575137,541635.4860575137 
 10/02  13:00:00,1624906.458172541,1624906.458172541 
 10/02  14:00:00,1624906.458172541,1624906.458172541 
 10/02  15:00:00,541635.4860575137,541635.4860575137 
 10/02  16:00:00,541635.4860575137,541635.4860575137 
 10/02  17:00:00,541635.4860575137,541635.4860575137 
 10/02  18:00:00,541635.4860575137,541635.4860575137 
 10/02  19:00:00,541635.4860575137,541635.4860575137 
 10/02  20:00:00,3538827.8990239934,3538827.8990239934 
 10/02  21:00:00,5352129.308868714,5352129.308868714 
 10/02  22:00:00,5352129.308868714,5352129.308868714 
 10/02  23:00:00,5352129.308868714,5352129.308868714 
 10/02  24:00:00,5352129.308868714,5352129.308868714 
 10/03  01:00:00,541635.4860575137,541635.4860575137 
 10/03  02:00:00,541635.4860575137,541635.4860575137 
 10/03  03:00:00,584978.0567066146,541635.4860575137 
 10/03  04:00:00,704170.125991642,541635.4860575137 
 10/03  05:00:00,758348.3393030181,541635.4860575137 
 10/03  06:00:00,758348.3393030181,541635.4860575137 
 10/03  07:00:00,758348.3393030182,541635.4860575137 
 10/03  08:00:00,541635.4860575137,541635.4860575137 
 10/03  09:00:00,541635.4860575137,541635.4860575137 
 10/03  10:00:00,541635.4860575137,541635.4860575137 
 10/03  11:00:00,541635.4860575137,541635.4860575137 
 10/03  12:00:00,541635.4860575137,541635.4860575137 
 10/03  13:00:00,1624906.458172541,1624906.458172541 
 10/03  14:00:00,1624906.458172541,1624906.458172541 
 10/03  15:00:00,541635.4860575137,541635.4860575137 
 10/03  16:00:00,541635.4860575137,541635.4860575137 
 10/03  17:00:00,541635.4860575137,541635.4860575137 
 10/03  18:00:00,541635.4860575137,541635.4860575137 
 10/03  19:00:00,541635.4860575137,541635.4860575137 
 10/03  20:00:00,3613789.03065473,3538827.8990239934 
 10/03  21:00:00,5371538.782079811,5352129.308868714 
 10/03  22:00:00,5352129.308868714,5352129.308868714 
 10/03  23:00:00,5352129.308868714,5352129.308868714 
 10/03  24:00:00,5352129.308868714,5352129.308868714 
 10/04  01:00:00,541635.4860575137,541635.4860575137 
 10/04  02:00:00,541635.4860575137,541635.4860575137 
 10/04  03:00:00,541635.4860575137,541635.4860575137 
 10/04  04:00:00,704170.125991642,541635.4860575137 
 10/04  05:00:00,758348.3393030182,541635.4860575137 
 10/04  06:00:00,758348.3393030181,541635.4860575137 
 10/04  07:00:00,758348.3393030182,541635.4860575137 
 10/04  08:00:00,541635.4860575137,541635.4860575137 
 10/04  09:00:00,541635.4860575137,541635.4860575137 
 10/04  10:00:00,541635.4860575137,541635.4860575137 
 10/04  11:00:00,541635.4860575137,541635.4860575137 
 10/04  12:00:00,541635.4860575137,541635.4860575137 
 10/04  13:00:00,1624906.458172541,1624906.458172541 
 10/04  14:00:00,1624906.458172541,1624906.458172541 
 10/04  15:00:00,541635.4860575137,541635.4860575137 
 10/04  16:00:00,541635.4860575137,541635.4860575137 
 10/04  17:00:00,541635.4860575137,541635.4860575137 
 10/04  18:00:00,541635.4860575137,541635.4860575137 
 10/04  19:00:00,541635.4860575137,541635.4860575137 
 10/04  20:00:00,3538827.8990239934,3538827.8990239934 
 10/04  21:00:00,5352129.308868714,5352129.308868714 
 10/04  22:00:00,5352129.308868714,5352129.308868714 
 10/04  23:00:00,5352129.308868714,5352129.308868714 
 10/04  24:00:00,5352129.308868714,5352129.308868714 
 10/05  01:00:00,541635.4860575137,541635.4860575137 
 10/05  02:00:00,541635.4860575137,541635.4860575137 
 10/05  03:00:00,715005.7686539172,541635.4860575137 
 10/05  04:00:00,758348.3393030182,541635.4860575137 
 10/05  05:00:00,758348.3393030181,541635.4860575137 
 10/05  06:00:00,758348.3393030181,541635.4860575137 
 10/05  07:00:00,758348.3393030182,541635.4860575137 
 10/05  08:00:00,541635.4860575137,541635.4860575137 
 10/05  09:00:00,541635.4860575137,541635.4860575137 
 10/05  10:00:00,541635.4860575137,541635.4860575137 
 10/05  11:00:00,541635.4860575137,541635.4860575137 
 10/05  12:00:00,541635.4860575137,541635.4860575137 
 10/05  13:00:00,1624906.458172541,1624906.458172541 
 10/05  14:00:00,1624906.458172541,1624906.458172541 
 10/05  15:00:00,541635.4860575137,541635.4860575137 
 10/05  16:00:00,541635.4860575137,541635.4860575137 
 10/05  17:00:00,541635.4860575137,541635.4860575137 
 10/05  18:00:00,541635.4860575137,541635.4860575137 
 10/05  19:00:00,541635.4860575137,541635.4860575137 
 10/05  20:00:00,3538827.8990239934,3538827.8990239934 
 10/05  21:00:00,5352129.308868714,5352129.308868714 
 10/05  22:00:00,5352129.308868714,5352129.308868714 
 10/05  23:00:00,5352129.308868714,5352129.308868714 
 10/05  24:00:00,5352129.308868714,5352129.308868714 
 10/06  01:00:00,541635.4860575137,541635.4860575137 
 10/06  02:00:00,541635.4860575137,541635.4860575137 
 10/06  03:00:00,671663.1980048164,541635.4860575137 
 10/06  04:00:00,758348.3393030182,541635.4860575137 
 10/06  05:00:00,758348.3393030181,541635.4860575137 
 10/06  06:00:00,758348.3393030182,541635.4860575137 
 10/06  07:00:00,758348.3393030182,541635.4860575137 
 10/06  08:00:00,541635.4860575137,541635.4860575137 
 10/06  09:00:00,541635.4860575137,541635.4860575137 
 10/06  10:00:00,541635.4860575137,541635.4860575137 
 10/06  11:00:00,541635.4860575137,541635.4860575137 
 10/06  12:00:00,541635.4860575137,541635.4860575137 
 10/06  13:00:00,1624906.458172541,1624906.458172541 
 10/06  14:00:00,1624906.458172541,1624906.458172541 
 10/06  15:00:00,541635.4860575137,541635.4860575137 
 10/06  16:00:00,541635.4860575137,541635.4860575137 
 10/06  17:00:00,541635.4860575137,541635.4860575137 
 10/06  18:00:00,541635.4860575137,541635.4860575137 
 10/06  19:00:00,541635.4860575137,541635.4860575137 
 10/06  20:00:00,3538827.8990239934,3538827.8990239934 
 10/06  21:00:00,5352129.308868714,5352129.308868714 
 10/06  22:00:00,5352129.308868714,5352129.308868714 
 10/06  23:00:00,5352129.308868714,5352129.308868714 
 10/06  24:00:00,5352129.308868714,5352129.308868714 
 10/07  01:00:00,541635.4860575137,541635.4860575137 
 10/07  02:00:00,541635.4860575137,541635.4860575137 
 10/07  03:00:00,541635.4860575137,541635.4860575137 
 10/07  04:00:00,541635.4860575137,541635.4860575137 
 10/07  05:00:00,541635.4860575137,541635.4860575137 
 10/07  06:00:00,541635.4860575137,541635.4860575137 
 10/07  07:00:00,541635.4860575137,541635.4860575137 
 10/07  08:00:00,541635.4860575137,541635.4860575137 
 10/07  09:00:00,541635.4860575137,541635.4860575137 
 10/07  10:00:00,710189.9274706838,541635.4860575137 
 10/07  11:00:00,758348.3393030181,541635.4860575137 
 10/07  12:00:00,758348.3393030182,541635.4860575137 
 10/07  13:00:00,1841619.3114180455,1624906.458172541 
 10/07  14:00:00,1841619.3114180455,1624906.458172541 
 10/07  15:00:00,758348.3393030182,541635.4860575137 
 10/07  16:00:00,758348.3393030181,541635.4860575137 
 10/07  17:00:00,589793.8978898481,541635.4860575137 
 10/07  18:00:00,541635.4860575137,541635.4860575137 
 10/07  19:00:00,541635.4860575137,541635.4860575137 
 10/07  20:00:00,3538827.8990239934,3538827.8990239934 
 10/07  21:00:00,5352129.308868714,5352129.308868714 
 10/07  22:00:00,5352129.308868714,5352129.308868714 
 10/07  23:00:00,5352129.308868714,5352129.308868714 
 10/07  24:00:00,5352129.308868714,5352129.308868714 
 10/08  01:00:00,541635.4860575137,541635.4860575137 
 10/08  02:00:00,541635.4860575137,541635.4860575137 
 10/08  03:00:00,541635.4860575137,541635.4860575137 
 10/08  04:00:00,541635.4860575137,541635.4860575137 
 10/08  05:00:00,541635.4860575137,541635.4860575137 
 10/08  06:00:00,541635.4860575137,541635.4860575137 
 10/08  07:00:00,541635.4860575137,541635.4860575137 
 10/08  08:00:00,541635.4860575137,541635.4860575137 
 10/08  09:00:00,541635.4860575137,541635.4860575137 
 10/08  10:00:00,541635.4860575137,541635.4860575137 
 10/08  11:00:00,541635.4860575137,541635.4860575137 
 10/08  12:00:00,696430.381232874,541635.4860575137 
 10/08  13:00:00,1841619.3114180455,1624906.458172541 
 10/08  14:00:00,1841619.3114180455,1624906.458172541 
 10/08  15:00:00,758348.3393030182,541635.4860575137 
 10/08  16:00:00,758348.3393030182,541635.4860575137 
 10/08  17:00:00,758348.3393030182,541635.4860575137 
 10/08  18:00:00,758348.3393030181,541635.4860575137 
 10/08  19:00:00,558305.7055379371,541635.4860575137 
 10/08  20:00:00,3538827.8990239934,3538827.8990239934 
 10/08  21:00:00,5352129.308868714,5352129.308868714 
 10/08  22:00:00,5352129.308868714,5352129.308868714 
 10/08  23:00:00,5352129.308868714,5352129.308868714 
 10/08  24:00:00,5352129.308868714,5352129.308868714 
 10/09  01:00:00,541635.4860575137,541635.4860575137 
 10/09  02:00:00,686110.7215545167,541635.4860575137 
 10/09  03:00:00,758348.3393030181,541635.4860575137 
 10/09  04:00:00,758348.3393030182,541635.4860575137 
 10/09  05:00:00,758348.3393030181,541635.4860575137 
 10/09  06:00:00,758348.3393030181,541635.4860575137 
 10/09  07:00:00,758348.3393030182,541635.4860575137 
 10/09  08:00:00,541635.4860575137,541635.4860575137 
 10/09  09:00:00,541635.4860575137,541635.4860575137 
 10/09  10:00:00,541635.4860575137,541635.4860575137 
 10/09  11:00:00,541635.4860575137,541635.4860575137 
 10/09  12:00:00,541635.4860575137,541635.4860575137 
 10/09  13:00:00,1624906.458172541,1624906.458172541 
 10/09  14:00:00,1624906.458172541,1624906.458172541 
 10/09  15:00:00,541635.4860575137,541635.4860575137 
 10/09  16:00:00,541635.4860575137,541635.4860575137 
 10/09  17:00:00,541635.4860575137,541635.4860575137 
 10/09  18:00:00,541635.4860575137,541635.4860575137 
 10/09  19:00:00,541635.4860575137,541635.4860575137 
 10/09  20:00:00,3538827.8990239934,3538827.8990239934 
 10/09  21:00:00,5352129.308868714,5352129.308868714 
 10/09  22:00:00,5352129.308868714,5352129.308868714 
 10/09  23:00:00,5352129.308868714,5352129.308868714 
 10/09  24:00:00,5352129.308868714,5352129.308868714 
 10/10  01:00:00,541635.4860575137,541635.4860575137 
 10/10  02:00:00,686110.7215545167,541635.4860575137 
 10/10  03:00:00,758348.3393030181,541635.4860575137 
 10/10  04:00:00,758348.3393030181,541635.4860575137 
 10/10  05:00:00,758348.3393030181,541635.4860575137 
 10/10  06:00:00,758348.3393030182,541635.4860575137 
 10/10  07:00:00,758348.3393030182,541635.4860575137 
 10/10  08:00:00,541635.4860575137,541635.4860575137 
 10/10  09:00:00,541635.4860575137,541635.4860575137 
 10/10  10:00:00,541635.4860575137,541635.4860575137 
 10/10  11:00:00,541635.4860575137,541635.4860575137 
 10/10  12:00:00,541635.4860575137,541635.4860575137 
 10/10  13:00:00,1624906.458172541,1624906.458172541 
 10/10  14:00:00,1624906.458172541,1624906.458172541 
 10/10  15:00:00,541635.4860575137,541635.4860575137 
 10/10  16:00:00,541635.4860575137,541635.4860575137 
 10/10  17:00:00,541635.4860575137,541635.4860575137 
 10/10  18:00:00,541635.4860575137,541635.4860575137 
 10/10  19:00:00,541635.4860575137,541635.4860575137 
 10/10  20:00:00,3538827.8990239934,3538827.8990239934 
 10/10  21:00:00,5352129.308868714,5352129.308868714 
 10/10  22:00:00,5352129.308868714,5352129.308868714 
 10/10  23:00:00,5352129.308868714,5352129.308868714 
 10/10  24:00:00,5352129.308868714,5352129.308868714 
 10/11  01:00:00,541635.4860575137,541635.4860575137 
 10/11  02:00:00,715005.7686539172,541635.4860575137 
 10/11  03:00:00,758348.3393030181,541635.4860575137 
 10/11  04:00:00,758348.3393030181,541635.4860575137 
 10/11  05:00:00,758348.3393030181,541635.4860575137 
 10/11  06:00:00,758348.3393030182,541635.4860575137 
 10/11  07:00:00,758348.3393030182,541635.4860575137 
 10/11  08:00:00,541635.4860575137,541635.4860575137 
 10/11  09:00:00,541635.4860575137,541635.4860575137 
 10/11  10:00:00,541635.4860575137,541635.4860575137 
 10/11  11:00:00,541635.4860575137,541635.4860575137 
 10/11  12:00:00,541635.4860575137,541635.4860575137 
 10/11  13:00:00,1624906.458172541,1624906.458172541 
 10/11  14:00:00,1624906.458172541,1624906.458172541 
 10/11  15:00:00,541635.4860575137,541635.4860575137 
 10/11  16:00:00,541635.4860575137,541635.4860575137 
 10/11  17:00:00,541635.4860575137,541635.4860575137 
 10/11  18:00:00,541635.4860575137,541635.4860575137 
 10/11  19:00:00,541635.4860575137,541635.4860575137 
 10/11  20:00:00,3538827.8990239934,3538827.8990239934 
 10/11  21:00:00,5352129.308868714,5352129.308868714 
 10/11  22:00:00,5352129.308868714,5352129.308868714 
 10/11  23:00:00,5352129.308868714,5352129.308868714 
 10/11  24:00:00,5352129.308868714,5352129.308868714 
 10/12  01:00:00,696430.381232874,541635.4860575137 
 10/12  02:00:00,758348.3393030182,541635.4860575137 
 10/12  03:00:00,758348.3393030181,541635.4860575137 
 10/12  04:00:00,758348.3393030182,541635.4860575137 
 10/12  05:00:00,758348.3393030181,541635.4860575137 
 10/12  06:00:00,758348.3393030182,541635.4860575137 
 10/12  07:00:00,758348.3393030182,541635.4860575137 
 10/12  08:00:00,541635.4860575137,541635.4860575137 
 10/12  09:00:00,541635.4860575137,541635.4860575137 
 10/12  10:00:00,541635.4860575137,541635.4860575137 
 10/12  11:00:00,541635.4860575137,541635.4860575137 
 10/12  12:00:00,541635.4860575137,541635.4860575137 
 10/12  13:00:00,1624906.458172541,1624906.458172541 
 10/12  14:00:00,1624906.458172541,1624906.458172541 
 10/12  15:00:00,541635.4860575137,541635.4860575137 
 10/12  16:00:00,541635.4860575137,541635.4860575137 
 10/12  17:00:00,541635.4860575137,541635.4860575137 
 10/12  18:00:00,541635.4860575137,541635.4860575137 
 10/12  19:00:00,541635.4860575137,541635.4860575137 
 10/12  20:00:00,3538827.8990239934,3538827.8990239934 
 10/12  21:00:00,5352129.308868714,5352129.308868714 
 10/12  22:00:00,5352129.308868714,5352129.308868714 
 10/12  23:00:00,5352129.308868714,5352129.308868714 
 10/12  24:00:00,5352129.308868714,5352129.308868714 
 10/13  01:00:00,727389.360267946,541635.4860575137 
 10/13  02:00:00,758348.3393030181,541635.4860575137 
 10/13  03:00:00,758348.3393030182,541635.4860575137 
 10/13  04:00:00,758348.3393030181,541635.4860575137 
 10/13  05:00:00,758348.3393030181,541635.4860575137 
 10/13  06:00:00,758348.3393030182,541635.4860575137 
 10/13  07:00:00,758348.3393030182,541635.4860575137 
 10/13  08:00:00,541635.4860575137,541635.4860575137 
 10/13  09:00:00,541635.4860575137,541635.4860575137 
 10/13  10:00:00,541635.4860575137,541635.4860575137 
 10/13  11:00:00,541635.4860575137,541635.4860575137 
 10/13  12:00:00,541635.4860575137,541635.4860575137 
 10/13  13:00:00,1624906.458172541,1624906.458172541 
 10/13  14:00:00,1624906.458172541,1624906.458172541 
 10/13  15:00:00,541635.4860575137,541635.4860575137 
 10/13  16:00:00,541635.4860575137,541635.4860575137 
 10/13  17:00:00,541635.4860575137,541635.4860575137 
 10/13  18:00:00,541635.4860575137,541635.4860575137 
 10/13  19:00:00,541635.4860575137,541635.4860575137 
 10/13  20:00:00,3538827.8990239934,3538827.8990239934 
 10/13  21:00:00,5352129.308868714,5352129.308868714 
 10/13  22:00:00,5352129.308868714,5352129.308868714 
 10/13  23:00:00,5352129.308868714,5352129.308868714 
 10/13  24:00:00,5352129.308868714,5352129.308868714 
 10/14  01:00:00,541635.4860575137,541635.4860575137 
 10/14  02:00:00,541635.4860575137,541635.4860575137 
 10/14  03:00:00,541635.4860575137,541635.4860575137 
 10/14  04:00:00,541635.4860575137,541635.4860575137 
 10/14  05:00:00,541635.4860575137,541635.4860575137 
 10/14  06:00:00,541635.4860575137,541635.4860575137 
 10/14  07:00:00,541635.4860575137,541635.4860575137 
 10/14  08:00:00,541635.4860575137,541635.4860575137 
 10/14  09:00:00,541635.4860575137,541635.4860575137 
 10/14  10:00:00,541635.4860575137,541635.4860575137 
 10/14  11:00:00,545178.9662445954,541635.4860575137 
 10/14  12:00:00,715411.8354541685,541635.4860575137 
 10/14  13:00:00,1841619.3114180455,1624906.458172541 
 10/14  14:00:00,1841619.3114180455,1624906.458172541 
 10/14  15:00:00,758348.3393030182,541635.4860575137 
 10/14  16:00:00,758348.3393030182,541635.4860575137 
 10/14  17:00:00,758348.3393030181,541635.4860575137 
 10/14  18:00:00,568920.5253798795,541635.4860575137 
 10/14  19:00:00,541635.4860575137,541635.4860575137 
 10/14  20:00:00,3538827.8990239934,3538827.8990239934 
 10/14  21:00:00,5352129.308868714,5352129.308868714 
 10/14  22:00:00,5352129.308868714,5352129.308868714 
 10/14  23:00:00,5352129.308868714,5352129.308868714 
 10/14  24:00:00,5352129.308868714,5352129.308868714 
 10/15  01:00:00,541635.4860575137,541635.4860575137 
 10/15  02:00:00,541635.4860575137,541635.4860575137 
 10/15  03:00:00,541635.4860575137,541635.4860575137 
 10/15  04:00:00,541635.4860575137,541635.4860575137 
 10/15  05:00:00,541635.4860575137,541635.4860575137 
 10/15  06:00:00,541635.4860575137,541635.4860575137 
 10/15  07:00:00,541635.4860575137,541635.4860575137 
 10/15  08:00:00,541635.4860575137,541635.4860575137 
 10/15  09:00:00,541635.4860575137,541635.4860575137 
 10/15  10:00:00,541635.4860575137,541635.4860575137 
 10/15  11:00:00,541635.4860575137,541635.4860575137 
 10/15  12:00:00,541635.4860575137,541635.4860575137 
 10/15  13:00:00,1624906.458172541,1624906.458172541 
 10/15  14:00:00,1624906.458172541,1624906.458172541 
 10/15  15:00:00,541635.4860575137,541635.4860575137 
 10/15  16:00:00,541635.4860575137,541635.4860575137 
 10/15  17:00:00,541635.4860575137,541635.4860575137 
 10/15  18:00:00,541635.4860575137,541635.4860575137 
 10/15  19:00:00,541635.4860575137,541635.4860575137 
 10/15  20:00:00,3538827.8990239934,3538827.8990239934 
 10/15  21:00:00,5352129.308868714,5352129.308868714 
 10/15  22:00:00,5352129.308868714,5352129.308868714 
 10/15  23:00:00,5352129.308868714,5352129.308868714 
 10/15  24:00:00,5352129.308868714,5352129.308868714 
 10/16  01:00:00,758348.3393030182,541635.4860575137 
 10/16  02:00:00,758348.3393030182,541635.4860575137 
 10/16  03:00:00,758348.3393030181,541635.4860575137 
 10/16  04:00:00,758348.3393030181,541635.4860575137 
 10/16  05:00:00,758348.3393030182,541635.4860575137 
 10/16  06:00:00,758348.3393030182,541635.4860575137 
 10/16  07:00:00,758348.3393030182,541635.4860575137 
 10/16  08:00:00,541635.4860575137,541635.4860575137 
 10/16  09:00:00,541635.4860575137,541635.4860575137 
 10/16  10:00:00,541635.4860575137,541635.4860575137 
 10/16  11:00:00,541635.4860575137,541635.4860575137 
 10/16  12:00:00,541635.4860575137,541635.4860575137 
 10/16  13:00:00,1624906.458172541,1624906.458172541 
 10/16  14:00:00,1624906.458172541,1624906.458172541 
 10/16  15:00:00,541635.4860575137,541635.4860575137 
 10/16  16:00:00,541635.4860575137,541635.4860575137 
 10/16  17:00:00,541635.4860575137,541635.4860575137 
 10/16  18:00:00,541635.4860575137,541635.4860575137 
 10/16  19:00:00,541635.4860575137,541635.4860575137 
 10/16  20:00:00,3755540.7522694976,3538827.8990239934 
 10/16  21:00:00,5568842.162114218,5352129.308868714 
 10/16  22:00:00,5568842.162114218,5352129.308868714 
 10/16  23:00:00,5568842.162114218,5352129.308868714 
 10/16  24:00:00,5568842.162114218,5352129.308868714 
 10/17  01:00:00,758348.3393030181,541635.4860575137 
 10/17  02:00:00,758348.3393030181,541635.4860575137 
 10/17  03:00:00,758348.3393030182,541635.4860575137 
 10/17  04:00:00,758348.3393030181,541635.4860575137 
 10/17  05:00:00,758348.3393030182,541635.4860575137 
 10/17  06:00:00,758348.3393030182,541635.4860575137 
 10/17  07:00:00,758348.3393030182,541635.4860575137 
 10/17  08:00:00,541635.4860575137,541635.4860575137 
 10/17  09:00:00,541635.4860575137,541635.4860575137 
 10/17  10:00:00,541635.4860575137,541635.4860575137 
 10/17  11:00:00,541635.4860575137,541635.4860575137 
 10/17  12:00:00,541635.4860575137,541635.4860575137 
 10/17  13:00:00,1624906.458172541,1624906.458172541 
 10/17  14:00:00,1624906.458172541,1624906.458172541 
 10/17  15:00:00,541635.4860575137,541635.4860575137 
 10/17  16:00:00,541635.4860575137,541635.4860575137 
 10/17  17:00:00,541635.4860575137,541635.4860575137 
 10/17  18:00:00,541635.4860575137,541635.4860575137 
 10/17  19:00:00,541635.4860575137,541635.4860575137 
 10/17  20:00:00,3755540.7522694976,3538827.8990239934 
 10/17  21:00:00,5568842.162114218,5352129.308868714 
 10/17  22:00:00,5568842.162114218,5352129.308868714 
 10/17  23:00:00,5568842.162114218,5352129.308868714 
 10/17  24:00:00,5568842.162114218,5352129.308868714 
 10/18  01:00:00,758348.3393030182,541635.4860575137 
 10/18  02:00:00,758348.3393030182,541635.4860575137 
 10/18  03:00:00,758348.3393030181,541635.4860575137 
 10/18  04:00:00,758348.3393030182,541635.4860575137 
 10/18  05:00:00,758348.3393030182,541635.4860575137 
 10/18  06:00:00,758348.3393030182,541635.4860575137 
 10/18  07:00:00,758348.3393030182,541635.4860575137 
 10/18  08:00:00,541635.4860575137,541635.4860575137 
 10/18  09:00:00,541635.4860575137,541635.4860575137 
 10/18  10:00:00,541635.4860575137,541635.4860575137 
 10/18  11:00:00,541635.4860575137,541635.4860575137 
 10/18  12:00:00,541635.4860575137,541635.4860575137 
 10/18  13:00:00,1624906.458172541,1624906.458172541 
 10/18  14:00:00,1624906.458172541,1624906.458172541 
 10/18  15:00:00,541635.4860575137,541635.4860575137 
 10/18  16:00:00,541635.4860575137,541635.4860575137 
 10/18  17:00:00,541635.4860575137,541635.4860575137 
 10/18  18:00:00,541635.4860575137,541635.4860575137 
 10/18  19:00:00,541635.4860575137,541635.4860575137 
 10/18  20:00:00,3538827.8990239934,3538827.8990239934 
 10/18  21:00:00,5352129.308868714,5352129.308868714 
 10/18  22:00:00,5352129.308868714,5352129.308868714 
 10/18  23:00:00,5352129.308868714,5352129.308868714 
 10/18  24:00:00,5352129.308868714,5352129.308868714 
 10/19  01:00:00,758348.3393030181,541635.4860575137 
 10/19  02:00:00,758348.3393030181,541635.4860575137 
 10/19  03:00:00,758348.3393030182,541635.4860575137 
 10/19  04:00:00,758348.3393030181,541635.4860575137 
 10/19  05:00:00,758348.3393030182,541635.4860575137 
 10/19  06:00:00,758348.3393030182,541635.4860575137 
 10/19  07:00:00,758348.3393030182,541635.4860575137 
 10/19  08:00:00,541635.4860575137,541635.4860575137 
 10/19  09:00:00,541635.4860575137,541635.4860575137 
 10/19  10:00:00,541635.4860575137,541635.4860575137 
 10/19  11:00:00,541635.4860575137,541635.4860575137 
 10/19  12:00:00,541635.4860575137,541635.4860575137 
 10/19  13:00:00,1624906.458172541,1624906.458172541 
 10/19  14:00:00,1624906.458172541,1624906.458172541 
 10/19  15:00:00,541635.4860575137,541635.4860575137 
 10/19  16:00:00,541635.4860575137,541635.4860575137 
 10/19  17:00:00,541635.4860575137,541635.4860575137 
 10/19  18:00:00,541635.4860575137,541635.4860575137 
 10/19  19:00:00,541635.4860575137,541635.4860575137 
 10/19  20:00:00,3538827.8990239934,3538827.8990239934 
 10/19  21:00:00,5352129.308868714,5352129.308868714 
 10/19  22:00:00,5352129.308868714,5352129.308868714 
 10/19  23:00:00,5352129.308868714,5352129.308868714 
 10/19  24:00:00,5352129.308868714,5352129.308868714 
 10/20  01:00:00,722229.5304287674,541635.4860575137 
 10/20  02:00:00,758348.3393030182,541635.4860575137 
 10/20  03:00:00,758348.3393030182,541635.4860575137 
 10/20  04:00:00,758348.3393030182,541635.4860575137 
 10/20  05:00:00,758348.3393030181,541635.4860575137 
 10/20  06:00:00,758348.3393030182,541635.4860575137 
 10/20  07:00:00,758348.3393030182,541635.4860575137 
 10/20  08:00:00,541635.4860575137,541635.4860575137 
 10/20  09:00:00,541635.4860575137,541635.4860575137 
 10/20  10:00:00,541635.4860575137,541635.4860575137 
 10/20  11:00:00,541635.4860575137,541635.4860575137 
 10/20  12:00:00,541635.4860575137,541635.4860575137 
 10/20  13:00:00,1624906.458172541,1624906.458172541 
 10/20  14:00:00,1624906.458172541,1624906.458172541 
 10/20  15:00:00,541635.4860575137,541635.4860575137 
 10/20  16:00:00,541635.4860575137,541635.4860575137 
 10/20  17:00:00,541635.4860575137,541635.4860575137 
 10/20  18:00:00,541635.4860575137,541635.4860575137 
 10/20  19:00:00,541635.4860575137,541635.4860575137 
 10/20  20:00:00,3538827.8990239934,3538827.8990239934 
 10/20  21:00:00,5352129.308868714,5352129.308868714 
 10/20  22:00:00,5568842.162114218,5352129.308868714 
 10/20  23:00:00,5460485.735491466,5352129.308868714 
 10/20  24:00:00,5352129.308868714,5352129.308868714 
 10/21  01:00:00,541635.4860575137,541635.4860575137 
 10/21  02:00:00,541635.4860575137,541635.4860575137 
 10/21  03:00:00,541635.4860575137,541635.4860575137 
 10/21  04:00:00,541635.4860575137,541635.4860575137 
 10/21  05:00:00,541635.4860575137,541635.4860575137 
 10/21  06:00:00,541635.4860575137,541635.4860575137 
 10/21  07:00:00,541635.4860575137,541635.4860575137 
 10/21  08:00:00,541635.4860575137,541635.4860575137 
 10/21  09:00:00,541635.4860575137,541635.4860575137 
 10/21  10:00:00,541635.4860575137,541635.4860575137 
 10/21  11:00:00,541635.4860575137,541635.4860575137 
 10/21  12:00:00,628128.2179735932,541635.4860575137 
 10/21  13:00:00,1841619.3114180455,1624906.458172541 
 10/21  14:00:00,1841619.3114180455,1624906.458172541 
 10/21  15:00:00,758348.3393030182,541635.4860575137 
 10/21  16:00:00,758212.6281445592,541635.4860575137 
 10/21  17:00:00,541635.4860575137,541635.4860575137 
 10/21  18:00:00,541635.4860575137,541635.4860575137 
 10/21  19:00:00,541635.4860575137,541635.4860575137 
 10/21  20:00:00,3538827.8990239934,3538827.8990239934 
 10/21  21:00:00,5352129.308868714,5352129.308868714 
 10/21  22:00:00,5352129.308868714,5352129.308868714 
 10/21  23:00:00,5352129.308868714,5352129.308868714 
 10/21  24:00:00,5352129.308868714,5352129.308868714 
 10/22  01:00:00,541635.4860575137,541635.4860575137 
 10/22  02:00:00,541635.4860575137,541635.4860575137 
 10/22  03:00:00,541635.4860575137,541635.4860575137 
 10/22  04:00:00,541635.4860575137,541635.4860575137 
 10/22  05:00:00,541635.4860575137,541635.4860575137 
 10/22  06:00:00,541635.4860575137,541635.4860575137 
 10/22  07:00:00,541635.4860575137,541635.4860575137 
 10/22  08:00:00,541635.4860575137,541635.4860575137 
 10/22  09:00:00,541635.4860575137,541635.4860575137 
 10/22  10:00:00,541635.4860575137,541635.4860575137 
 10/22  11:00:00,541635.4860575137,541635.4860575137 
 10/22  12:00:00,541635.4860575137,541635.4860575137 
 10/22  13:00:00,1624906.458172541,1624906.458172541 
 10/22  14:00:00,1624906.458172541,1624906.458172541 
 10/22  15:00:00,731259.23264733,541635.4860575137 
 10/22  16:00:00,758348.3393030182,541635.4860575137 
 10/22  17:00:00,541635.4860575137,541635.4860575137 
 10/22  18:00:00,541635.4860575137,541635.4860575137 
 10/22  19:00:00,541635.4860575137,541635.4860575137 
 10/22  20:00:00,3538827.8990239934,3538827.8990239934 
 10/22  21:00:00,5352129.308868714,5352129.308868714 
 10/22  22:00:00,5352129.308868714,5352129.308868714 
 10/22  23:00:00,5352129.308868714,5352129.308868714 
 10/22  24:00:00,5352129.308868714,5352129.308868714 
 10/23  01:00:00,696430.381232874,541635.4860575137 
 10/23  02:00:00,758348.3393030181,541635.4860575137 
 10/23  03:00:00,758348.3393030182,541635.4860575137 
 10/23  04:00:00,758348.3393030181,541635.4860575137 
 10/23  05:00:00,758348.3393030182,541635.4860575137 
 10/23  06:00:00,758348.3393030182,541635.4860575137 
 10/23  07:00:00,758348.3393030182,541635.4860575137 
 10/23  08:00:00,541635.4860575137,541635.4860575137 
 10/23  09:00:00,541635.4860575137,541635.4860575137 
 10/23  10:00:00,541635.4860575137,541635.4860575137 
 10/23  11:00:00,541635.4860575137,541635.4860575137 
 10/23  12:00:00,541635.4860575137,541635.4860575137 
 10/23  13:00:00,1624906.458172541,1624906.458172541 
 10/23  14:00:00,1624906.458172541,1624906.458172541 
 10/23  15:00:00,541635.4860575137,541635.4860575137 
 10/23  16:00:00,541635.4860575137,541635.4860575137 
 10/23  17:00:00,541635.4860575137,541635.4860575137 
 10/23  18:00:00,541635.4860575137,541635.4860575137 
 10/23  19:00:00,541635.4860575137,541635.4860575137 
 10/23  20:00:00,3538827.8990239934,3538827.8990239934 
 10/23  21:00:00,5352129.308868714,5352129.308868714 
 10/23  22:00:00,5352129.308868714,5352129.308868714 
 10/23  23:00:00,5352129.308868714,5352129.308868714 
 10/23  24:00:00,5352129.308868714,5352129.308868714 
 10/24  01:00:00,541635.4860575137,541635.4860575137 
 10/24  02:00:00,649991.912680266,541635.4860575137 
 10/24  03:00:00,758348.3393030181,541635.4860575137 
 10/24  04:00:00,758348.3393030182,541635.4860575137 
 10/24  05:00:00,758348.3393030181,541635.4860575137 
 10/24  06:00:00,758348.3393030182,541635.4860575137 
 10/24  07:00:00,758348.3393030182,541635.4860575137 
 10/24  08:00:00,541635.4860575137,541635.4860575137 
 10/24  09:00:00,541635.4860575137,541635.4860575137 
 10/24  10:00:00,541635.4860575137,541635.4860575137 
 10/24  11:00:00,541635.4860575137,541635.4860575137 
 10/24  12:00:00,541635.4860575137,541635.4860575137 
 10/24  13:00:00,1624906.458172541,1624906.458172541 
 10/24  14:00:00,1624906.458172541,1624906.458172541 
 10/24  15:00:00,541635.4860575137,541635.4860575137 
 10/24  16:00:00,541635.4860575137,541635.4860575137 
 10/24  17:00:00,541635.4860575137,541635.4860575137 
 10/24  18:00:00,541635.4860575137,541635.4860575137 
 10/24  19:00:00,541635.4860575137,541635.4860575137 
 10/24  20:00:00,3538827.8990239934,3538827.8990239934 
 10/24  21:00:00,5352129.308868714,5352129.308868714 
 10/24  22:00:00,5352129.308868714,5352129.308868714 
 10/24  23:00:00,5352129.308868714,5352129.308868714 
 10/24  24:00:00,5352129.308868714,5352129.308868714 
 10/25  01:00:00,541635.4860575137,541635.4860575137 
 10/25  02:00:00,722229.5304287674,541635.4860575137 
 10/25  03:00:00,758348.3393030181,541635.4860575137 
 10/25  04:00:00,758348.3393030182,541635.4860575137 
 10/25  05:00:00,758348.3393030181,541635.4860575137 
 10/25  06:00:00,758348.3393030182,541635.4860575137 
 10/25  07:00:00,758348.3393030182,541635.4860575137 
 10/25  08:00:00,541635.4860575137,541635.4860575137 
 10/25  09:00:00,541635.4860575137,541635.4860575137 
 10/25  10:00:00,541635.4860575137,541635.4860575137 
 10/25  11:00:00,541635.4860575137,541635.4860575137 
 10/25  12:00:00,541635.4860575137,541635.4860575137 
 10/25  13:00:00,1624906.458172541,1624906.458172541 
 10/25  14:00:00,1624906.458172541,1624906.458172541 
 10/25  15:00:00,541635.4860575137,541635.4860575137 
 10/25  16:00:00,541635.4860575137,541635.4860575137 
 10/25  17:00:00,541635.4860575137,541635.4860575137 
 10/25  18:00:00,541635.4860575137,541635.4860575137 
 10/25  19:00:00,541635.4860575137,541635.4860575137 
 10/25  20:00:00,3538827.8990239934,3538827.8990239934 
 10/25  21:00:00,5352129.308868714,5352129.308868714 
 10/25  22:00:00,5352129.308868714,5352129.308868714 
 10/25  23:00:00,5352129.308868714,5352129.308868714 
 10/25  24:00:00,5352129.308868714,5352129.308868714 
 10/26  01:00:00,758348.3393030182,541635.4860575137 
 10/26  02:00:00,758348.3393030182,541635.4860575137 
 10/26  03:00:00,758348.3393030182,541635.4860575137 
 10/26  04:00:00,758348.3393030181,541635.4860575137 
 10/26  05:00:00,758348.3393030181,541635.4860575137 
 10/26  06:00:00,758348.3393030182,541635.4860575137 
 10/26  07:00:00,758348.3393030182,541635.4860575137 
 10/26  08:00:00,541635.4860575137,541635.4860575137 
 10/26  09:00:00,541635.4860575137,541635.4860575137 
 10/26  10:00:00,541635.4860575137,541635.4860575137 
 10/26  11:00:00,541635.4860575137,541635.4860575137 
 10/26  12:00:00,541635.4860575137,541635.4860575137 
 10/26  13:00:00,1624906.458172541,1624906.458172541 
 10/26  14:00:00,1624906.458172541,1624906.458172541 
 10/26  15:00:00,541635.4860575137,541635.4860575137 
 10/26  16:00:00,541635.4860575137,541635.4860575137 
 10/26  17:00:00,541635.4860575137,541635.4860575137 
 10/26  18:00:00,541635.4860575137,541635.4860575137 
 10/26  19:00:00,541635.4860575137,541635.4860575137 
 10/26  20:00:00,3755540.7522694976,3538827.8990239934 
 10/26  21:00:00,5568842.162114218,5352129.308868714 
 10/26  22:00:00,5568842.162114218,5352129.308868714 
 10/26  23:00:00,5568842.162114218,5352129.308868714 
 10/26  24:00:00,5568842.162114218,5352129.308868714 
 10/27  01:00:00,758348.3393030181,541635.4860575137 
 10/27  02:00:00,758348.3393030181,541635.4860575137 
 10/27  03:00:00,758348.3393030181,541635.4860575137 
 10/27  04:00:00,758348.3393030181,541635.4860575137 
 10/27  05:00:00,758348.3393030182,541635.4860575137 
 10/27  06:00:00,758348.3393030182,541635.4860575137 
 10/27  07:00:00,758348.3393030182,541635.4860575137 
 10/27  08:00:00,541635.4860575137,541635.4860575137 
 10/27  09:00:00,541635.4860575137,541635.4860575137 
 10/27  10:00:00,541635.4860575137,541635.4860575137 
 10/27  11:00:00,541635.4860575137,541635.4860575137 
 10/27  12:00:00,541635.4860575137,541635.4860575137 
 10/27  13:00:00,1624906.458172541,1624906.458172541 
 10/27  14:00:00,1624906.458172541,1624906.458172541 
 10/27  15:00:00,541635.4860575137,541635.4860575137 
 10/27  16:00:00,541635.4860575137,541635.4860575137 
 10/27  17:00:00,541635.4860575137,541635.4860575137 
 10/27  18:00:00,541635.4860575137,541635.4860575137 
 10/27  19:00:00,541635.4860575137,541635.4860575137 
 10/27  20:00:00,3755540.7522694976,3538827.8990239934 
 10/27  21:00:00,5568842.162114218,5352129.308868714 
 10/27  22:00:00,5568842.162114218,5352129.308868714 
 10/27  23:00:00,5568842.162114218,5352129.308868714 
 10/27  24:00:00,5568842.162114218,5352129.308868714 
 10/28  01:00:00,541635.4860575137,541635.4860575137 
 10/28  02:00:00,541635.4860575137,541635.4860575137 
 10/28  03:00:00,541635.4860575137,541635.4860575137 
 10/28  04:00:00,541635.4860575137,541635.4860575137 
 10/28  05:00:00,541635.4860575137,541635.4860575137 
 10/28  06:00:00,541635.4860575137,541635.4860575137 
 10/28  07:00:00,541635.4860575137,541635.4860575137 
 10/28  08:00:00,541635.4860575137,541635.4860575137 
 10/28  09:00:00,541635.4860575137,541635.4860575137 
 10/28  10:00:00,541635.4860575137,541635.4860575137 
 10/28  11:00:00,541635.4860575137,541635.4860575137 
 10/28  12:00:00,541635.4860575137,541635.4860575137 
 10/28  13:00:00,1624906.458172541,1624906.458172541 
 10/28  14:00:00,1624906.458172541,1624906.458172541 
 10/28  15:00:00,541635.4860575137,541635.4860575137 
 10/28  16:00:00,541635.4860575137,541635.4860575137 
 10/28  17:00:00,541635.4860575137,541635.4860575137 
 10/28  18:00:00,541635.4860575137,541635.4860575137 
 10/28  19:00:00,541635.4860575137,541635.4860575137 
 10/28  20:00:00,3538827.8990239934,3538827.8990239934 
 10/28  21:00:00,5352129.308868714,5352129.308868714 
 10/28  22:00:00,5352129.308868714,5352129.308868714 
 10/28  23:00:00,5352129.308868714,5352129.308868714 
 10/28  24:00:00,5352129.308868714,5352129.308868714 
 10/29  01:00:00,541635.4860575137,541635.4860575137 
 10/29  02:00:00,541635.4860575137,541635.4860575137 
 10/29  03:00:00,541635.4860575137,541635.4860575137 
 10/29  04:00:00,541635.4860575137,541635.4860575137 
 10/29  05:00:00,541635.4860575137,541635.4860575137 
 10/29  06:00:00,541635.4860575137,541635.4860575137 
 10/29  07:00:00,541635.4860575137,541635.4860575137 
 10/29  08:00:00,541635.4860575137,541635.4860575137 
 10/29  09:00:00,541635.4860575137,541635.4860575137 
 10/29  10:00:00,541635.4860575137,541635.4860575137 
 10/29  11:00:00,541635.4860575137,541635.4860575137 
 10/29  12:00:00,663202.5279004668,541635.4860575137 
 10/29  13:00:00,1841619.3114180455,1624906.458172541 
 10/29  14:00:00,1841619.3114180455,1624906.458172541 
 10/29  15:00:00,758348.3393030181,541635.4860575137 
 10/29  16:00:00,758348.3393030182,541635.4860575137 
 10/29  17:00:00,643036.612269598,541635.4860575137 
 10/29  18:00:00,541635.4860575137,541635.4860575137 
 10/29  19:00:00,541635.4860575137,541635.4860575137 
 10/29  20:00:00,3538827.8990239934,3538827.8990239934 
 10/29  21:00:00,5352129.308868714,5352129.308868714 
 10/29  22:00:00,5352129.308868714,5352129.308868714 
 10/29  23:00:00,5352129.308868714,5352129.308868714 
 10/29  24:00:00,5352129.308868714,5352129.308868714 
 10/30  01:00:00,541635.4860575137,541635.4860575137 
 10/30  02:00:00,715005.7686539172,541635.4860575137 
 10/30  03:00:00,758348.3393030181,541635.4860575137 
 10/30  04:00:00,758348.3393030181,541635.4860575137 
 10/30  05:00:00,758348.3393030181,541635.4860575137 
 10/30  06:00:00,758348.3393030182,541635.4860575137 
 10/30  07:00:00,758348.3393030182,541635.4860575137 
 10/30  08:00:00,541635.4860575137,541635.4860575137 
 10/30  09:00:00,541635.4860575137,541635.4860575137 
 10/30  10:00:00,541635.4860575137,541635.4860575137 
 10/30  11:00:00,541635.4860575137,541635.4860575137 
 10/30  12:00:00,541635.4860575137,541635.4860575137 
 10/30  13:00:00,1624906.458172541,1624906.458172541 
 10/30  14:00:00,1624906.458172541,1624906.458172541 
 10/30  15:00:00,541635.4860575137,541635.4860575137 
 10/30  16:00:00,541635.4860575137,541635.4860575137 
 10/30  17:00:00,541635.4860575137,541635.4860575137 
 10/30  18:00:00,541635.4860575137,541635.4860575137 
 10/30  19:00:00,541635.4860575137,541635.4860575137 
 10/30  20:00:00,3538827.8990239934,3538827.8990239934 
 10/30  21:00:00,5352129.308868714,5352129.308868714 
 10/30  22:00:00,5352129.308868714,5352129.308868714 
 10/30  23:00:00,5352129.308868714,5352129.308868714 
 10/30  24:00:00,5352129.308868714,5352129.308868714 
 10/31  01:00:00,696430.381232874,541635.4860575137 
 10/31  02:00:00,758348.3393030182,541635.4860575137 
 10/31  03:00:00,758348.3393030181,541635.4860575137 
 10/31  04:00:00,758348.3393030182,541635.4860575137 
 10/31  05:00:00,758348.3393030181,541635.4860575137 
 10/31  06:00:00,758348.3393030181,541635.4860575137 
 10/31  07:00:00,758348.3393030182,541635.4860575137 
 10/31  08:00:00,541635.4860575137,541635.4860575137 
 10/31  09:00:00,541635.4860575137,541635.4860575137 
 10/31  10:00:00,541635.4860575137,541635.4860575137 
 10/31  11:00:00,541635.4860575137,541635.4860575137 
 10/31  12:00:00,541635.4860575137,541635.4860575137 
 10/31  13:00:00,1624906.458172541,1624906.458172541 
 10/31  14:00:00,1624906.458172541,1624906.458172541 
 10/31  15:00:00,541635.4860575137,541635.4860575137 
 10/31  16:00:00,541635.4860575137,541635.4860575137 
 10/31  17:00:00,541635.4860575137,541635.4860575137 
 10/31  18:00:00,541635.4860575137,541635.4860575137 
 10/31  19:00:00,541635.4860575137,541635.4860575137 
 10/31  20:00:00,3538827.8990239934,3538827.8990239934 
 10/31  21:00:00,5352129.308868714,5352129.308868714 
 10/31  22:00:00,5514663.948802842,5352129.308868714 
 10/31  23:00:00,5352129.308868714,5352129.308868714 
 10/31  24:00:00,5352129.308868714,5352129.308868714 
